SampleID,DIL1,DIL2,DIL3,DIL4,DIL5,OA1,OA2,OA3,OA4,OA5
_-_-Jolkinol A,3421700.898,24220.18041,149988.391,0,0,3577057.549,20638.11572,150272.5924,0,0
_-_-N6-_2-Phenylisopropyl_adenosine,0,0,0,0,0,0,197.2054262,0,0,0
_-Myristinin A,6490.068895,0,0,0,0,10073.67072,0,0,0,0
_2-_2-Oxo-2-_3-_trifluoromethyl_phenyl_amino_ethoxy_phenyl_phosphonic acid,0,146.297522,0,0,0,332.9412263,0,0,160.1638361,0
"_23S_-23,25-dihdroxy-24-oxovitamine D3 23-_beta-glucuronide_",0,0,0,0,0,0,0,0,0,0
"_3.beta.,8.xi.,9.xi.,14.xi.,17Z_-3-_2-O-_6-Deoxy-.alpha.-L-mannopyranosyl_-.beta.-D-glucopyranosyl_oxy_-16,22-dioxocholesta-5,17-dien-27-yl .beta.-D-glucopyranoside",0,0,0,0,0,225.4514546,0,0,0,0
"_9.Xi.,17.alpha.,22S_-14,17,20-Trihydroxy-1,26-dioxo-22,26-epoxyergosta-5,24-dien-3-yl 4-O-.beta.-D-glucopyranosyl-.beta.-D-glucopyranoside",0,0,0,0,0,0,0,0,0,0
"1-_1-2R-Phosphothiotidyl_inositol-3,4-bisphosphate",0,0,0,0,4943.059657,0,0,149.6856087,2400.866508,0
"1-O-_3.beta.,5.Xi.,9.Xi.,18.Xi._-3-_Hexopyranosyl-_1-_3_hexopyranosyl-_1-_4_-6-deoxyhexopyranosyl_oxy_-28-oxoolean-12-en-28-yl_-4-O-pentopyranosylhexopyranose",8209.445779,267.5955234,0,0,0,1608.75789,1731.642791,0,0,0
"1-Piperazinecarboxylic acid, 4-_3-phenoxyphenyl_methyl_-, 2,2,2-trifluoro-1-_trifluoromethyl_ethyl ester",0,0,0,0,7747.742796,0,0,0,8662.247962,0
"1,3,11,16,20,26-Hexahydroxy-22-oxo-23,25-cyclocholest-5-en-27-yl hexopyranoside",0,0,0,0,0,835.4832442,0,0,0,0
11-Hydroxyprogesterone 11-glucuronide,1325.404245,96.90972491,0,0,0,1737.613898,0,158.4307011,0,0
"15-Deoxy-.DELTA.12,14-prostaglandin J2 biotinamide",236.7537507,0,0,0,0,0,0,0,0,0
"16,23-epoxy-5beta-cholestane triglycoside",643.8444932,0,0,0,0,1375.929932,0,0,0,0
"2-_3-Bromophenyl_-3-_5-chloro-2-hydroxyphenyl_-1,3-thiazolan-4-one",21865.85528,94187.66407,102161.9589,22432.90802,60515.22821,24657.58314,100605.5487,137902.4282,41125.36498,16528.24241
2-_5-_2-_2-_5-_2-_2-_5-_2-_2-_5-_2-Hydroxybutyl_tetrahydrofuran-2-yl_propanoyl_oxy_propyl_tetrahydrofuran-2-yl_propanoyl_oxy_propyl_tetrahydrofuran-2-yl_propanoyl_oxy_propyl_tetrahydrofuran-2-yl_propanoic acid,0,0,0,0,0,0,0,0,0,0
2-_Benzoylamino_-5-iodobenzoic acid,81466.16707,233308.5844,235942.3218,15863.72594,161840.1553,78247.39715,221703.3979,237008.3931,118798.6482,11589.41647
2-_Benzoylamino_-5-iodobenzoic acid,0,30086.48288,2349.06836,0,2171.751346,0,9814.698146,8018.970419,0,0
2-_Benzoylamino_-5-iodobenzoic acid,0,0,0,0,171.9367621,0,0,0,0,0
2-docosyl-3-hydroxy-38-carboxy-tetratriacontanoic acid,0,0,483.8531901,0,0,0,0,168.5297048,0,0
2-docosyl-3-hydroxy-38-carboxy-tetratriacontanoic acid,0,368.0988664,0,0,0,0,192.5334546,0,0,0
20-hydroxyecdysone 22-phosphate,463.6160986,0,0,0,0,248.1488487,0,0,0,0
"26,26,26-trifluoro-25-hydroxy-27-norvitamin D3",0,0,322.8810222,0,0,6271.782022,0,0,0,0
27-O-demethylrifabutin,946.8725115,0,0,0,0,0,0,0,0,0
27-O-demethylrifabutin,321.0003458,0,0,0,0,0,0,0,0,0
3-O-_2-O-_2E-decenoyl_-alpha-L-rhamnopyranosyl-_1-2_-alpha-L-rhamnopyranosyl_-3-hydroxydecanoic acid,0,129.4792585,131.797621,0,0,0,271.1580871,0,0,0
"3,3_,5,5_-Tetrahydroxy-6,7-methyleneoxy-4_-methoxyflavone 3-glucuronide",0,59.17300134,0,0,0,0,0,0,0,0
"3,3_,5,5_-Tetrahydroxy-6,7-methyleneoxy-4_-methoxyflavone 3-glucuronide",0,46.85863209,0,0,0,0,0,0,0,0
"3,4_,5,6-Tetrahydroxy-3_,7-dimethoxyflavone 3-glucuronide",0,0,0,0,0,0,0,0,0,133.5190469
"3,4-Difluoro-2-_2-fluoro-4-iodoanilino_benzoic acid",0,0,0,0,0,0,0,0,0,0
31-Hydroxy rifabutin,0,0,0,108.3083789,0,0,0,101.9948205,0,0
"4-_4-Cyano-2-fluorophenyl_-2-morpholino-5-_1H-1,2,4-triazol-5-yl_thiophene-3-carbonitrile",0,0,85.57908799,0,0,0,0,0,0,0
"4-_5-Amino-1-_2,6-difluorobenzoyl_-1,2,4-triazol-3-yl_amino_benzenesulfonamide",0,0,0,477.3215088,0,122.6440044,0,281.1935881,0,232.1158281
"4,5-Dihydro-drospirenone-3-sulfate",90.85400823,0,0,0,0,189.3455746,0,0,0,0
"4H-_1,2,4_Triazolo_4,3-a_1,4_benzodiazepine-4-acetamide, 6-_4-chlorophenyl_-N-ethyl-8-methoxy-1-methyl-, _4S_-",0,0,0,0,0,0,0,0,0,106.8676328
"5-_3_,5_-Dihydroxyphenyl_-gamma-valerolactone 3-O-glucuronide",0,0,0,0,0,0,0,0,0,0
"5-Bromo-2-_2,4-dichlorophenoxy_acetyl_amino_benzoic acid",0,446.5240606,741.8933105,0,0,0,1303.819752,926.4313687,0,0
6_-Hydroxysiphonaxanthin ester_ 6_-Hydroxysiphonaxanthin dodecenoate_ 6_-Hydroxysiphonaxanthin 19-_trans-delta2-dodecenoate_,232.5596135,75.61592337,0,0,0,436.224905,0,0,0,0
6-Dehydrotestosterone glucuronide,807.9460039,241.1232206,0,0,0,0,164.472811,89.60043139,0,0
6-Methoxykaempferol 3-rhamnoside-7-_4_-acetylrhamnoside_,1217.711733,0,0,0,0,565.3139647,0,0,0,0
"6-Methoxyluteolin 3_,4_-disulfate",687.9237762,54426.76225,111413.9361,0,10674.28668,900.5218699,56894.30629,108927.8857,1166.789799,0
"6-Methoxyluteolin 3_,4_-disulfate",0,1398.747532,2541.102051,0,209.8637803,411.5474661,362.7958308,903.6803303,1596.575549,0
6-Methylthioguanosine monophosphate,0,0,0,0,0,0,0,0,0,0
6-Thioguanosine-5_- O- triphosphate,890.9796736,2127.150499,1840.44884,0,0,918.3380962,0,978.7343753,0,0
7-Geranylformononetin,0,0,0,0,0,79.21222888,0,0,0,0
7-O-Methylisolupalbigenin,0,0,0,0,0,88.32116057,0,0,0,0
7-O-Methyllicoricidin,0,0,0,316.661543,0,0,0,0,0,152.6499531
"7,8-Didehydroastaxanthin",323.4150391,0,130.4916178,0,0,736.6545024,0,93.82528184,0,0
8-Hydroxyluteolin 8-glucoside-3_-sulfate,0,0,0,0,0,0,0,0,2593.217617,0
8-Hydroxyluteolin 8-glucoside-3_-sulfate,0,775.2524442,0,0,0,0,0,0,0,0
"AC2SGL_16:0_34:0_2Me_S_,4Me_S_,6Me_S_,8Me_S_,10Me_R_,12Me_R_,14Me_R_,16Me_R_,17OH_",0,0,1012.80858,0,0,0,0,1086.552413,162.6363649,0
"AC2SGL_16:0_34:0_2Me_S_,4Me_S_,6Me_S_,8Me_S_,10Me_R_,12Me_R_,14Me_R_,16Me_R_,17OH_",0,495.2406179,0,0,0,0,348.546759,0,0,0
Acutifolactone,141447.9895,191.7532952,3389.111708,0,0,137089.0778,171.3822131,4227.25288,0,0
AHexCer _O-20:6_18:1_2O_18:5_O,0,0,0,0,0,0,0,0,0,0
AHexCer _O-24:4_17:1_2O_24:4_O,0,0,964.7789172,0,0,0,0,3661.265674,0,0
AHexCer _O-24:4_17:1_2O_24:4_O,0,116.047534,0,0,0,0,0,0,0,0
AHexCer _O-26:2_17:1_2O_26:1_O,313.8731333,0,4084.402412,0,0,0,0,3145.531361,0,0
AHexCer _O-26:2_17:1_2O_26:1_O,0,0,0,878.3050976,0,0,0,0,0,123.3459766
AHexCer _O-26:2_17:1_2O_26:1_O,175.9267146,0,0,0,0,638.4885126,0,0,0,0
AHexCer _O-26:2_17:1_2O_26:1_O,0,0,0,178.6465918,0,0,0,0,0,101.3329062
AHexCer _O-26:4_17:1_2O_30:6_O,0,0,0,0,0,0,0,218.9333959,0,0
AHexCer _O-26:4_17:1_2O_30:6_O,0,0,0,0,0,0,0,0,0,0
AHexCer _O-28:2_16:1_2O_30:2_O,0,0,0,63.6491162,0,0,0,0,0,0
AHexCer _O-28:2_16:1_2O_30:3_O,0,110.8967001,0,0,0,0,300.2865292,0,0,0
AHexCer _O-28:5_16:1_2O_26:3_O,0,0,6541.156738,0,155.8434137,0,0,3880.153209,0,0
AHexCer _O-28:5_18:1_2O_26:5_O,0,0,0,0,0,0,877.614635,0,0,0
AHexCer _O-28:6_17:1_2O_28:6_O,0,0,0,0,388.3178493,0,0,2168.165101,0,0
AHexCer _O-30:3_16:1_2O_28:4_O,0,0,0,0,0,0,0,0,0,0
AHexCer _O-30:3_17:1_2O_24:3_O,0,0,0,0,0,166.9297389,0,0,0,0
AHexCer _O-30:3_17:1_2O_26:5_O,0,99.91365509,0,0,0,0,0,0,0,0
ajugalactone,195.1107923,0,0,0,0,679.5280247,0,0,0,0
Alkalimonas delamerensis Lipid A Penta-acyl form,0,0,0,554.1375,0,0,0,0,0,0
Alvimopan,0,421.2736891,0,0,0,0,0,0,0,0
"Am-PE_18:0_20:4_5Z,8Z,11Z,14Z_",718.2651411,0,0,0,0,0,0,0,0,0
"Am-PE_P-16:0_20:4_5Z,8Z,11Z,14Z_",0,0,93.7791341,0,0,0,0,0,0,0
Angoluvarin,54810.46595,0,0,0,1538.042904,56853.98864,0,0,383.8264549,0
Anhydroicaritin 3-rhamnosyl-_1-_2_-rhamnoside,0,0,0,0,0,0,0,0,0,0
Apigenin 7-_3_-acetyl-6_-E-p-coumaroylglucoside_,0,0,0,0,23065.31372,0,0,0,20175.06442,0
Apigenin 7-Glucosyl-_1-_2_-glucuronide-4_-glucuronide,144816.3398,179223.8564,161049.2404,214834.4835,3860.944966,138200.541,167965.9774,163015.9826,0,196613.1954
Apigenin 7-Glucosyl-_1-_2_-glucuronide-4_-glucuronide,0,0,0,0,151885.0679,0,0,0,123859.3595,0
Arabidopside A,314854.1885,0,0,0,0,350453.9848,0,0,0,0
Arabidopside A,0,1908.640218,0,4948.870586,0,0,1085.427676,0,0,0
Arabidopside B,58481.39737,14662.52356,1873.853719,6556.106382,0,58577.25221,11264.83613,2181.186832,0,999.3482656
Arabidopside B,0,0,0,0,0,858.5725226,0,0,0,0
Arabidopside D,85072.84728,0,0,0,0,86918.76614,0,0,0,0
Arg-Arg-Arg,27731.58041,191.8389451,98.0135566,0,0,28135.17614,177.06834,0,0,0
Armochaetoglasin J,0,0,104.0615777,0,0,1072.629934,0,0,0,0
Artoindonesianin A,0,0,0,0,0,210.6097991,0,0,0,0
asialo-GM2_d18:1_16:0_,0,302.4002109,0,0,0,0,0,0,0,0
asialo-GM2_d18:1_18:0_,0,0,0,0,0,0,0,0,0,0
Asparacemosone C,8857.887981,621.9691274,1667.955146,0,0,12929.75869,155.4562867,1076.870816,0,0
Austrobuxusin I,54300.64833,0,0,0,0,48479.48199,0,0,0,0
Avermectin B2b,181397.1394,0,0,0,0,191587.932,0,0,0,0
Avermectin B2b,0,0,0,0,0,0,0,269.6379796,0,0
"Benzamide, 2-chloro-N-_4-chloro-3-_2-pyridinyl_phenyl_-4-_methylsulfonyl_-",0,0,0,0,1631.960504,0,0,0,28676.3737,0
"Benzeneethanamine, 4-iodo-2,5-dimethoxy-N-_3-methoxyphenyl_methyl_-",0,0,0,0,0,0,0,0,1007.334805,0
"Benzoic acid, 4-_7,8,9,10-tetrahydro-5,7,7,10,10-pentamethyl-5H-benzo_E_naphtho_2,3-b_1,4_diazepin-13-yl_-",0,0,0,0,3486.633832,0,0,0,1856.603105,0
"Benzoic acid, 4-_7,8,9,10-tetrahydro-5,7,7,10,10-pentamethyl-5H-benzo_E_naphtho_2,3-b_1,4_diazepin-13-yl_-",0,42.49813075,0,0,0,0,0,0,0,0
Betamethasone,1712837.175,25481.55036,31848.21577,0,108.0474935,1794293.887,24938.72645,24961.10228,0,0
Bichanin A 7-O-glucoside-6_-malonate,0,0,0,0,0,0,0,154.3884494,0,0
Bufogargarizin C,26921.72954,39730.63164,75964.68878,162.5375049,4898.652105,32728.13014,36029.58888,79229.59395,600.8523551,0
"Carbamic acid, _6-phenylhexyl_-, 3_-_aminocarbonyl_1,1_-biphenyl_-3-yl ester",214.4951086,0,0,0,0,0,0,0,0,0
"Carbamic acid, N-_4-_3-_7-_hydroxyamino_-7-oxoheptyl_amino_carbonyl_-5-isoxazolyl_phenyl_-, 1,1-dimethylethyl ester",78.2700325,0,0,0,0,0,0,0,0,0
Caylin-1,253.6085281,0,0,0,0,0,0,0,0,0
Cefalotin,0,0,0,272.9717627,0,0,457.8330465,0,0,660.043789
Ceftaroline,0,79.31895847,0,0,0,0,0,0,0,0
Celecoxib,0,222.0956313,190.8511353,0,0,0,0,229.9818409,0,0
Cer 14:1_2O_64:4_2O,0,0,0,0,0,0,78.17551052,0,0,0
Cer 18:1_2O_52:5_2O,0,0,0,0,0,0,0,0,0,0
Cer 18:1_2O_52:5_2O,0,0,0,0,0,0,0,670.9719146,0,0
Cer 18:1_2O_56:5_2O,0,0,0,0,0,0,0,0,196.4075238,0
Cer 20:1_2O_56:4_2O,31489.03834,4752.549236,0,0,0,27620.20996,1593.262067,0,0,0
Cer 21:1_2O_56:5_2O,0,0,5911.430094,0,433.552908,0,0,7632.302277,0,0
Cer 21:1_2O_56:5_2O,0,4750.622208,0,0,0,0,3701.600325,0,0,0
Cer 22:0_3O_40:1_2OH_,0,0,0,0,0,370.9826017,0,0,0,0
Cer 22:1_2O_52:1_2O,149326.9321,23203.17971,0,0,480.812934,131439.9604,147745.777,0,0,0
Cer 22:1_2O_52:1_2O,906.6204024,1272.915956,2588.780111,5388.429326,1215.70395,1366.063425,0,1539.011298,0,1937.917406
Cer 22:1_2O_52:1_2O,341.5678581,1512.765625,0,0,0,457.6486945,1445.962156,0,0,0
Cer 22:1_2O_54:3_2O,0,0,0,0,0,0,0,0,296.4031364,0
Cer 22:1_3O_38:0_2OH_,0,187.1859063,213.5883789,0,0,0,0,490.386966,0,0
Cer 23:0_3O_40:0_2OH_,0,0,0,0,0,0,0,0,0,0
Cer 23:1_2O_56:5_2O,0,0,0,55.47342285,0,0,0,0,0,0
Cer 23:3_2O_20:0,0,0,0,128.9733985,0,0,0,0,0,0
Cer 24:0_3O_36:0_2OH_,1490.989828,33518.34151,30966.84423,0,948.7699436,4041.961837,3961.625058,36118.48763,555.1156872,0
Cer 24:0_3O_36:0_2OH_,1315.417778,181.6214293,0,0,0,0,21315.47496,0,0,0
Cer 24:0_3O_42:0_2OH_,0,0,20012.99854,0,1544.611285,0,0,14600.48734,241.8928896,0
Cer 24:1_2O_46:1_2O,0,120.0877588,799.3030192,0,0,0,0,114.5491248,0,211.4229687
Cer 24:1_2O_46:1_2O,0,0,0,0,0,0,166.2239712,0,0,0
Cer 24:1_3O_42:0_2OH_,0,0,0,0,0,0,424.0234955,0,0,0
Cer 25:0_2O_40:0,122.6550401,0,0,0,0,300.1971886,0,0,0,0
Cer 25:0_2O_40:0,0,0,0,0,0,0,0,202.757213,0,0
Cer 25:2_2O_38:0,230.9184873,165.8452298,0,0,0,386.0252879,0,0,0,0
Cer 26:2_2O_36:0,10307.60134,0,0,0,0,695.4055817,93724.13398,0,0,0
Cer 26:2_2O_36:0,0,0,9054.426432,0,0,0,0,8275.213682,12670.14725,0
Cer 26:2_2O_42:0,0,50.74798696,0,0,0,0,0,0,0,0
Cer 27:1_3O_40:0_2OH_,12528.16999,38882.66642,61987.53042,768.6083691,11177.20892,30357.45626,1479.321821,68775.35181,1665.107394,246.2512734
Cer 27:1_3O_40:0_2OH_,0,5367.717827,13811.92562,104.5104004,2208.087326,1413.530016,0,16396.58851,273.3081409,121.6910782
Cer 27:1_3O_40:0_2OH_,15182.0354,5151.639511,0,0,0,23434.79901,4834.961073,0,0,0
Cer 27:1_3O_40:0_2OH_,15506.85836,345.9574626,0,0,0,2379.611637,14510.07182,0,0,0
Cer 27:1_3O_40:0_2OH_,0,0,0,0,0,0,0,0,1944.180876,0
Cer 27:2_2O_44:0,0,0,126.368476,76.4878125,0,0,0,0,0,0
Cer 27:3_2O_44:1,0,0,0,0,0,0,0,131.5027196,0,0
Cer 28:0_2O_39:0,121.2427233,0,655.7854547,0,0,0,208.6102065,248.2563044,0,0
Cer 28:0_2O_42:0,0,292.2964077,0,0,0,0,242.1004989,0,0,0
Cer 28:0_2O_42:6,360.5688606,275.0670054,0,0,0,550.0782792,478.771465,0,0,0
Cer 28:0_2O_44:9,0,0,212.5072293,0,0,0,0,934.2510878,0,0
Cer 28:0_2O_44:9,0,0,0,0,0,231.9763055,0,0,0,0
Cer 28:1_2O_44:9,0,558.8475245,0,0,0,0,0,0,0,0
Cer 29:2_2O_44:0,0,61.75517037,0,365.2889356,0,0,161.3781134,124.1050485,0,0
Cer 29:2_2O_44:0,0,0,150.9357232,83.49033205,0,0,0,0,0,0
Cer 29:3_2O_44:5,0,126.1419311,0,0,0,0,800.0217164,0,0,0
Cer 30:1_2O_42:4_2O,0,0,0,0,0,0,0,647.6941011,0,164.4291094
Cer 30:1_2O_62:5_2O,0,0,0,0,647.7741537,0,0,0,210.7125651,0
Cer 30:3_2O_40:0,4268.765366,501.6676572,248.9389919,11658.55215,0,6866.347553,0,163.1334429,0,5518.339781
Cer 30:3_2O_40:0,267.0858684,0,0,0,0,0,0,0,0,0
Cer 31:0_2O_44:8,0,0,0,0,0,215.61048,0,0,0,0
Cer 31:2_2O_44:11,331.9981333,1100.757812,38163.61122,0,13788.18411,225.2272307,0,29059.47179,10495.60468,0
Cer 31:2_2O_44:11,0,0,4308.548611,0,736.8369358,0,0,3381.72854,0,0
Cer 31:2_2O_44:12,0,0,223.3662516,0,0,0,0,594.3806987,0,0
Cer 31:2_2O_44:12,0,203.4785276,0,0,0,0,0,0,0,0
Cer 31:3_2O_44:12,0,0,4819.745687,0,0,0,0,3731.03214,0,0
Cer 32:0_2O_44:11,0,115.7745399,0,0,0,0,682.3830446,0,0,0
Cer 32:1_2O_32:6,0,1169.160468,0,0,0,0,1874.425008,0,0,0
Cer 32:1_2O_44:4,0,0,0,0,0,0,0,87.01013646,0,0
Cer 32:1_2O_44:4,0,0,0,0,0,0,0,86.326895,0,0
Cer 32:3_2O_32:2,5239.293678,517.1430215,0,0,0,1193.815507,41583.57062,0,0,0
Cer 32:3_2O_44:12,0,0,0,0,0,0,0,1041.72676,0,0
Cer 32:3_2O_44:12,0,348.2844134,0,0,0,0,762.1312654,0,0,0
Cer 32:3_3O_42:2_2OH_,0,254.5885017,0,0,0,0,228.5226447,0,0,0
Cer 33:1_2O_44:9,0,118.8497292,18223.55824,0,0,0,0,16500.89725,0,0
Cer 34:0_2O_32:1,0,10462.65285,44525.57661,0,1085.637739,0,0,35901.34316,767.7113054,0
Cer 34:0_2O_32:1,0,2695.870878,22099.05724,0,3812.740799,250.3387387,6224.193901,31856.43629,577.261832,0
Cer 34:0_2O_32:1,0,20388.5998,0,0,0,244.4423571,17711.97809,0,0,0
Cer 34:0_2O_34:4,0,0,0,0,0,0,0,0,463.5507954,0
Cer 35:1_2O_38:0,0,1638.096051,709.9719645,1206.659492,0,0,589.0200921,655.1947315,0,1225.787922
Cer 35:1_2O_38:0,134.0206115,538.9624473,0,155.3421387,0,0,589.321086,0,0,0
Cer 35:1_2O_40:9,20164.50439,889.796887,0,0,0,14053.59103,222.8555461,0,0,0
Cer 35:2_2O_34:4,0,0,0,0,0,0,0,0,0,0
Cer 35:2_2O_38:9,0,0,272.5193685,0,0,0,0,0,0,0
Cer 35:2_2O_44:8,0,0,0,0,224.1028212,0,0,321.4838558,215.5035241,0
Cer 36:0_2O_44:5,0,0,0,0,1558.052387,0,0,0,1523.05214,0
Cer 36:1_2O_44:10,0,0,230.2805447,0,0,0,0,323.5124852,0,0
Cer 36:3_2O_44:11,0,0,5100.297553,0,0,0,0,3916.443409,0,0
Cer 37:0_2O_26:1,0,0,0,111.0798438,0,0,0,0,0,0
Cer 37:0_2O_32:3,0,0,0,0,0,0,0,408.7366496,0,0
Cer 37:0_2O_32:5,0,7079.437956,0,0,0,908.778603,41606.83861,0,0,0
Cer 37:0_2O_32:5,0,26118.3755,40806.01709,0,0,0,0,33288.98967,738.2638135,0
Cer 37:0_2O_32:5,0,0,0,0,0,0,0,0,0,0
Cer 37:0_2O_40:7,0,0,926.1557346,280.3112891,0,0,382.6560566,620.7547963,0,532.4527969
Cer 37:0_2O_40:7,0,0,0,0,0,0,0,767.2299125,0,0
Cer 37:0_2O_40:7,0,0,0,0,0,0,0,99.70766785,0,0
Cer 37:1_3O_36:0_2OH_,0,0,228.2946574,0,0,0,0,110.7786788,0,0
Cer 37:2_2O_36:5,6483.972,2175.468607,0,3706.695654,0,2024.404605,1174.387415,1102.518753,0,1629.013734
Cer 37:2_2O_36:5,0,135.1878954,0,0,0,0,0,0,0,0
Cer 37:2_2O_36:8,0,0,226.9260797,0,0,0,0,0,0,0
Cer 38:0_2O_23:0,0,235.2089245,0,0,0,0,306.6278234,532.6822834,0,0
Cer 38:1_2O_34:6,0,1159.763468,251.2652995,0,0,0,3113.225518,0,0,0
Cer 38:1_2O_34:6,0,0,112.1567044,45.84040039,428.2062283,0,0,0,247.3333333,0
Cer 38:1_2O_44:12,0,0,87.01249188,0,0,0,0,0,0,0
Cer 38:3_2O_44:11,0,0,144.2528754,0,0,0,0,0,0,0
CerP 38:6_O2,0,0,84.12304688,0,0,0,0,0,0,0
CerP 40:6_O2,0,0,0,0,0,0,0,0,0,396.1417187
Chlorantraniliprole,0,0,0,0,268.7950738,0,1979.384534,0,0,0
"Chrysoeriol 7-_3_,6_-di-_E_-p-coumaroylglucoside_",130.2511149,0,0,0,0,419.5418893,0,0,0,0
Cilazapril,0,0,0,0,0,0,0,0,0,0
cimicifoetiside A,12771.41731,0,0,0,0,7299.249383,0,0,0,0
Cissoic acid,783.8193273,0,0,0,0,0,0,0,0,0
"CL_1_-_18:1_9Z_18:2_9Z,12Z_,3_-_20:4_5Z,8Z,11Z,14Z_20:4_5Z,8Z,11Z,14Z_",0,0,40.95538669,0,0,0,0,0,0,0
convallatoxin,4970.987279,0,0,0,0,2568.685445,0,0,0,0
d9-SM _18:1_,2153.33834,0,0,0,0,3093.258327,0,0,0,0
Deoxyadenosine Triphosphate,0,0,0,0,0,295.84375,0,0,0,0
Desacetycefapirin,0,513.8893428,311.9251913,0,0,0,0,2249.565374,0,0
DGCC 18:2_36:5,0,0,106.2917074,0,0,0,0,0,0,0
DGCC 18:2_36:5,0,0,0,0,0,0,0,0,0,0
DGCC 19:1_44:12,0,0,0,0,0,0,0,0,0,0
DGCC 20:0_40:7,0,0,4780.934041,0,0,0,0,3858.083527,0,0
DGCC 20:3_42:6,0,109.3167418,0,0,0,0,0,0,0,0
DGCC 21:2_32:3,0,0,289.0886367,0,0,0,0,0,0,0
DGCC 21:2_38:2,0,0,41691.77225,0,0,0,0,47686.08213,0,0
DGCC 23:0_38:10,0,456.4894075,0,0,0,806.7798624,312.1710531,0,0,0
DGCC 24:0_36:5,0,787.8581288,16566.37727,0,1073.620508,0,0,17431.72654,588.5754359,0
DGCC 24:0_36:5,2966.660433,5216.621717,0,0,0,738.9014186,5385.290378,0,0,0
DGCC 24:6_42:12,0,78.06791601,0,0,0,0,94.88482364,0,0,0
DGCC 29:0_29:0,0,832.5602593,0,0,0,0,244.7559174,0,0,0
DGCC 29:0_42:10,0,0,0,2508.285234,0,0,0,0,0,1896.280875
DGCC 30:7_42:7,0,269.958529,0,0,0,0,0,0,0,0
DGCC 32:1_26:3,0,21094.13879,0,0,0,0,16168.32455,0,0,0
DGCC 32:1_26:3,0,0,5350.270969,0,0,0,0,6656.862676,0,0
DGCC 32:5_38:10,0,0,0,0,0,0,0,295.4125297,0,0
DGCC 32:9_42:12,0,0,0,0,0,337.5486996,1023.768332,0,0,0
DGCC 32:9_44:12,0,0,0,0,0,0,0,0,0,0
DGCC 34:5_38:10,0,699.3221338,0,0,0,268.7255346,1404.868193,0,0,0
DGCC 34:6_38:10,0,0,1693.010783,0,0,0,0,1473.214943,0,0
DGCC 36:0_34:3,0,0,0,39.70769532,0,0,0,75.49512956,0,0
DGCC 36:6_38:10,0,0,0,0,0,0,97.37167389,0,0,0
DGCC 36:8_42:12,0,0,140.559828,0,0,0,0,0,0,0
DGCC 36:9_36:9,0,0,0,0,0,0,451.5237855,0,0,0
DGCC 36:9_38:10,0,0,0,0,0,0,0,145.2127052,0,0
DGCC 38:7_44:7,0,0,214.8174099,0,0,0,0,0,0,0
DGCC 42:0_40:3,0,0,0,0,35760.97734,0,0,0,27270.02536,0
DGCC 42:1_42:2,0,0,0,0,20741.76901,0,0,0,9258.716768,0
DGCC 42:1_44:2,0,0,0,0,563.1102213,0,0,0,0,0
DGCC 44:0_36:3,0,0,0,0,40547.87554,0,0,0,29852.83447,0
DGCC 44:1_38:2,0,0,0,0,2150.695844,0,0,0,760.2008888,0
DGDG O-16:3_26:6,84568.23621,27446.88844,0,0,0,85782.71439,37962.31496,0,0,0
DGDG O-18:4_4:0,155.5267042,0,0,0,0,1938.960295,0,0,0,0
DGDG O-28:7_22:3,54488.48254,21837.60495,0,0,0,40360.76069,7690.606958,0,0,0
"DGDG_18:4_6Z,9Z,12Z,15Z_18:4_6Z,9Z,12Z,15Z_",225.9087562,0,0,0,0,349.9145764,0,0,0,0
"DGMG_18:5_3Z,6Z,9Z,12Z,15Z_0:0_",2578.676991,0,0,0,0,0,0,0,0,0
DGTS 27:0_24:1,0,0,119.3424615,0,0,0,0,112.2024946,0,0
Diadenosine pentaphosphate,0,0,0,0,444.9320529,0,0,0,0,0
Diadenosine tetraphosphate,0,0,0,0,0,0,0,135.7860216,0,0
Diospolysaponin A,0,83.19766706,0,0,0,0,0,0,0,0
Diphenhydramine N-glucuronide,83.02453505,0,0,0,0,0,0,0,0,0
DMG-MINO,0,0,0,0,0,0,0,0,0,0
dolichyl-4-D-xylosyl phosphate,20406.22036,1650.753139,137.5686442,95.4020215,0,16324.38973,2309.356358,630.4631749,0,0
Dutasteride,0,0,0,0,0,0,0,0,0,0
EI-1625-2,114880.9049,469.7098351,6608.303345,0,0,116079.686,2061.138827,7145.815492,0,0
Etnangien,8343.082896,0,242.5527751,0,0,13405.31317,0,132.346383,0,0
Evasterioside C,0,0,0,0,0,0,0,0,0,0
Exiguaflavanone D,71334.09835,592.0612718,0,0,0,69818.25596,0,461.7294551,0,0
Flumetralin,0,0,0,0,0,0,0,77.44466354,0,0
Flurandrenolide,2993245.314,27328.49463,123350.4805,0,0,3132290,36472.98948,116136.4394,0,0
Fosfluconazole,6534.16503,1073.30966,2704.646186,1175.801328,0,1032.131785,1267.056389,1581.708713,0,2907.757187
"Fucoxanthinol 3-_4Z,7Z,10Z,13Z,16Z,19Z-docosahexaenoate_ 3_-_9E-hexadecenoate_",0,0,0,0,0,0,0,93.77034095,0,0
"Fucoxanthinol 3-_4Z,7Z,10Z,13Z,16Z,19Z-docosahexaenoate_ 3_-_9E-hexadecenoate_",0,0,87.06073674,0,0,0,0,0,0,0
Fucoxanthinol 3-arachidonate 3_-_9E-hexadecenoate_,0,0,104.7577583,0,0,0,0,0,0,0
Fucoxanthinol 3-heptadecanoate 3_-heptadecanoate,0,145.7713406,0,0,0,0,0,0,0,0
Fullerene C60,1172166.726,1409708.349,1737361.913,281381.3867,850342.3993,1229442.765,1086304.528,1865273.096,0,233469.1186
FWGK _Tryptic Peptide_,0,51.90803537,0,0,0,0,0,0,0,0
GD3_d18:1_26:1_17Z_,0,0,251.7297092,0,0,0,0,677.5146113,0,0
GD3_d18:1_26:1_17Z_,0,0,578.3196072,0,0,0,0,493.2216673,0,0
Globoside I_Cytolipin K_d18:1_16:0_,0,0,362.5580851,0,0,0,0,515.423037,0,0
Globoside I_Cytolipin K_d18:1_22:0_,60174.33566,11752.56939,0,0,0,60651.79991,20010.41689,0,0,0
Globoside I_Cytolipin K_d18:1_26:1_17Z_,793.2373565,153.6924847,0,0,0,4102.267938,0,0,0,0
GM1_d38:1_,71565.73189,28896.81883,0,0,0,57570.91134,54873.12709,0,0,0
GM1_d38:1_,0,0,0,86.7591504,0,0,0,0,0,130.3065
GM2_d18:1_24:1_15Z_,0,0,114.0439996,306.5472363,0,0,0,471.5065392,0,0
GM3_d18:1_22:0_,0,153.5662984,0,0,0,0,235.3187074,0,0,0
GM3_d18:1_24:0_,0,0,0,0,0,0,0,88.92754892,0,118.9094375
Gomphrenol 3-methylether 4_-glucuronide,0,76.75203098,0,0,0,0,0,0,0,0
Gossypetin 8-glucoside-3-sulfate,0,319.6160671,0,0,163.4840929,0,371.380492,144.5518444,0,0
Gossypetin 8-glucoside-3-sulfate,0,0,0,0,0,0,0,0,0,0
Gracilosulfate E,34272.03149,10870.56584,18833.2108,28925.55225,0,31380.15085,6026.474054,14286.31002,0,28142.72931
Guibourtinidol-_4alpha-_6_-catechin,303.6108528,0,124.651001,0,0,0,146.6849377,0,0,0
Halistanol sulfonic acid B,0,0,175.4411214,0,0,0,0,0,0,0
Halosulfuron-methyl,281.2668522,425.9613329,302.9849176,91.43879885,0,369.4104517,187.8351059,0,0,954.9932813
Helieianeoside C,0,0,0,0,7746.13036,0,0,0,6914.475685,0
Helvolic acid,3378732.781,69620.33299,139294.479,0,0,3539911.714,64809.64256,139610.913,0,0
Heparin,0,0,0,101.9785254,0,0,0,0,0,242.5774531
Hex2Cer 18:1_2O_15:1,0,178.8649707,0,0,0,0,0,0,0,0
Hex2Cer 18:1_2O_35:0,0,0,2347.430922,0,0,0,0,1479.24665,0,0
Hex2Cer 19:3_2O_20:4,0,0,124.7081706,0,0,0,0,0,0,0
Hex2Cer 19:3_2O_36:1,0,0,0,0,0,0,0,121.3203496,0,0
Hex2Cer 20:3_2O_36:4,0,85.86791245,0,0,0,0,0,0,0,0
Hex3Cer 17:0_2O_14:0,0,0,0,0,0,483.3568564,0,0,0,0
Hex3Cer 17:2_2O_14:0,0,0,310.9695502,134.8630567,0,0,0,0,0,199.7500313
Hex3Cer 17:2_2O_14:0,450.0753941,0,0,0,0,0,0,0,0,0
Hex3Cer 18:1_2O_21:0,270.8533601,0,0,0,0,0,0,0,0,0
Hex3Cer 18:1_2O_35:0,0,0,8466.662177,0,0,0,150.3587272,5701.692581,0,0
Hex3Cer 19:3_2O_24:3,0,0,0,0,0,0,0,0,0,0
Hex3Cer 19:3_2O_34:1,0,0,97.05485701,0,0,0,0,0,0,0
Hex3Cer 20:0_2O_31:0,0,158.4329707,0,0,0,0,0,0,0,0
Hex3Cer 20:0_2O_33:0,0,0,0,0,0,0,0,0,0,0
Hex3Cer 20:1_2O_35:0,0,124.0347249,0,0,0,0,114.761274,0,0,0
Hex3Cer 20:2_2O_32:0,0,22268.62337,0,0,0,0,19006.97198,0,0,0
Hex3Cer 20:2_2O_33:0,0,83.28800209,0,0,0,0,0,0,0,0
Hex3Cer 20:3_2O_17:0,0,0,0,0,0,0,0,0,0,0
Hex3Cer 20:3_2O_23:0,184.5289685,0,0,0,0,0,0,0,0,0
Hex3Cer 20:3_2O_28:4,0,0,191.458001,0,0,0,0,331.7789322,0,0
Hex3Cer 20:3_2O_28:4,0,0,0,0,0,0,0,0,0,0
Hex3Cer 20:3_2O_33:0,0,0,0,0,0,0,0,526.4850302,0,0
Hex3Cer 20:3_2O_34:2,0,2470.305526,0,0,0,217.7023026,2296.88842,0,0,0
"Hexakis_1H,1H,4H-hexafluorobutyloxy_phosphazene",0,0,107.5946045,0,0,0,0,0,0,0
HexCer 14:3_2O_54:1_2O,0,1694.975065,0,0,0,147.6399954,1640.582089,295.8417722,0,0
HexCer 14:3_2O_54:1_2O,0,0,109.0257297,0,0,0,0,0,0,0
HexCer 17:1_2O_45:1_2O,0,0,0,0,0,0,0,0,0,0
HexCer 18:0_2O_42:0_O,0,0,2162.879774,0,3727.701215,0,0,7015.681765,5880.229223,0
HexCer 18:0_2O_42:0_O,1056.790601,4971.725173,0,0,0,1286.690661,10039.95498,0,0,0
HexCer 18:2_2O_50:5_2O,0,0,84100.13038,0,592.0752387,0,0,80258.37866,0,0
HexCer 18:3_2O_49:3_2O,0,154.0975963,257.5102675,0,0,0,0,301.392949,0,0
HexCer 19:1_2O_52:2_2O,0,0,0,0,152.592003,0,0,0,0,0
HexCer 19:2_2O_42:1_O,0,1277.188483,0,0,0,0,225.0588258,0,0,0
HexCer 19:3_2O_36:1_O,0,0,5485.55011,0,0,0,0,6283.63806,0,0
HexCer 19:3_2O_42:1_O,0,157.3429472,0,0,0,0,238.349532,0,0,0
HexCer 19:3_2O_42:2_2O,0,0,224.6378445,0,0,0,0,881.7765403,0,0
HexCer 19:3_2O_43:3_2O,0,124.641272,0,0,0,0,143.0948233,412.8368028,0,0
HexCer 19:3_2O_44:4_2O,0,0,0,0,286.5493272,0,0,0,0,0
HexCer 20:0_2O_33:1_O,0,643.8177244,0,0,0,0,573.1837678,0,0,0
HexCer 20:1_2O_51:1_2O,0,0,0,71.9649658,0,0,0,0,0,0
HexCer 20:1_2O_51:1_2O,0,0,0,83.80249025,0,0,0,0,0,0
HexCer 20:1_2O_52:2_2O,0,0,0,0,0,0,0,70.06353835,0,0
HexCer 21:0_2O_40:1_O,2285.3293,172.1083325,0,0,0,774.5570518,0,0,0,0
HexCer 21:0_2O_42:1_O,0,0,0,0,0,0,177.0693843,0,0,0
HexCer 21:0_2O_43:0,0,2285.151523,0,0,0,0,173.032797,0,0,0
HexCer 21:0_3O_42:1_2OH_,0,0,0,0,0,0,0,0,0,0
HexCer 21:1_2O_44:1,0,0,0,0,0,0,0,0,0,0
HexCer 21:2_2O_42:2_O,234.3822249,0,0,0,0,257.9607833,0,0,0,0
HexCer 21:3_2O_42:2_O,0,143.1385401,0,0,0,0,0,521.3461728,0,0
HexCer 22:1_2O_40:1_O,0,547.452466,0,0,0,0,921.5352336,0,0,0
HexCer 22:3_2O_42:2_O,0,297.2470044,0,0,0,0,0,0,0,0
HexCer 24:0_3O_42:1_2OH_,0,0,220.4451837,0,0,0,0,125.2775415,0,0
HexCer 24:1_2O_43:0,0,0,85.49674479,0,0,0,0,0,0,0
HexCer 24:2_2O_39:0,288.1712182,0,0,0,0,0,0,0,0,0
HexCer 25:0_2O_42:4,0,377.8248717,0,0,0,0,0,0,0,0
HexCer 25:0_2O_42:4,0,0,457.9068197,0,0,0,0,713.687191,0,0
HexCer 25:2_2O_37:0,0,714.076735,0,0,0,0,0,0,0,0
HexCer 25:2_2O_37:0,0,0,151.2657335,0,0,0,0,0,0,0
HexCer 25:3_3O_42:2_2OH_,0,147.1811254,374.4611274,0,0,804.6540655,0,87.7404507,653.1152061,731.1328906
HexCer 26:2_2O_42:0,0,0,0,0,0,0,0,173.5641688,0,0
HexCer 27:0_2O_42:0,0,0,0,0,0,0,0,0,0,83.1714844
HexCer 27:0_2O_42:4,0,735.7251126,0,0,0,0,329.3146271,0,0,0
HexCer 27:0_3O_38:0_2OH_,0,0,0,0,0,0,0,326.0495636,0,0
HexCer 27:0_3O_38:0_2OH_,0,0,0,0,0,0,0,0,0,0
HexCer 27:0_3O_40:0_2OH_,0,0,0,0,242.661632,0,0,0,0,0
HexCer 28:0_O3,0,0,203.7167019,0,0,0,0,0,0,0
HexCer 28:1_2O_44:4,0,0,116.5160726,0,0,0,0,251.8485587,0,0
HexCer 28:1_3O_40:0_2OH_,0,0,96.35564507,0,0,0,0,0,0,0
HexCer 29:3_3O_42:2_2OH_,872.3985586,0,0,0,0,783.0452816,0,0,0,0
HexCer 30:0_3O_40:0_2OH_,0,77.87754025,0,0,0,0,0,0,0,0
HexCer 31:3_3O_30:1_2OH_,0,0,12517.63162,0,433.2765626,0,0,9883.383703,2284.085456,0
HexCer 31:3_3O_30:1_2OH_,0,0,0,0,0,0,0,0,0,0
HexCer 32:0_2O_39:0,0,0,144.7690565,0,0,0,0,0,0,0
HexCer 32:1_2O_38:7,324.7823043,0,0,0,0,349.1201172,0,0,0,0
HexCer 32:1_2O_38:7,0,0,0,0,0,0,0,0,222.0401664,0
HexCer 32:1_2O_40:9,0,0,0,0,0,0,0,0,0,0
HexCer 32:1_2O_40:9,0,0,0,0,0,0,0,0,0,0
HexCer 32:1_2O_40:9,0,0,0,94.78810545,0,0,0,0,0,0
HexCer 32:1_2O_40:9,0,0,973.5539822,0,0,0,0,1866.570337,0,0
HexCer 32:1_2O_42:10,0,0,0,0,0,0,0,115.1965239,0,0
HexCer 32:1_2O_44:9,458.6324323,0,0,0,0,0,0,0,0,0
HexCer 32:1_2O_44:9,0,0,0,0,0,0,0,0,0,0
HexCer 33:0_2O_44:9,232.7090708,0,0,606.5818555,0,0,318.4505144,96.03626259,0,0
HexCer 33:0_2O_44:9,242.5441441,0,0,0,0,0,0,0,0,0
HexCer 33:0_2O_44:9,0,0,0,0,0,276.7680664,0,0,0,0
HexCer 33:0_2O_44:9,0,0,0,0,190.7621311,0,0,0,0,0
HexCer 33:0_2O_44:9,0,0,0,0,0,188.7390137,0,0,0,0
HexCer 33:3_2O_40:11,0,0,0,0,0,0,0,0,0,0
HexCer 33:3_2O_44:12,0,0,0,0,0,0,789.3654084,0,0,0
HexCer 34:1_2O_36:6,0,112.5194833,0,0,0,0,0,0,0,0
HexCer 34:1_2O_38:7,0,0,106.2985094,0,0,0,0,0,0,0
HexCer 34:1_2O_38:7,0,0,0,0,161.5855469,0,0,0,0,0
HexCer 34:1_2O_44:9,0,1456.74148,0,0,0,0,1196.305596,100.8830597,0,0
HexCer 34:1_2O_44:9,0,367.7393956,0,0,0,0,385.5254293,0,0,0
HexCer 34:3_2O_42:11,0,0,158.3536377,0,0,0,0,0,0,0
HexCer 35:3_3O_30:0_2OH_,0,448.736364,0,0,0,0,492.1317102,0,0,0
HexCer 35:3_3O_30:0_2OH_,0,372.2637198,0,0,0,0,0,0,0,0
HexCer 36:2_3O_18:2_2OH_,0,84.19429399,0,0,0,0,152.2322381,0,0,0
HexCer 37:0_2O_34:6,0,0,148.9370931,0,0,0,0,128.1576097,0,0
HexCer 37:0_2O_38:6,0,0,130845.9982,147422.6621,77891.26159,0,0,132112.7927,3416.449559,127555.0711
HexCer 37:0_2O_38:6,96486.32782,105405.8508,0,0,0,93874.63618,93234.75169,0,0,0
HexCer 37:0_2O_38:6,0,0,0,0,5551.2908,0,0,169.6234301,44878.20103,0
HexCer 37:0_2O_38:6,767.6977323,903.9772816,0,0,0,0,2186.129487,0,0,0
HexCer 37:1_3O_22:0_2OH_,1116.346481,0,0,0,0,0,0,0,0,0
HexCer 37:1_3O_22:0_2OH_,0,0,125.3950738,0,0,0,0,0,0,0
HexCer 37:1_3O_22:0_2OH_,0,0,98.83867729,0,0,0,0,0,0,0
HexCer 37:3_2O_36:10,0,0,0,0,0,0,0,0,0,0
HexCer 38:0_2O_42:9,0,0,0,54.7759717,0,0,0,0,0,0
HexCer 38:0_3O_21:0_2OH_,0,1261.473291,0,0,0,0,489.8896581,0,0,0
HexCer 38:1_2O_22:0,0,3155.352174,0,0,0,0,846.5533339,0,0,0
HexCer 38:1_2O_22:0,0,0,0,0,0,0,0,93.71766835,0,0
HexCer 38:2_2O_44:2,0,0,0,0,4128.008485,0,0,0,1047.781491,0
HexCer 38:3_2O_24:0,41125.91873,41867.67379,0,0,0,39729.53346,59658.28206,0,0,0
HexCer 38:3_2O_36:10,204.158497,2952.455713,0,0,0,0,2712.141205,0,0,0
HexCer 38:3_2O_40:10,877.4343888,0,0,0,0,687.600663,0,0,0,0
HexCer 38:3_2O_42:10,0,0,1779.732151,0,0,0,0,1264.66057,0,0
HexCer 38:3_2O_42:10,0,101.6138325,76.34179007,0,0,0,0,0,0,0
Hydroxycelecoxib,0,0,0,0,0,0,0,0,0,0
Inosine triphosphate,0,0,0,0,0,0,0,0,2392.893003,0
Isolan Bordeaux R,0,0,0,0,0,751.6905325,0,0,0,0
Isorhamnetin 3-glucuronide-7-sulfate,25532.12739,50600.34179,100789.5701,39196.21547,3056.455707,30759.81702,176276.0023,27538.97305,0,35115.21038
Isorhamnetin 3-glucuronide-7-sulfate,840.3415204,739.8520897,713.8865563,3432.534824,175510.2994,435.6309108,0,0,86791.36441,4492.645437
Isorhamnetin 3-glucuronide-7-sulfate,1731.345565,0,0,466.2861914,976.4687933,667.1184982,1129.996751,0,0,1121.912188
Isorientin 4_-O-glucoside 2_-O-p-hydroxybenzoagte,0,157.4920257,0,0,0,0,924.1533492,0,0,0
Isoscutellarein 4_-methyl ether 8-_2_-sulfatoglucoside_,0,122.6199195,0,0,191.0924262,0,0,0,290.5418365,0
Kaempferide 3-rhamnoside-7-_6_-succinylglucoside_,0,80.50699172,1976.708815,0,0,0,0,1962.479529,0,0
Kaempferol 3-sophoroside 7-glucuronide,0,0,0,0,0,0,2113.77454,0,0,0
Kaempferol 7-methyl ether 3-_3-hydroxy-3-methylglutaryl-_1-_6_-_apiosyl-_1-_2_-galactoside_,0,0,0,0,0,212.6579204,0,0,0,0
Kurilensoside G,0,0,0,0,0,205.5797697,0,0,0,0
Kushenol D,0,0,0,0,0,0,183.9346766,0,0,0
Linolipin G,0,1442.03276,1219.514431,0,0,2948.863899,722.674737,256.3090882,0,804.9195001
LMGL03050001,0,0,475.4110515,372.5376856,0,0,0,106.0306814,0,334.582125
LMGP04040005,0,0,244.190511,0,0,0,0,0,0,0
LMGP06020007,0,505.4154525,0,0,0,0,0,0,0,0
LMGP06020010,174592.3373,64772.1327,17586.81414,41935.07858,0,192966.7458,60789.34773,20777.77315,0,19978.71144
LMGP06020010,0,0,22394.52649,0,14343.99171,0,0,24274.97968,1044.641757,0
LMGP06020010,0,0,0,0,0,0,0,0,392.0948257,0
LMGP06020011,325.1330545,0,0,0,0,0,0,0,0,0
LMGP06020027,0,0,4414.144857,0,0,0,0,5348.288222,0,0
LMGP06030003,42875.29868,0,0,0,0,52118.45519,0,0,0,0
LMGP06030003,0,0,5182.078939,0,0,0,0,6587.021843,0,0
LMGP06030007,151256.2389,33430.72481,0,35318.98532,0,100649.319,45886.07553,624.5172939,0,8369.180266
LMGP06030007,0,0,84.02770319,0,5985.475282,0,0,1832.293562,636.0441577,0
LMGP06030012,0,0,0,0,0,0,0,0,0,0
LMGP06030016,2406.674476,0,142.1327718,0,0,2207.444542,0,0,0,0
LMGP06030039,71209.24748,4784.370004,0,107.8674707,0,67522.00581,328.7987798,236.9579151,0,0
LMGP06030039,0,0,375.6897244,0,0,0,0,4107.945683,0,0
LMPK12010211,0,0,0,0,0,0,0,0,0,0
LMPK12010327,0,0,0,0,233.8401476,0,0,0,0,0
LMPK12010433,0,2681.090203,9405.972222,182.0930274,8295.73021,0,0,5295.318236,0,287.3730313
LMPK12111632,237.7390418,0,0,0,0,344.9446187,0,104.8279025,0,0
LMPK12120030,0,0,0,0,0,0,0,0,253.0424875,0
LMPK12120317,0,0,0,0,0,0,0,0,0,0
LMSP0502AM05,0,0,93.17578806,0,0,0,0,0,0,0
LMSP0506AA05,0,0,55.51875814,0,0,0,0,0,0,0
LMST01010327,0,0,0,0,0,0,0,107.0004697,0,0
LMST01080059,6014.780403,0,0,0,0,8224.152216,0,0,0,0
LMST01130036,610.6787542,90.74118098,0,0,0,0,0,235.6974758,0,0
LPE 36:9,0,0,0,0,0,215.9095395,0,0,0,0
LPIM1_18:0_0:0_,0,0,0,0,0,0,0,0,0,56.28196094
LPIM1_18:1_9Z_0:0_,261.8530057,0,0,0,0,241.316432,0,0,0,0
LPIM2_17:0_0:0_,0,0,0,0,0,182.7984426,0,0,0,0
LPIM2_18:0_0:0_,509.9170699,0,0,0,0,751.0826737,0,0,0,0
LPIM2_19:0_0:0_,672.8002627,0,0,0,0,257.6109683,0,0,0,0
Lupalbigenin,11421.10025,0,0,0,0,15000.7104,0,0,0,0
Luteolin 7-O-_2-apiofuranosyl-4-glucopyranosyl-6-malonyl_glucopyranoside,0,0,0,0,20831.12413,0,0,0,27181.7072,0
Lymecycline,0,0,478.2199165,0,0,336.4234426,0,369.2297023,296.9231771,0
manumycin,0,0,0,0,0,841.1098118,0,101.8172654,0,0
Megalomicin A,0,151.6115079,0,101.6102735,0,0,0,0,0,0
Melatonin glucuronide,94291.05725,0,0,33334.02782,0,74665.65604,107.5242304,189.7896003,0,14971.21772
MfGL-II,322.4521226,0,0,0,0,0,0,0,0,0
"MGDG _16:3_7Z,10Z,13Z_12-oxo-PDA_",2615.624153,0,0,0,0,1623.776778,0,0,0,0
MGDG O-16:2_24:6,61394.05113,15404.80072,438.6250135,6788.512471,0,54334.66381,5133.175955,575.1627151,0,1804.689297
"MGDG_18:3_9Z,12Z,15Z_16:3_7Z,10Z,13Z_",0,0,0,0,0,145.6143607,0,0,0,0
"MGDG_18:4_6Z,9Z,12Z,15Z_16:4_4Z,7Z,10Z,13Z_",182.5232473,0,0,0,0,226.5352333,0,0,0,0
Miconazole,0,0,0,0,0,0,0,42.34112008,487.2633039,0
Monensin A,3614.718059,282.1834919,0,146.9673291,0,4621.036942,0,114.0883975,0,0
Monensin A,0,748.7054736,0,0,0,0,0,0,0,0
Monensin B,455.6941718,0,0,0,0,3584.991674,0,0,0,0
"Myricetin 3-_2_,3_,4_-triacetylxyloside_",0,0,0,0,15673.65438,0,0,0,42847.49457,0
"Myricetin 3,3_-digalactoside",0,0,0,0,964.9891927,0,0,0,1510.792997,0
"Myricetin 3,7-diglucuronide",159.4775131,1445.33559,2616.903958,0,8904.094857,0,1327.663173,1779.413964,1009.241763,0
N_6_-_Aminoethylamino_carbonyl_methylphenyladenosine,0,0,0,0,0,324.69467,0,0,0,0
"N-_3,4-Dichlorophenyl_-N_-_6-methoxy-1,3-benzothiazol-2-yl_urea",0,0,0,354.0548633,0,0,0,0,0,2456.699625
Nedocromil,0,0,0,0,0,0,0,43.88166906,0,0
Neocucurbitacin E,90333.34839,0,4412.4214,0,0,90053.38682,0,2744.015019,0,0
Neolinderachalcone,3699.992672,77.44682828,0,0,0,2738.721166,0,0,0,0
Neolinderatin,80267.93225,197.6901481,0,0,0,74831.3603,0,0,0,0
Neurosporaxanthin beta-D-glucopyranoside,4465.090915,773.6413619,0,0,0,1994.407304,192.0469137,0,0,0
Nicotinamide Hypoxanthine Dinucleotide,0,0,0,0,0,0,237.3198677,0,0,0
NNVVNTMR _Tryptic Peptide_,0,0,0,0,0,0,0,91.07270443,0,0
Norgarmultinone A,0,370.4431317,0,0,0,0,0,0,0,0
Novaluron,5122.733891,684.0530698,535.8540853,6972.807686,0,3559.657278,0,785.0781003,0,604.8948438
Novobiocin,0,0,0,0,0,0,450.7797417,0,0,0
NPA000133,0,115.0425853,0,0,524.0357856,0,285.9699393,0,0,0
NPA000221,0,0,0,0,392.046875,0,0,0,0,0
NPA000367,0,0,0,0,0,195.8736379,0,0,0,0
NPA000434,0,0,0,0,0,741.0807978,0,0,0,201.6786094
NPA000518,0,0,0,0,0,0,0,0,0,0
NPA000580,24041.65571,0,0,0,0,17863.20451,0,0,0,0
NPA000593,9748.511235,0,0,0,0,8275.206543,0,0,0,0
NPA000619,870.3670837,0,0,0,0,517.6322471,0,0,0,0
NPA000655,134000.3244,71548.30043,0,0,0,114574.7345,48758.66578,0,0,0
NPA000655,0,0,24306.91132,22554.59184,5995.581706,0,0,18848.83615,392.9384907,19871.20859
NPA000672,0,0,0,0,0,248.4331568,0,0,0,0
NPA000696,466.4338012,0,0,0,0,0,0,0,0,0
NPA000701,0,0,0,0,1139.807313,0,0,0,495.120839,0
NPA000846,0,0,0,0,0,0,78.18793994,0,0,0
NPA000869,0,0,253.5403917,0,0,0,0,0,0,0
NPA000899,0,0,0,0,0,0,0,100.3452952,0,0
NPA000938,2503.230365,0,0,0,0,1228.362562,0,0,0,0
NPA001159,0,0,0,0,0,279.6453537,0,0,0,0
NPA001193,0,1156.973423,687.1792331,12376.06983,482.2741103,0,424.7267558,1788.260835,0,4774.835844
NPA001253,349.6089948,0,0,1105.485942,0,0,0,0,0,302.9957031
NPA001286,0,0,0,287.8631446,0,0,0,0,0,0
NPA001373,95.29110204,0,0,0,0,0,0,0,0,0
NPA001403,1073.249793,0,0,0,0,0,0,0,0,0
NPA001476,0,0,0,0,0,0,0,0,287.9626642,0
NPA001487,0,0,56.56852892,0,0,0,0,0,0,0
NPA001508,0,1343.614072,1270.194878,0,0,0,0,1418.116199,0,0
NPA001575,0,0,0,0,0,0,0,0,438.1720025,0
NPA001584,342.3456512,166.5028279,0,0,0,589.9293791,0,0,0,0
NPA001606,0,0,0,0,0,171.7501671,0,0,0,0
NPA001610,0,0,142.0929633,0,0,0,0,237.190578,0,0
NPA001658,0,0,361.1231283,0,543.197526,0,0,0,0,0
NPA001658,0,0,0,164.5867578,0,0,0,0,0,0
NPA001665,0,0,564.221422,0,0,0,0,0,0,0
NPA001701,3221.195952,4776.803537,2501.309991,0,0,4814.591103,0,7570.085876,0,2058.304
NPA001712,0,0,0,0,0,0,0,0,0,91.37843752
NPA001724,4250.081288,180.9692053,0,0,0,5211.844264,0,0,0,0
NPA001760,0,115.0412793,424.4710287,0,0,0,0,0,0,0
NPA001893,0,0,0,0,96784.13082,0,0,0,79292.69464,0
NPA002052,0,0,0,0,0,0,0,0,0,0
NPA002127,153.4911504,0,0,0,0,0,0,0,0,0
NPA002140,0,4798.263408,0,0,0,0,2028.732393,0,0,0
NPA002140,0,0,267.9322035,1288.831274,133.7278103,0,0,1329.428773,0,195.9499531
NPA002176,0,0,0,0,0,0,0,0,0,0
NPA002201,0,0,0,0,0,0,0,0,0,0
NPA002316,203.3970461,0,0,0,0,206.1748946,0,0,0,0
NPA002321,303984.6487,0,141.1224501,0,0,309363.8199,0,189.0935831,0,0
NPA002346,360.8996301,72.86978166,0,0,0,0,0,0,0,0
NPA002388,0,0,0,0,0,0,0,0,0,0
NPA002401,0,0,93.70633951,0,0,0,0,0,0,0
NPA002466,797904.2821,1637.777314,9964.397366,0,0,830669.5296,1377.533493,9654.161837,0,0
NPA002576,114635.9348,233.9105396,8636.263319,0,0,115764.3178,376.4316986,8772.019,0,0
NPA002623,1528.36475,0,0,0,0,1315.537212,0,0,0,0
NPA002631,0,0,0,0,0,0,0,95.09370057,0,0
NPA002631,309.0102669,0,0,0,0,0,0,0,0,0
NPA002773,0,0,0,0,0,164.0151882,0,0,0,0
NPA002798,130664.7302,363.1633316,2453.572021,0,0,132312.0857,445.3921528,1826.04261,0,0
NPA002965,0,133.9512557,0,0,0,0,93.22299466,0,0,0
NPA003008,212.672117,0,0,0,0,0,0,0,0,0
NPA003070,972471.3834,3019.759586,14547.9458,0,0,1018923.605,2512.115118,14287.36101,0,0
NPA003094,0,0,0,54.23345705,0,0,0,0,0,0
NPA003107,0,0,133.7406549,0,0,0,146.578241,0,0,0
NPA003110,0,0,122.8306342,0,0,0,0,0,0,0
NPA003115,0,0,0,1106.891729,0,0,756.9173113,210.8917499,0,510.0635782
NPA003163,278.9807453,0,0,129.6517969,0,0,191.6382077,0,0,0
NPA003222,0,0,0,0,0,0,0,0,0,0
NPA003235,114.8161297,0,0,0,0,0,0,0,0,0
NPA003379,0,0,0,0,17504.97632,0,0,0,11642.49114,0
NPA003439,226.5037074,0,0,58.7058252,0,161.4945389,0,0,0,0
NPA003471,56936.81807,23278.11365,0,0,0,45635.57748,10366.9803,0,0,0
NPA003661,0,429.8918712,880.0232748,0,176.5164713,0,0,283.9566109,0,79.36886718
NPA003754,30056.40143,0,0,0,0,33798.85246,0,0,0,0
NPA003802,63985.18197,1053.481445,6697.751621,0,0,54046.62176,1651.872979,5657.922159,0,0
NPA003802,0,0,180.1568603,0,0,424.3487357,0,630.4946598,0,630.6395234
NPA003807,0,0,0,0,80.79637044,0,0,0,0,0
NPA003830,210.1831271,0,0,0,0,0,0,0,0,0
NPA003855,604.9105365,0,134.0382216,0,0,0,192.0576075,0,0,0
NPA003898,724.4709019,0,0,0,0,3105.002608,0,0,0,0
NPA003950,0,0,104.192844,0,0,0,0,0,0,0
NPA003989,0,0,0,0,0,0,0,92.97386766,0,0
NPA004005,0,0,0,0,0,6514.394943,0,0,0,0
NPA004142,1311.225456,0,0,0,0,0,0,0,0,0
NPA004274,0,0,0,0,0,150.48566,0,0,0,0
NPA004350,0,0,0,0,0,0,0,108.7672691,0,0
NPA004454,0,164.2609279,0,0,0,0,0,0,0,0
NPA004489,0,429.3122843,0,0,0,0,0,244.0705597,0,0
NPA004506,1020.239975,0,0,0,0,1546.905017,0,0,0,0
NPA004746,0,0,0,0,0,0,0,0,0,0
NPA004795,0,0,0,0,0,154.5276779,0,0,0,0
NPA004838,12489.11416,3777.452526,0,487.7191602,0,10594.6598,285.058555,0,0,0
NPA004852,0,0,0,0,0,0,0,945.9225425,0,0
NPA005020,570.0444897,0,0,0,0,0,0,0,0,0
NPA005168,150.0674088,0,0,0,0,0,0,0,0,0
NPA005376,0,0,0,0,0,817.2148695,0,0,0,0
NPA005516,0,0,0,0,0,0,0,0,0,0
NPA005737,0,0,0,0,0,0,0,0,0,0
NPA005785,87577.82581,20755.49877,0,1855.118926,0,101033.8777,24321.21981,0,0,0
NPA005804,0,0,457.5629883,0,1464.378819,269.7934057,889.146349,173.7926103,0,0
NPA005932,0,0,1736.627062,0,0,0,0,2187.215375,0,0
NPA005952,65.88697802,0,0,0,0,0,0,0,0,0
NPA006074,3868.703644,0,0,0,0,2015.672903,0,0,0,0
NPA006107,0,0,9208.257758,0,0,137.4713457,0,7568.706376,0,0
NPA006212,118.0781682,0,0,0,0,0,0,0,0,0
NPA006263,0,0,0,0,0,0,0,227.1189923,0,0
NPA006351,0,0,0,0,0,0,184.893487,200.4386867,0,0
NPA006371,312.3304758,0,0,0,0,295.8692178,0,0,0,0
NPA006385,163.0161263,0,0,0,0,0,0,0,0,0
NPA006390,0,490.9846147,1139.055298,0,3520.618837,0,713.8980411,1374.321876,788.5067652,0
NPA006507,81891.20278,39033.9592,0,0,0,64058.84144,21066.30258,0,0,0
NPA006507,0,0,0,0,0,0,0,0,312.4674762,474.2117813
NPA006597,201.0005877,0,127.3470594,0,1185.50089,255.4071238,0,0,0,265.65775
NPA006643,109.7948787,0,0,0,0,0,0,0,0,0
NPA006656,241.6761096,0,0,0,0,0,0,0,0,0
NPA006658,0,0,0,0,0,0,340.8858679,0,0,0
NPA007003,178.14804,0,0,0,0,0,0,0,0,0
NPA007047,0,0,0,0,0,104.9103104,0,0,0,138.7875
NPA007170,3820.178409,0,0,0,0,1475.94413,0,0,0,0
NPA007303,0,0,0,0,491.1716362,0,0,0,338.3166186,0
NPA007488,0,0,458.9666748,0,0,0,0,386.7270199,0,0
NPA007544,0,0,0,0,0,1248.953433,0,0,0,0
NPA007604,1309.923258,0,0,0,0,0,0,0,0,0
NPA007700,0,0,342.1453179,94.1044043,192.2296007,0,0,822.2112959,0,0
NPA007708,0,726.4610693,0,169.5475977,0,0,2386.797339,0,0,0
NPA007708,0,0,0,0,0,0,418.8337717,0,0,0
NPA007768,94145.45472,150.7358248,0,274.2146339,0,98362.14752,0,0,0,119.3103438
NPA007823,66789.85485,0,0,0,0,69802.88795,0,0,0,0
NPA007900,0,0,336.9349094,0,0,0,0,161.756428,0,0
NPA007900,283.9003215,0,0,0,0,380.1121762,0,0,0,0
NPA008018,38657.0211,0,0,0,0,40107.46857,0,0,0,0
NPA008127,0,0,0,0,212.5234376,0,0,0,0,0
NPA008161,0,62.91049178,0,0,0,0,0,0,0,0
NPA008221,0,0,0,0,0,0,0,0,0,0
NPA008340,0,0,0,0,0,0,0,0,0,0
NPA008351,514.4837355,0,0,0,0,0,0,0,0,0
NPA008379,213366.5154,0,0,0,0,212916.9453,0,81.98240335,0,0
NPA008451,0,0,192.7521837,0,0,0,0,0,0,0
NPA008465,0,386.9081072,0,0,0,0,0,0,0,0
NPA008656,0,0,0,245.4873242,0,0,0,108.6551251,0,183.2145782
NPA008656,0,0,0,0,0,0,121.4538792,0,0,120.008625
NPA008656,0,0,0,30.64976074,0,0,68.58807434,0,0,0
NPA008662,81.83785605,0,334.7931044,780.8503662,0,0,0,369.3681517,344.8576767,159.5384062
NPA008704,0,0,0,278.524336,0,0,0,0,0,130.0290469
NPA008767,0,0,0,38.40529053,0,0,0,0,0,0
NPA008967,0,0,0,0,0,0,0,0,0,0
NPA009053,0,360.9652512,0,0,2642.089627,0,0,714.5811905,3528.103459,0
NPA009202,0,0,0,53.2133545,0,0,0,0,0,0
NPA009290,0,0,0,0,0,0,0,313.8458515,0,0
NPA009293,0,0,30822.43392,0,939.1586048,0,737.7964109,15293.09356,2490.107365,0
NPA009398,2464.517941,0,0,0,0,2239.104775,0,0,0,0
NPA009438,0,0,983.8546143,0,0,0,0,581.7741853,0,0
NPA009537,0,0,0,0,0,145.0736791,0,0,0,0
NPA009560,0,41.59882153,0,0,0,0,0,0,0,0
NPA009568,0,0,0,91.92026365,0,0,0,0,0,0
NPA009604,37471.61138,42703.26948,16129.12305,38178.134,0,41269.59406,41843.54958,16827.20629,0,37121.05966
NPA009613,1780.529833,0,0,0,0,2238.054379,0,0,0,0
NPA009685,0,0,0,0,0,0,0,0,0,0
NPA009703,36343.06511,5593.063423,0,0,0,41340.18624,7213.240196,0,0,0
NPA009798,0,0,0,0,0,0,0,0,0,0
NPA009824,0,0,0,64.97000975,0,0,0,0,0,0
NPA010031,0,0,0,0,0,0,0,0,0,0
NPA010100,0,91.93331215,0,0,0,0,1088.896658,0,0,0
NPA010109,714.2676473,0,0,0,0,410.8889288,0,0,0,0
NPA010147,6284.331167,0,0,0,0,0,0,0,0,0
NPA010239,2274.837389,0,0,0,0,0,0,0,0,0
NPA010381,0,0,0,0,201.2203126,0,8834.486,0,0,0
NPA010463,840.974523,0,0,0,0,678.1500308,0,0,0,0
NPA010587,0,0,229.5346138,0,0,0,0,0,0,0
NPA010697,0,0,0,0,0,0,0,0,294.4516248,0
NPA010799,0,0,0,0,0,580.1299342,0,0,0,0
NPA010814,18929.5251,2063.00248,91.99315729,0,0,8098.615389,1285.266631,73.56602924,0,256.3598672
NPA010845,19617.84071,0,0,0,0,38551.98314,0,0,0,0
NPA010963,0,0,0,0,0,0,0,0,0,0
NPA010990,590.9488385,3529.784797,0,0,0,0,0,0,0,0
NPA010993,0,0,0,0,0,0,0,0,561.2674932,0
NPA011148,0,0,0,0,467.4822482,0,0,0,0,0
NPA011247,0,0,0,239.1751074,909.6781467,0,0,0,221.2234488,174.5601094
NPA011256,10422.51635,1006.334296,0,0,0,7399.033435,385.4307318,0,0,0
NPA011256,0,0,156.0524834,77.03546875,0,0,0,0,0,0
NPA011389,673.2945935,0,0,0,110452.6005,0,0,0,69385.58628,0
NPA011591,282.2098658,0,0,0,0,0,0,100.1974634,0,0
NPA011599,0,0,0,0,0,0,0,124.9008356,0,0
NPA011623,808999.9845,1012.652416,12195.78531,0,0,828322.889,1129.87382,12028.58758,0,0
NPA011646,0,0,0,0,515.3176432,0,0,0,3810.634398,0
NPA011760,0,0,0,1329.568907,0,0,0,0,0,0
NPA011762,52622.63261,0,0,0,0,53566.77277,0,0,0,0
NPA011820,0,0,109.6160617,0,0,0,0,0,0,0
NPA011989,0,0,0,0,0,0,0,0,339.3904835,0
NPA012029,0,0,85.44764542,0,0,0,0,0,0,0
NPA012141,135.9205096,0,0,0,0,129.2985968,0,0,0,0
NPA012287,0,0,0,0,1149.808984,0,0,0,2273.414558,0
NPA012427,396.9685598,0,0,0,0,0,0,0,0,0
NPA012488,0,0,88.17034236,0,0,0,0,0,0,0
NPA012554,179.8410364,0,0,0,0,0,0,0,0,0
NPA012808,0,0,0,0,0,0,0,92.60874456,0,0
NPA012871,0,0,0,0,0,0,0,115.1307172,0,0
NPA012945,651.2289132,0,0,0,0,0,0,0,0,0
NPA013327,116.1694379,0,0,0,0,197.3778526,0,0,0,0
NPA013496,524781.6276,603782.9529,660411.9616,736482.6238,0,509942.0245,558859.9363,649505.1602,0,582391.8514
NPA013496,329883.9575,418473.4261,518965.446,557471.8886,0,298468.2293,396874.0039,495859.1746,0,428605.2246
NPA013496,0,0,0,0,401664.9058,0,0,0,256207.8512,0
NPA013496,0,0,0,0,299737.4338,0,0,0,188168.0669,0
NPA013496,0,0,0,84.48620115,0,0,0,0,0,0
NPA013731,0,0,143.526652,844.8250782,0,0,0,77.99656968,0,217.0572813
NPA013847,0,0,103.4388224,0,0,0,0,96.8488862,0,0
NPA013867,0,0,191.2207574,0,0,0,0,154.4570065,0,0
NPA013980,66397.41531,17929.05928,0,0,0,73244.82702,25541.01263,0,0,0
NPA014102,0,0,0,0,0,126.3725714,0,0,0,0
NPA014193,0,5243.27061,0,0,0,0,9468.887338,0,0,0
NPA014366,56.19076241,0,0,0,0,0,0,0,0,0
NPA014373,509.3075221,0,0,0,0,0,0,0,0,0
NPA014652,0,205.6111244,5127.989461,0,2385.535102,0,2865.250058,4226.558915,1603.323723,0
NPA014825,0,0,0,0,0,0,0,0,0,0
NPA015071,0,0,0,0,1788.037956,0,0,0,669.8076596,0
NPA015534,0,0,0,0,0,417.0656609,0,0,0,0
NPA015579,166.0748237,249.9536762,0,262.6775879,0,0,0,0,0,0
NPA015579,0,0,0,205.644961,0,0,0,0,0,0
NPA015755,331.9460039,0,0,0,0,0,0,0,0,0
NPA015773,0,0,0,0,0,254.5853721,0,0,0,0
NPA016115,643.5631222,0,0,0,0,2108.614772,0,0,0,0
NPA016125,282.9371025,0,0,0,0,0,0,0,0,0
NPA016189,6844.638931,0,0,0,0,11666.07024,0,0,0,0
NPA016189,72758.04739,0,0,0,0,77718.85444,0,0,0,0
NPA016249,0,0,0,0,0,0,0,0,0,0
NPA016292,0,121.2347464,0,0,0,0,0,147.3237985,0,0
NPA016317,148.3842471,0,0,0,0,0,0,0,0,0
NPA016430,0,0,267.9222412,0,0,0,0,0,0,0
NPA016450,0,0,0,0,0,0,672.3189009,0,0,0
NPA016522,0,0,0,0,0,199.5396793,0,0,0,0
NPA016551,0,157.8368002,146.3049317,350.2937012,0,0,0,397.9628536,0,238.7212422
NPA016551,0,0,90.77292208,163.5821143,0,0,0,0,212.1753709,0
NPA016707,35331.72022,0,0,0,0,31253.39656,0,0,0,0
NPA016747,183.4988419,0,0,0,0,603.799702,0,0,0,0
NPA016796,0,0,0,0,13301.35625,0,0,0,7280.735451,0
NPA016872,0,0,0,0,666.4578126,0,0,0,715.619169,0
NPA016929,2785.358787,114.1493601,0,0,0,2650.801861,0,0,0,0
NPA017050,106299.5164,0,0,0,0,110181.4453,0,0,0,0
NPA017214,0,0,0,0,4263.659375,0,0,0,11134.53419,0
NPA017533,0,0,0,0,0,0,0,0,0,66.11378125
NPA017597,186.3014035,0,0,0,0,0,0,0,0,0
NPA017664,0,160.2008723,8026.546455,0,124.5310547,0,269.088316,10445.65822,0,0
NPA017868,0,0,0,0,0,516.4332339,0,0,0,0
NPA017874,0,0,0,0,0,0,0,0,0,0
NPA017953,0,193.6782496,0,141.080752,0,0,0,1117.451098,0,0
NPA017953,0,220.4574866,0,0,0,0,0,0,0,0
NPA017989,69.2159197,0,0,0,0,0,0,0,0,0
NPA018147,0,0,0,0,25463.20681,0,0,0,20978.90605,0
NPA018202,1146.318653,519.6394508,0,0,0,1523.641139,770.3011294,0,0,0
NPA018277,0,0,0,0,0,0,124.4392404,0,0,0
NPA018280,0,0,0,0,0,0,0,0,0,135.4331562
NPA018377,0,0,0,0,0,0,196.781192,0,0,0
NPA018483,0,0,191.8754476,0,158.18597,0,0,215.2346717,0,0
NPA018548,289.1631119,0,0,0,0,0,0,0,0,0
NPA018560,0,0,0,0,0,0,0,127.1890452,0,0
NPA018626,0,0,0,0,0,406.2317793,0,0,0,0
NPA018680,0,0,0,0,212.9357204,0,0,0,0,0
NPA018847,853.4835281,0,0,0,0,0,0,0,0,0
NPA018852,0,721.8082822,0,195.0087012,0,0,0,0,0,0
NPA019086,814.675643,0,0,0,0,441.9453639,0,0,0,0
NPA019271,22682.61987,1802.028728,0,73.33925295,0,18011.75789,1923.900391,0,0,89.77464064
NPA019593,0,0,915.419203,0,0,0,0,0,0,0
NPA019768,7485.011805,0,0,0,0,8388.265882,0,0,0,0
NPA020003,0,0,0,0,0,0,0,0,0,0
NPA020064,0,0,0,0,379.6409397,0,0,0,457.2407581,0
NPA020070,5866.112815,0,0,0,0,8446.172543,0,0,0,0
NPA020078,2039.105624,1206.5949,0,0,0,2288.997173,0,0,0,0
NPA020191,1234.129321,0,0,0,0,325.021947,0,0,0,0
NPA020252,379.6532771,74.56855706,0,0,0,0,0,0,0,0
NPA020253,48116.54646,0,0,0,0,42825.38251,0,0,0,0
NPA020256,141.9250381,0,0,0,0,0,0,0,0,0
NPA020308,93.13191372,0,0,0,0,0,0,0,0,0
NPA020361,0,0,2695.615601,1814.297022,0,0,0,1728.87123,0,1673.210516
NPA020387,0,0,0,0,0,0,0,0,0,0
NPA020415,349.0359859,2912.030375,0,0,0,1618.513646,0,0,0,0
NPA020429,1202.38264,0,0,0,0,1121.400789,0,0,0,0
NPA020596,0,0,0,0,0,0,216.8330368,0,0,0
NPA020672,0,377.1631158,5452.946995,0,0,0,0,2334.838391,904.4659617,0
NPA020672,0,0,0,0,0,0,147.0528794,0,0,0
NPA020808,138.078367,0,0,0,0,190.7674368,0,0,0,0
NPA020814,953401.1848,4330.742451,21919.06017,0,0,989339.8043,3332.358447,20825.73346,0,0
NPA020814,0,0,0,0,0,0,0,0,0,0
NPA021090,133496.2621,133747.3313,31854.36144,287168.5776,3531.475,124251.0375,151481.1759,27709.86482,0,232714.3993
NPA021090,23875.96847,59002.44762,166259.346,4093.821485,143154.8196,28391.66766,31087.77762,167211.2495,102620.0183,6945.31275
NPA021090,0,0,0,0,17494.74644,0,0,0,13097.58096,0
NPA021090,0,0,0,0,10824.23145,0,0,0,3713.516474,0
NPA021093,0,0,622.1155735,0,0,0,0,622.1337149,0,0
NPA021099,7451.278709,0,0,0,0,6575.364695,0,0,0,0
NPA021156,30761.88675,0,0,0,0,27667.00196,0,0,0,0
NPA021160,171.3292139,0,0,0,0,217.5422749,0,0,0,0
NPA021262,0,0,0,0,0,0,0,0,0,0
NPA021273,0,0,0,0,2830.422786,0,0,0,3194.922838,0
NPA021278,0,0,0,0,0,0,0,160.7221,0,0
NPA021314,0,0,0,0,0,0,159.3478786,0,0,0
NPA021343,520.789028,0,876.9624295,0,3046.177431,1958.179019,0,940.4782189,0,0
NPA021377,0,0,0,0,0,2145.029195,0,0,0,0
NPA021436,0,0,0,0,0,0,0,0,0,0
NPA021457,2244.128474,0,0,0,0,1175.760537,0,0,0,0
NPA021525,469.9012721,0,0,0,0,0,0,0,0,0
NPA021539,178.6183628,0,0,1608.780425,0,0,0,0,0,0
NPA021541,0,0,0,0,147.5449978,0,0,0,0,0
NPA021542,2431.844182,0,0,0,0,470.8550576,0,0,0,0
NPA021694,35243.92163,0,0,0,0,40230.10773,0,0,0,0
NPA021742,0,0,99.9462009,0,0,0,0,204.9793933,0,0
NPA021908,216920.5268,227085.6373,296473.9596,319740.3327,362.731467,180796.5747,213477.9336,302936.622,0,241137.9611
NPA021908,38843.85179,132979.7022,110941.5258,180248.1662,42345.83065,28056.22834,148987.948,99972.2195,6153.987829,186048.9492
NPA021908,7780.745938,76302.36647,77795.60748,74465.28454,1439.709288,5828.343288,90637.41086,77165.93602,0,89462.10126
NPA021908,463.7468197,0,0,1238.672696,277714.8042,0,0,0,198918.0018,0
NPA021908,0,0,1083.180339,0,95791.01051,550.9645867,0,746.0560722,70110.30164,0
NPA022046,0,0,0,0,0,0,0,0,0,558.3424063
NPA022047,1583.551559,5953.40232,5235.425252,148737.2009,5627.982248,1882.46158,12936.62898,3309.962594,4009.59692,172627.7919
NPA022222,47149.54259,0,0,0,0,42574.15666,0,0,0,0
NPA022245,69122.91061,1885.684325,0,0,0,83625.12767,2132.264291,1270.102749,0,0
NPA022312,0,68.02978215,0,0,0,766.0968339,0,0,0,0
NPA022323,0,130.8181317,0,0,0,190.8664679,0,0,0,0
NPA022415,0,0,0,120.5928418,0,0,0,0,0,69.66589844
NPA022511,1325.203021,0,0,0,0,1423.303248,0,0,0,0
NPA022527,31889.53671,0,0,0,0,43402.21824,0,0,0,0
NPA022642,0,0,342.3790826,0,0,0,0,126.3904396,0,0
NPA022726,3688.290445,0,0,0,0,1924.552889,0,0,0,0
NPA022735,0,0,145.8704292,0,0,0,0,0,0,0
NPA023215,0,0,0,0,0,0,0,0,0,0
NPA023287,0,0,96.16539174,0,0,0,0,0,0,0
NPA023287,0,0,0,0,0,0,0,0,0,0
NPA023288,4749.892889,224.421851,0,6481.500693,0,7225.490029,239.4712446,128.1387955,0,2072.722609
NPA023523,33116.8433,0,0,0,0,27015.79379,0,0,0,0
NPA023609,1259.504183,0,0,0,0,1275.792917,0,0,0,0
NPA023794,216.3718024,0,554.0361599,0,0,0,40205.14904,0,0,0
NPA023904,0,0,0,0,0,0,0,0,0,90.31891408
NPA023924,93.04716885,84.00295368,0,0,0,0,0,0,0,0
NPA023955,3432.199323,2196.497867,0,0,0,2289.643297,1130.011371,0,0,0
NPA023984,342.4656042,0,0,0,0,0,0,0,0,0
NPA024045,0,0,553.3820123,0,0,0,0,376.5735141,0,0
NPA024307,474.7141524,649.6472633,0,0,0,1400.682771,0,0,0,0
NPA024307,0,0,435.6176215,0,0,0,0,0,0,0
NPA024353,218.5290895,0,0,0,0,0,0,0,0,0
NPA024461,0,0,0,179.865586,672.1121093,0,309.9056699,0,0,647.6014062
NPA024578,5890.317357,570.8433546,0,5713.941343,0,9716.88564,388.3162322,98.61453595,0,7807.385547
NPA024599,0,0,0,0,0,0,0,0,0,52.14541797
NPA024608,0,0,390.0027398,0,0,0,0,411.2287628,0,0
NPA024608,0,100.037409,0,0,0,0,0,0,0,0
NPA024653,193.7561359,0,0,0,0,0,0,0,0,0
NPA024661,0,0,0,0,0,0,0,126.221247,0,0
NPA024689,0,0,216.8971897,0,0,0,0,0,0,0
NPA024774,482.8321177,0,0,0,0,1009.70256,0,0,0,0
NPA024800,0,0,0,0,0,0,0,0,0,0
NPA024839,0,1579.88455,0,0,0,0,132.3427154,0,0,0
NPA024845,202.9458483,0,0,0,0,273.3612511,0,0,0,0
NPA024854,308.4818169,0,0,0,0,0,0,0,0,0
NPA024949,0,0,0,0,0,157.3843801,0,0,0,0
NPA024967,0,0,70.98088924,0,0,0,0,0,0,0
NPA025019,0,0,0,0,0,176.3122687,0,0,0,0
NPA025169,0,0,336.3549262,0,537.3226129,0,0,0,0,0
NPA025752,1014.911314,3107.026781,3734.373074,0,0,2299.794665,2500.8563,2496.529841,0,0
NPA025752,0,0,0,0,5129.674827,0,0,0,4478.228289,0
NPA025790,0,0,0,0,0,979.3481703,0,0,0,0
NPA025904,516.8965017,16439.37665,4652.078234,0,62717.0474,0,2841.803257,3940.463311,41130.50396,0
NPA025904,0,0,0,3908.887422,0,0,0,0,0,2977.777625
NPA025904,0,0,0,0,0,0,0,0,4672.221751,0
NPA026210,0,0,0,102.4150196,0,0,0,150.7337322,0,388.4889531
NPA026321,170447.2337,0,102.8149007,0,0,182298.466,0,0,0,0
NPA026431,50977.94988,0,2036.687052,1864.148896,0,39130.36231,0,793.9181789,0,1600.57325
NPA026545,0,199.4697086,0,0,0,0,0,0,0,0
NPA026781,0,0,0,0,0,0,9584.66035,0,0,0
NPA026823,172.2833414,0,0,0,0,0,0,0,0,0
NPA026865,303.3952918,0,0,0,0,0,0,0,0,0
NPA027247,0,0,0,57.17702635,0,0,0,0,0,0
NPA027334,111.7102029,0,0,0,0,0,0,0,0,0
NPA027334,0,0,0,0,0,0,0,164.5708935,0,0
NPA027349,0,0,0,0,0,349.8235763,0,0,0,0
NPA027363,0,0,0,0,0,0,0,0,0,0
NPA027386,0,0,0,0,0,0,0,0,0,99.02747656
NPA027486,0,174.9196942,0,0,0,0,0,0,0,0
NPA027575,186.8335177,0,0,0,0,0,0,0,0,0
NPA027603,0,164.6858404,0,0,0,0,0,0,0,0
NPA027637,0,150.4244872,0,0,0,0,0,0,0,0
NPA027644,0,0,0,910.1549903,423.5905599,0,0,0,0,592.4095782
NPA027951,2398.752489,0,158.2030708,0,0,3079.730777,0,0,0,0
NPA028076,0,0,0,752.9335889,0,0,442.3740911,0,0,103.4983828
NPA028324,0,0,0,0,0,0,0,0,0,0
NPA028325,0,0,0,0,0,0,0,0,0,0
NPA028326,0,0,0,0,0,0,0,0,0,0
NPA028366,104801.2561,0,180.1670328,0,0,99277.50915,0,766.665002,0,0
NPA028426,0,0,263.2041287,0,0,0,0,0,0,0
NPA028445,0,213.1414098,158.5011665,736.2426465,220.2294488,0,178.3666848,0,0,225.95525
NPA028445,145.8296979,115.0899995,0,179.0311133,0,0,0,0,0,160.0689218
NPA028449,0,0,0,0,0,0,0,0,1204.844429,0
NPA028450,0,0,0,0,0,0,0,92.48718108,0,0
NPA028589,387792.1048,0,479.0768094,0,0,401818.1365,0,109.1167054,0,0
NPA028602,1348.723157,0,0,0,0,1222.1976,0,0,0,0
NPA028712,448.6010958,0,0,0,0,649.5471834,0,0,0,0
NPA028743,1208.557073,0,0,0,0,1810.23088,0,0,0,0
NPA028752,426.826941,0,0,0,0,0,0,0,0,0
NPA028840,666.7782252,0,0,0,0,1491.82134,0,0,0,0
NPA028841,0,0,0,0,0,0,75.01927986,0,0,0
NPA028989,0,0,0,725.2338623,0,0,0,0,0,118.8184062
NPA028989,0,0,0,317.5922559,0,0,0,0,0,137.2177656
NPA028989,335.3671529,0,0,0,0,0,0,0,0,0
NPA029090,0,0,498.0591635,0,0,777.2164371,0,842.2429663,0,0
NPA029097,0,116.622256,0,0,0,0,132.7064028,161.193792,0,0
NPA029098,0,0,0,0,0,0,0,297.9058792,0,0
NPA029102,0,0,0,0,0,0,0,287.425089,0,0
NPA029127,572.6175678,0,0,0,0,1089.977385,0,0,0,0
NPA029249,87470.75201,109961.125,125549.3239,148069.6538,5820.179558,81208.38806,105278.4494,129037.9072,0,108796.2596
NPA029284,0,0,95.00330944,0,945.7074219,0,0,1123.468021,345.8845675,0
NPA029347,1192.603395,953.2657268,0,0,0,2105.930561,482.5906655,0,0,0
NPA029351,0,0,0,37424.01799,4080.935178,0,0,5234.963274,358.0867584,9423.080914
NPA029934,3967.959978,0,0,0,0,3146.484786,0,0,0,0
NPA030263,0,0,0,0,0,633.9976871,0,0,0,0
NPA030295,264288.971,0,508.0730863,0,0,274471.0979,0,116.4071647,0,0
NPA030698,0,0,725.4154188,0,8144.447135,0,0,379.4700603,5229.180593,0
NPA030810,0,0,0,0,0,0,0,99.17824741,0,0
NPA031081,969525.3678,4547399.845,4346154.345,578009.0467,3590097.494,887798.4293,4428841.54,4347883.394,63857.16327,613702.9123
NPA031081,128.5390971,468.2971266,0,0,79372.12222,0,0,286.0747874,3037394.011,0
NPA031081,6592.937984,359339.2181,222288.8577,2599.666563,2653.583127,16263.73283,265468.8619,261353.2988,0,15467.58941
NPA031081,32392.85789,196723.3934,159894.0019,29428.64013,4986.114063,14130.36274,366932.1973,159943.8164,0,21818.48019
NPA031081,0,0,0,0,261773.2926,0,5589.714921,0,318909.6182,0
NPA031081,0,0,0,0,204655.0719,0,0,0,98047.18161,0
NPA031081,0,2601.011036,485.1766628,0,199.7352431,0,5512.102588,493.0460468,0,0
NPA031081,0,0,890.3800185,0,209.5940104,0,0,193.3457402,0,0
NPA031081,0,0,129.999566,0,73.03847113,0,0,0,0,0
NPA031081,0,0,0,0,0,0,129.412061,0,0,0
NPA031138,484.0147781,0,0,0,0,344.3872584,0,0,0,0
NPA031140,475.6676576,56.08512869,0,0,0,841.0265214,0,0,0,0
NPA031253,0,0,0,0,0,353.9044254,0,0,0,0
NPA031289,0,0,317.2145047,0,0,0,0,157.892232,0,0
NPA031386,1159.066043,0,0,0,0,1268.193616,0,0,0,0
NPA031387,333720.2741,973.6226994,143.3303087,0,0,343139.0103,318.6599436,0,0,0
NPA031992,1719888.821,16739.73456,62460.63968,0,0,1796314.635,16071.64063,64343.04947,0,0
NPA032252,324.3701604,0,0,0,0,1413.104338,174.6952932,0,0,0
NPA032415,0,0,0,0,1066.078928,0,0,0,846.9988678,0
NPA032654,0,0,0,80.35314455,0,0,0,0,0,0
NPA032660,0,0,0,0,0,0,0,0,0,0
OA-PG,27998.20676,0,0,0,0,25790.07461,0,0,0,0
OHOHA-PI,1698.289719,0,0,0,0,4546.562963,0,0,0,0
OHOOA-PA,863.0378181,0,0,0,0,1300.100329,0,131.3799323,0,0
"Okanin 4_-_2_,4_-diacetyl-6_-p-coumarylglucoside_",0,173.5161762,1099.473457,0,0,0,0,1131.488084,0,0
OKHdiA-PI,6097.222172,0,0,0,0,3449.068873,0,0,0,0
OKODiA-PG,0,0,0,0,0,208.8332649,0,0,0,0
Oleoyloxy-triacontenoic acid cholesterol ester,2856.617291,0,0,237.3627149,0,6709.92758,0,0,0,184.2376094
omega-linoleoyloxy-Cer_d18:0_26:0_,0,0,0,0,0,0,0,0,0,0
omega-linoleoyloxy-Cer_d18:0_30:0_,0,0,152.2658013,0,0,184.6190636,107.7629467,0,0,0
omega-linoleoyloxy-Cer_d18:0_32:0_,0,0,4582.469401,0,929.6154298,0,0,2543.071697,0,0
omega-linoleoyloxy-Cer_d18:0_34:0_,0,870.7047187,0,0,0,0,0,0,0,0
omega-linoleoyloxy-Cer_d18:0_34:0_,0,0,0,0,0,0,585.6841159,0,0,0
omega-linoleoyloxy-Cer_d18:0_34:0_,0,90.96691669,0,0,0,0,0,0,0,0
omega-linoleoyloxy-Cer_d18:1_33:0_,4761.971222,0,0,0,0,3157.173764,0,0,0,0
omega-linoleoyloxy-Cer_d18:2_34:0_,2104.519428,5295.876342,0,0,0,5982.849866,4505.493077,0,0,0
omega-linoleoyloxy-Cer_d18:2_34:0_,0,0,332.9684516,0,0,0,0,337.6090042,0,0
omega-linoleoyloxy-Cer_d19:1_34:0_,0,88.28012368,0,0,0,0,136.5298287,0,0,0
omega-linoleoyloxy-Cer_d19:1_34:0_,0,274.4747412,0,0,0,0,0,236.0555652,0,0
omega-linoleoyloxy-Cer_t18:0_31:0_,0,1033.973555,0,0,0,0,237.449006,159.6298704,0,0
omega-linoleoyloxy-Cer_t18:0_32:0_,0,740.2695313,256.2370606,0,0,0,974.2452816,0,0,0
omega-linoleoyloxy-Cer_t18:1_6OH_26:0_,0,0,0,0,0,0,0,179.3631823,0,0
omega-linoleoyloxy-Cer_t18:1_6OH_26:0_,0,0,978.3590901,0,0,0,0,728.5881131,0,0
omega-linoleoyloxy-Cer_t19:0_32:0_,0,70875.96578,101519.8841,27868.07562,42506.1201,9670.884354,0,110547.3781,24978.1049,19478.07558
omega-linoleoyloxy-Cer_t19:0_32:0_,115962.0275,17687.91325,0,0,0,131922.8572,54012.73875,0,0,0
omega-linoleoyloxy-Cer_t19:0_32:0_,0,0,0,0,0,0,0,0,3143.84426,0
omega-linoleoyloxy-Cer_t22:0_31:0_,0,1322.810229,0,0,0,0,0,0,0,0
omega-linoleoyloxy-GlcCer_d18:1_30:0_,0,0,4232.212443,0,0,0,0,1871.114969,0,0
omega-linoleoyloxy-GlcCer_d18:1_30:0_,0,566.9666052,0,0,0,0,0,176.6826172,0,0
omega-linoleoyloxy-GlcCer_d18:1_30:0_,0,0,0,0,0,0,0,0,0,0
OON-PA,7724.226286,0,0,0,0,9167.052272,0,0,0,0
Osirisyne H,23761.73161,0,0,0,0,26475.84745,0,0,0,0
Osirisyne H,0,117.5692461,11408.35848,0,0,0,0,12006.30335,0,0
PA 32:7,900.1514104,0,0,0,0,0,0,0,0,0
"PA_12:0_17:2_9Z,12Z_",80026.27302,8150.78929,0,1915.523501,0,81923.36128,7193.965211,257.5268987,0,149.3026875
"PA_12:0_20:5_5Z,8Z,11Z,14Z,17Z_",783.8187223,0,0,0,0,642.3116005,0,0,0,0
"PA_13:0_18:2_9Z,12Z_",70561.67793,10468.26424,3268.197428,1788.562715,0,81254.56358,1521.11508,4966.874147,0,205.2032344
"PA_13:0_18:3_6Z,9Z,12Z_",0,0,0,0,0,0,0,0,0,0
"PA_15:0_22:6_4Z,7Z,10Z,13Z,16Z,19Z_",0,245.7374065,0,0,0,0,0,0,0,0
"PA_15:1_9Z_22:2_13Z,16Z_",4287.905334,216.050242,0,0,0,3487.568385,0,0,0,0
"PA_15:1_9Z_22:6_4Z,7Z,10Z,13Z,16Z,19Z_",189.5556727,0,0,0,0,0,0,0,0,0
PA_17:0_14:1_9Z_,0,344.4661379,0,0,0,0,0,0,0,0
"PA_17:1_9Z_22:2_13Z,16Z_",810.2294318,91.04763589,0,0,0,233.7647255,0,0,0,0
"PA_17:2_9Z,12Z_22:6_4Z,7Z,10Z,13Z,16Z,19Z_",0,0,0,93.44118165,0,0,0,0,0,0
"PA_19:1_9Z_22:2_13Z,16Z_",0,0,0,0,0,199.5977462,0,0,0,0
"PA_20:1_11Z_22:6_4Z,7Z,10Z,13Z,16Z,19Z_",71850.7929,0,0,0,0,61351.51547,0,0,0,0
"PA_21:0_22:2_13Z,16Z_",0,163.0281945,0,0,0,0,0,0,0,0
"PA_22:4_7Z,10Z,13Z,16Z_22:6_4Z,7Z,10Z,13Z,16Z,19Z_",628607.3037,684.536001,355.6880561,0,0,651219.685,864.7691155,1372.980419,0,0
PA_O-18:0_14:0_,357.8168557,1062.070588,0,227.1498535,0,0,0,126.4951172,0,0
"PA_P-18:0_22:6_4Z,7Z,10Z,13Z,16Z,19Z_",604.9349765,0,0,0,0,0,0,0,0,0
Pandaroside B,46900.20102,0,0,0,0,45022.70739,0,0,0,0
Parispolyside H,0,0,83.20058868,0,0,0,0,0,0,0
Patuletin 3-glucoside-7-sulfate,0,406.8508316,0,0,0,0,0,0,0,0
"Patuletin 3,3_-di-O-sulfate",0,522.0453893,5553.298096,0,0,0,141.0802522,4890.919625,0,0
PC 19:0_32:0,0,62.80227307,201.7191772,0,0,0,0,0,0,0
PC 19:0_32:0,0,0,100.3508504,0,0,0,83.23519686,0,0,0
PC 19:2_34:2,0,0,123.9408671,0,0,0,0,65.0611093,0,0
PC 21:2_42:3,0,140.948344,0,0,0,0,0,0,0,0
PC 24:6_42:12,0,0,200.3202853,0,0,0,0,0,0,0
PC 25:0_44:11,0,0,50214.95532,0,0,0,0,48019.96874,0,0
PC 25:0_44:11,0,12822.13575,0,0,0,1534.29356,9144.757774,0,0,0
PC 27:0_26:3,0,0,231.8128933,0,0,0,0,554.4514068,0,0
PC 27:0_32:3,0,0,241.9717882,0,0,0,0,208.6796134,0,0
PC 27:0_41:0,0,0,0,0,0,0,0,159.6671715,0,0
PC 27:0_44:11,101.2329923,0,0,0,0,258.9807,0,0,0,0
PC 28:1_24:2,0,0,496.6526083,0,0,0,0,113.1102774,0,0
PC 29:0_32:9,0,107.5438914,0,0,0,0,0,0,0,0
PC 30:6_44:6,363.9890418,0,0,0,0,374.3510742,0,0,0,0
PC 30:6_44:6,0,0,726.0248481,0,0,0,0,314.0991334,0,0
PC 30:6_44:6,0,0,0,0,0,297.4452097,0,0,0,0
PC 30:6_44:6,0,0,0,89.56833985,0,0,0,0,0,0
PC 30:6_44:6,0,0,102.190511,0,0,0,0,0,0,0
PC 32:0_38:9,24743.08858,8363.301872,0,0,0,26118.83455,792.3318765,0,0,0
PC 32:0_38:9,0,0,11000.57894,560.388086,1024.298405,0,0,20445.5777,173.8577474,447.4233046
PC 32:0_38:9,0,0,0,0,0,0,0,108.8250594,0,0
PC 33:0_42:11,0,0,88.98729111,0,0,0,0,102.1477515,0,0
PC 34:5_34:5,0,0,0,0,0,0,0,0,0,0
PC 34:7_44:12,0,0,111.172092,0,0,0,0,0,0,0
PC 36:0_32:5,0,0,0,0,0,0,0,63.84425063,0,0
PC 36:6_36:6,0,0,174.4445936,62.21675295,0,0,0,609.9132837,0,0
PC 36:7_36:9,0,0,135.8900282,0,0,0,0,105.9810992,0,0
PC 37:0_32:3,0,0,0,0,253.0730034,0,0,0,0,0
PC 37:0_44:10,0,0,601.8270942,0,0,0,0,0,551.1218297,0
PC 38:6_40:9,0,0,79.31536868,0,0,0,0,0,0,0
PC 38:6_42:6,0,0,0,293.2222705,0,0,0,281.2825542,0,0
PC 38:7_40:7,0,0,372.5697699,0,0,0,0,264.6807753,0,0
PC 39:0_34:5,0,0,0,0,0,0,0,153.9879846,0,0
PC 40:0_26:5,0,0,334.0743137,0,0,0,0,630.4472162,0,0
PC 40:0_32:9,0,0,0,514.4980762,0,0,0,0,0,0
PC 40:0_36:6,0,0,0,0,0,0,0,96.94098595,0,0
PC 40:10_42:12,0,0,154.7258436,0,0,0,0,0,0,0
PC 40:11_42:12,0,0,324.3857015,0,0,0,0,0,0,0
PC 42:0_26:1,0,0,0,0,0,0,258.7052135,0,0,0
PC 42:0_30:4,0,0,0,0,0,0,0,115.1643221,0,0
PC 43:0_36:10,0,0,0,0,0,0,0,0,0,0
PC 44:0_22:1,0,0,70.37515597,0,0,0,0,0,0,0
PC 44:0_42:3,0,0,0,0,199.574197,0,0,0,0,0
PC 44:0_44:3,0,0,0,0,104.0655924,0,0,0,0,0
PC 64:4,0,0,0,0,0,0,889.7810953,0,0,0
PC 67:2,0,0,0,0,4222.385091,0,0,0,2804.626585,0
PC 69:8,0,0,9584.606336,0,906.0255426,0,0,15891.87728,383.9983865,0
PC 70:1,1461.044421,928.1716113,125.9600288,0,0,1508.392797,654.2415397,0,0,0
PC 75:10,0,0,1572.240885,0,0,0,0,1360.103318,0,0
PC 84:22,0,0,106.1812134,0,0,0,0,190.7756378,0,0
PC O-52:3,0,0,179.3953451,0,0,0,0,0,0,0
PC O-54:6,0,0,250.2876248,0,0,0,0,406.1364716,0,0
PE 20:4_44:4,0,216.5354618,0,0,0,0,167.9477297,0,0,0
PE 22:0_32:1,0,0,193.6548258,0,0,0,0,78.30272816,0,0
PE 22:0_39:0,0,14644.23586,0,0,0,0,12507.48379,0,0,0
PE 22:0_42:7,0,3003.66435,0,0,0,0,2786.347985,0,0,0
PE 22:0_42:7,0,0,0,0,0,0,0,0,0,0
PE 23:0_39:0,0,331.2999664,0,0,0,0,244.269918,0,0,0
PE 23:0_40:6,0,0,2498.295831,0,0,0,0,4178.096025,0,0
PE 23:0_40:6,0,0,0,0,0,0,0,303.3703026,0,0
PE 23:0_43:0,0,0,0,0,0,136.2199064,0,0,0,0
PE 26:7_42:7,0,0,97.58907743,0,0,0,0,311.1154013,0,0
PE 26:7_42:7,0,0,0,0,0,0,0,82.8660688,0,0
PE 30:7_44:7,0,0,122277.62,0,547.2175672,0,0,114903.0242,721.7954032,0
PE 30:7_44:7,0,38548.37999,0,0,0,809.0436112,34540.29076,0,0,0
PE 36:10_42:12,0,0,0,0,0,0,0,0,0,0
PE 39:0_28:2,0,0,0,0,0,0,0,0,0,0
PE 39:0_28:2,0,0,0,0,0,0,0,0,0,0
PE 39:0_30:4,0,0,30905.31969,0,1475.014193,0,0,34809.36422,878.0809557,0
PE 39:0_30:4,0,11740.91322,0,0,0,0,5211.516689,249.7243374,0,0
PE 39:0_30:4,0,160.7172522,0,0,0,0,0,0,0,0
PE 39:0_34:6,21196.3294,0,0,452.5950977,0,27725.72775,0,0,0,0
PE 39:0_34:6,5286.469649,0,0,0,0,3855.166581,0,0,0,0
PE 39:0_34:6,0,0,0,284.9289063,0,0,0,0,0,1178.816438
PE 40:0_30:5,0,1605.150319,0,0,0,0,477.2864133,0,0,0
PE 40:0_32:6,97.9469977,0,0,0,0,0,0,0,0,0
PE 40:0_32:9,0,107.8453916,0,0,0,0,182.1299505,0,0,0
PE 40:9_44:12,0,0,0,0,0,0,0,100.9512213,0,0
PE 43:0_28:7,0,0,0,0,0,0,257.1689937,125.4735463,0,0
PE 44:0_18:5,0,0,0,0,105.4688911,0,0,214.6972162,0,0
PE 44:11_44:12,4934.972803,0,0,0,0,9951.064608,0,0,0,0
PE 44:12_44:12,0,476.5499185,0,0,0,0,0,0,0,0
PE 44:6_32:9,0,73.94482724,0,0,0,0,0,0,0,0
PE 76:17,0,0,28180.29481,0,0,0,0,32428.89072,0,0
PE 86:20,0,0,0,935.667129,0,0,0,0,0,124.7764844
PE O-27:0_28:1,0,0,208.3826972,0,0,0,0,169.1748665,0,0
PE O-28:2_27:0,0,551.7367415,1615.266059,0,0,0,0,2010.968447,0,0
PE_16:0_18:1_9Z_-15-isoLG hydroxylactam,0,0,0,0,0,0,0,0,0,0
PE_16:0_18:1_9Z_-15-isoLG lactam,0,185.6484734,0,0,0,0,0,0,0,0
"PE_18:3_6Z,9Z,12Z_20:5_5Z,8Z,11Z,14Z,17Z_",241.7966158,0,0,0,0,489.6450966,0,0,0,0
"PE_20:3_8Z,11Z,14Z_0:0_",0,0,0,0,0,258.4253958,0,0,0,0
PE-Cer_d14:1_4E_20:0_,0,0,0,0,0,1064.412315,0,0,0,0
Penoxsulam,0,0,0,0,0,0,0,0,0,0
Pentosan Polysulfate,0,0,0,0,0,0,0,0,0,0
PG_12:0_0:0_,130.2643287,255.2603528,181.9053684,0,0,568.10809,0,304.0169106,0,0
"PG_12:0_18:2_9Z,12Z_",152682.9092,33555.67287,0,24436.53275,0,125825.0125,39593.08095,2429.718775,0,7120.87661
"PG_12:0_18:3_6Z,9Z,12Z_",2567.381585,623.1029705,0,0,0,2551.452585,148.9278504,121.6023042,0,0
"PG_12:0_20:2_11Z,14Z_",0,0,0,0,4134.510026,0,0,0,0,0
"PG_12:0_20:3_8Z,11Z,14Z_",1135.84814,0,0,0,0,267.496505,0,0,0,0
"PG_12:0_20:3_8Z,11Z,14Z_",307.1488005,0,0,0,0,0,0,0,0,0
"PG_12:0_22:4_7Z,10Z,13Z,16Z_",1978.272798,438.9371645,0,0,0,2004.826532,0,0,0,0
PG_14:1_9Z_14:1_9Z_,203044.2702,1126.895011,1825.985379,0,0,231573.4805,1305.868183,995.9852651,0,0
"PG_16:0_18:2_9Z,12Z_",57198.34562,18270.60577,1794.550618,5720.404277,0,55571.15553,7546.436262,5527.622299,0,1599.921461
"PG_16:0_18:2_9Z,12Z_",0,0,115.7020399,0,0,0,0,93.04131228,0,0
"PG_16:0_20:3_5Z,8Z,11Z_",0,0,0,0,0,354.0202637,0,0,0,0
"PG_16:1_9Z_22:2_13Z,16Z_",72358.77178,21158.83932,145.6375733,3760.186934,0,60665.41047,9627.102762,0,0,3436.991734
"PG_16:1_9Z_22:2_13Z,16Z_",0,0,5522.048421,0,1196.905968,0,0,2066.028456,0,650.4934375
"PG_17:2_9Z,12Z_0:0_",335.2633694,0,0,0,0,0,0,0,0,0
"PG_18:0_22:6_4Z,7Z,10Z,13Z,16Z,19Z_",0,0,83.88667125,0,0,0,0,0,0,0
"PG_18:1_9Z_22:2_13Z,16Z_",26760.90756,5016.120285,0,96.7420703,0,22529.0881,738.7705369,0,0,0
"PG_20:2_11Z,14Z_22:6_4Z,7Z,10Z,13Z,16Z,19Z_",0,0,0,0,0,0,0,177.1239987,0,0
PG_22:0_0:0_,704.0966883,851.0857458,454.6853163,372.5493848,0,0,256.6013884,550.3884988,0,247.333
"PG_22:2_13Z,16Z_22:4_7Z,10Z,13Z,16Z_",0,0,0,0,0,0,0,0,0,0
"PG_O-16:0_22:4_7Z,10Z,13Z,16Z_",465.6748479,0,0,0,0,0,419.5956838,0,0,0
"PG_O-18:0_18:4_6Z,9Z,12Z,15Z_",0,0,0,0,0,1330.889495,0,0,0,0
"PG_O-18:0_18:4_6Z,9Z,12Z,15Z_",0,0,576.4421116,0,0,0,0,671.6286961,0,0
PG-PA,3386161.834,42807.24466,143565.4257,0,0,3541492.984,43506.33965,145350.2741,0,0
PHDdiA-PA,8449.733822,0,0,0,0,6385.339201,0,0,0,0
PHDdiA-PI,0,0,0,0,0,310.7891911,0,0,0,0
PHODA-PI,29712.8824,0,0,0,0,39777.3604,0,0,0,0
PHODiA-PI,0,0,0,0,0,0,0,50.65997392,0,0
PHOHA-PI,200.3866496,0,0,0,0,0,0,0,0,0
PHOOA-PI,164.6359582,0,0,0,0,0,0,0,0,0
Phosphoribosyl pyrophosphate,0,0,0,0,0,0,0,0,0,219.5502969
PI 28:5,4680.44628,131.5267326,0,142.4020215,0,3301.330387,317.1107866,0,0,0
PI_12:0_14:1_9Z_,40312.82266,0,98.96094431,0,0,40240.83645,0,0,0,0
"PI_13:0_18:3_6Z,9Z,12Z_",0,126.5873754,0,0,0,156.9552451,0,0,0,0
PI_13:0_20:1_11Z_,106758.0908,22697.05387,0,21099.43055,0,73319.30947,32966.77145,0,0,3176.425484
"PI_13:0_20:2_11Z,14Z_",187.8938572,0,0,0,0,0,0,0,0,0
"PI_13:0_20:3_8Z,11Z,14Z_",0,0,0,0,1867.260189,0,0,284.4765625,0,0
PI_13:0_22:1_11Z_,156810.3867,47470.04442,2505.848226,34415.71094,0,177039.5318,52771.11007,2272.286813,0,16741.97308
"PI_13:0_22:2_13Z,16Z_",0,0,0,0,0,0,0,0,0,0
PI_14:1_9Z_14:1_9Z_,0,0,0,113.8648828,0,0,0,0,0,0
PI_15:0_22:1_11Z_,68965.93314,22239.07095,0,8886.538301,0,62938.96623,11099.06389,0,0,1421.180609
PI_15:0_22:1_11Z_,0,0,5883.391452,1375.3871,0,0,0,9025.293241,0,1245.372078
"PI_15:0_22:2_13Z,16Z_",56163.08677,4008.404459,87.17646618,213.4501368,0,58819.8199,688.471322,0,0,132.9419687
"PI_15:0_22:2_13Z,16Z_",0,0,818.2162476,0,0,0,0,4811.820238,0,152.641
"PI_15:1_9Z_22:2_13Z,16Z_",0,0,652.9697537,0,0,0,0,841.9813959,0,0
"PI_16:0_22:3_10Z,13Z,16Z_",0,0,0,0,0,0,0,196.1878214,0,0
"PI_16:0_22:5_4Z,7Z,10Z,13Z,16Z_",4967.78042,0,164.7098389,0,0,7605.04523,0,0,0,0
PI_17:0_14:1_9Z_,139795.7582,0,0,0,0,125875.641,0,93.24637804,0,0
"PI_17:0_20:4_5Z,8Z,11Z,14Z_",0,0,0,0,0,0,0,2019.200121,0,0
"PI_18:0_22:6_4Z,7Z,10Z,13Z,16Z,19Z_",0,0,0,0,0,0,0,118.9886768,0,0
PI_18:1_9Z_0:0_,3722.280835,0,0,0,0,1286.818771,0,0,0,0
"PI_18:4_6Z,9Z,12Z,15Z_22:4_7Z,10Z,13Z,16Z_",0,3348.268597,0,7751.645059,0,0,595.110574,375.6154322,0,0
"PI_19:0_22:2_13Z,16Z_",151544.4319,81399.34188,0,0,0,127271.4091,53381.31047,0,0,0
"PI_19:0_22:2_13Z,16Z_",0,0,517.7533638,0,5108.422287,0,0,322.7636966,4919.074473,0
"PI_19:0_22:2_13Z,16Z_",0,0,35675.4861,24082.36969,5163.158138,0,0,21743.60887,0,25234.27752
"PI_19:0_22:4_7Z,10Z,13Z,16Z_",5034.638758,41072.22147,0,1250.64105,0,0,20472.76588,0,0,220.3472187
"PI_19:0_22:4_7Z,10Z,13Z,16Z_",0,0,133.851142,0,2686.736068,0,0,138.4956735,1191.671847,0
"PI_19:0_22:4_7Z,10Z,13Z,16Z_",0,0,8847.451389,8225.959453,1039.867014,0,0,4447.175188,0,12008.40666
PI_19:1_9Z_0:0_,2063625.159,7424.679712,78693.90484,0,0,2164346.265,10063.14503,81826.11764,0,0
"PI_19:1_9Z_22:4_7Z,10Z,13Z,16Z_",310.1094096,0,0,0,0,0,0,0,0,0
"PI_21:0_22:2_13Z,16Z_",79970.94884,28398.69153,0,0,0,64532.65492,11050.7075,0,0,0
"PI_21:0_22:2_13Z,16Z_",0,0,4599.74231,4128.241562,501.845204,0,0,2740.564793,0,6268.365828
"PI_21:0_22:2_13Z,16Z_",0,0,0,0,0,0,0,0,0,0
"PI_21:0_22:4_7Z,10Z,13Z,16Z_",38923.74666,11615.61916,0,0,0,28229.19583,3298.505937,0,0,0
"PI_21:0_22:4_7Z,10Z,13Z,16Z_",0,0,1213.417135,882.6206934,0,0,0,638.4206327,0,360.7152501
"PI_22:2_13Z,16Z_22:6_4Z,7Z,10Z,13Z,16Z,19Z_",0,1545.295629,0,0,0,473.9343133,0,0,0,0
PI-Cer_t18:0_22:0_2OH_,122.2454283,0,0,0,0,0,0,0,0,0
PIM1_16:0_14:0_,29215.70786,0,0,0,0,28835.6444,0,0,0,0
PIM1_19:1_9Z_18:1_9Z_,0,4325.79376,0,0,0,0,5096.737778,0,0,0
PIM2_16:0_16:0_,0,0,0,0,0,0,0,0,0,0
PIM2_16:0_16:1_9Z_,0,0,0,62.36638185,0,0,0,0,0,0
PIM2_17:0_16:0_,593.7991565,0,0,0,0,0,0,0,0,0
PIM2_18:1_9Z_18:1_9Z_,0,0,0,0,0,0,0,169.0666164,0,0
PIM2_19:0_18:1_9Z_,4368.107128,1110.140301,0,0,0,4053.248998,161.1116182,0,0,0
"PIM2_19:1_9Z_16:2_9Z,12Z_",1047.330303,0,0,0,0,902.6460732,0,0,0,0
"PIM3_18:2_9Z,12Z_18:1_9Z_",1561.684251,0,0,0,0,2124.391242,0,0,0,0
PIM4_16:0_18:1_9Z_,0,0,0,519.1273096,0,0,0,0,0,0
PIM4_19:1_9Z_18:1_9Z_,0,0,62.51064724,0,0,0,0,0,0,0
PKHdiA-PG,1142.702485,0,0,0,0,1141.01213,0,0,0,0
PKODiA-PG,0,0,0,0,0,302.0577457,0,0,0,0
Poly-DL-_alanine_16,0,0,0,77.25217775,0,0,0,272.2511125,0,0
Ponceau 6,0,0,0,354.3470313,0,0,0,0,0,0
Prednicarbate,0,0,0,0,0,0,0,99.2003869,0,0
Prednisolone 21-sulfate,0,0,0,0,1648.410243,0,0,0,0,0
PS 21:1_22:6,0,0,0,0,0,0,123.5628384,0,0,0
PS 27:0_26:1,0,0,85.57045493,0,0,0,0,390.3438675,0,0
PS 41:06,140.172117,0,0,0,0,0,0,0,0,0
"PS_14:1_9Z_20:5_5Z,8Z,11Z,14Z,17Z_",0,0,0,0,178.9850694,0,0,0,0,0
PS_22:1_11Z_0:0_,0,0,0,0,200.2680121,0,0,0,326.4793932,0
PS_22:1_11Z_0:0_,0,0,0,0,0,0,280.6856823,0,0,145.5397031
Ptilosaponoside B,0,0,0,0,0,285.9328742,0,0,0,0
Ptilosteroid B,0,0,0,0,0,0,0,0,0,0
punaglandin 2,0,0,0,0,0,353.076673,0,0,0,0
PyroGlu-Asp-Arg,0,0,144.2080892,0,0,0,0,0,0,0
PyroGlu-Glu-Arg,0,0,0,0,0,0,0,0,0,132.343
Quazepam,345.8295769,3048.842786,0,1102.252773,10156.01443,0,44631.52671,73.09407759,1013.458786,0
Quercetin 3-sophorotrioside,0,0,20666.04433,0,0,0,0,18433.74637,0,0
Quercetin 3-sophorotrioside,118.4470323,0,0,0,0,0,296.7322091,0,0,0
Quercetin 3-sulfate-7-alpha-arabinopyranoside,0,0,0,0,965.7969401,0,0,0,1908.311396,0
Schizotenuin A,0,127.5097297,0,0,0,0,0,0,0,0
Secoisolariciresinol diglucoside,35329.36356,0,0,0,0,18409.73898,0,0,0,0
Sennoside A,0,0,0,0,453.3656901,0,0,0,181.5730865,0
Ser-Met-Arg,0,294.4458158,0,0,0,0,957.2996597,0,0,0
SHexCer 14:1_2O_13:1,193.6468473,0,0,0,0,0,0,0,0,0
SHexCer 14:1_2O_20:2,0,0,0,0,0,0,0,0,0,0
SHexCer 14:1_2O_24:2,0,0,95.89571125,0,0,0,0,0,0,0
SHexCer 19:0_2O_40:2,0,0,833.1722683,0,0,0,0,152.1206982,0,0
SHexCer 19:0_2O_40:2,0,6684.359028,0,0,0,0,4102.747264,0,0,0
SHexCer 19:1_2O_18:1,262.457135,0,0,0,0,0,0,0,0,0
SHexCer 20:1_2O_16:2,0,78.05371092,0,0,0,0,0,0,0,0
SHexCer 21:1_2O_38:2,0,110.5199387,0,0,0,0,0,0,0,0
SHexCer 23:0_2O_42:1,0,9748.711022,0,0,0,0,3172.211402,0,0,0
SHexCer 23:1_2O_42:1,0,0,496.5831435,0,0,0,0,943.1701938,0,0
SHexCer 24:0_2O_40:0,0,0,50753.32023,0,1545.467925,0,0,44980.72387,0,0
SHexCer 24:0_2O_40:0,579.1744936,21371.05118,0,0,0,654.5925421,15373.1582,335.6986254,0,0
SHexCer 24:0_2O_40:0,0,0,997.945421,0,0,0,0,2520.395075,0,0
SHexCer 24:0_2O_42:0,0,172.7187021,0,0,0,0,416.9067915,0,0,0
SHexCer 26:1_2O_42:1,0,1507.189321,397.7172444,61536.71225,0,5330.529606,0,2919.929725,0,34236.8472
SHexCer 26:1_2O_42:1,25393.29001,518.6387198,0,0,0,32939.76678,479.682975,0,0,0
SHexCer 26:1_2O_42:2,151.5135855,0,0,0,0,0,0,0,0,0
SHexCer 27:0_2O_40:1,972.8935979,0,0,0,0,1481.542506,1617.462214,0,0,0
SHexCer 29:0_2O_40:1,256.6266247,0,0,0,0,0,0,0,0,0
SHexCer 29:0_2O_42:1,0,0,2591.571384,0,143.0874783,0,0,2933.362768,0,0
SHexCer 29:0_2O_42:1,0,0,0,0,0,0,0,0,0,0
SHexCer 30:0_2O_40:0,0,0,565.640069,2535.780273,0,0,0,1348.729554,0,2475.374227
SHexCer 30:0_2O_40:0,0,0,0,0,0,278.2813786,0,0,0,0
Shikokianin B,1029.978637,0,0,0,0,2034.969238,0,0,0,0
Sildenafil,0,0,0,0,0,0,0,0,0,0
SM 13:2_2O_40:11,0,0,494.4308268,465.3041407,0,0,0,580.0624135,0,233.9765156
SM 13:2_2O_42:11,2019.959624,286.6669982,0,0,0,0,0,0,0,0
SM 13:2_2O_42:11,0,0,0,94.3050586,0,0,0,0,0,0
SM 14:3_2O_4:0,788.368985,0,0,0,0,1166.719213,0,0,0,0
SM 15:3_2O_36:10,0,0,10799.09267,3191.123145,510.8341363,0,0,5852.23079,0,4985.881375
SM 18:0_2O_40:0,0,0,0,0,0,0,683.2505221,0,0,0
SM 22:1_2O_31:0,0,127.2458301,0,0,0,0,0,0,0,0
SM 22:1_2O_40:1,0,0,103.3025242,0,0,0,0,0,0,0
SM 25:2_2O_42:1,0,0,0,0,0,0,0,145.9782437,0,0
SM 28:0_2O_36:8,0,133.6477665,0,0,0,0,0,0,0,0
SM 28:3_2O_40:0,0,0,0,0,0,0,0,120.0688662,0,0
SM 28:7_O2,3924.496077,0,0,0,0,2701.434571,0,0,0,0
SM 28:7_O2,0,0,0,0,0,107.6126259,0,0,0,0
SM 30:1_2O_34:4,182.9891973,0,0,0,0,778.5360043,0,0,0,0
SM 30:3_2O_44:12,0,299.6375336,0,0,0,0,0,0,0,0
SM 32:0_2O_42:10,0,46.114132,0,0,0,0,0,0,0,0
SM 33:0_2O_39:0,0,0,0,0,0,0,0,0,0,163.4107969
SM 33:1_2O_44:9,0,0,0,92.98151365,0,0,0,0,0,0
SM 34:0_2O_32:9,0,0,0,0,0,0,0,0,0,0
SM 34:2_2O_40:10,0,248.8640961,0,0,0,0,0,0,0,0
SM 34:2_2O_40:10,0,0,708.2863769,0,0,0,0,0,0,0
SM 34:7_O2,0,0,0,0,0,0,0,129.9264859,0,0
SM 35:1_2O_26:3,0,198.4548505,0,0,0,0,252.7693185,0,0,0
SM 35:2_2O_38:9,0,0,441.0533447,0,0,0,0,784.8699812,0,0
SM 35:2_2O_38:9,0,101.6350772,0,0,0,0,215.0601215,0,0,0
SM 35:6_2O_FA 20:6_,32039.62564,10999.92531,0,0,0,22076.58717,1022.092435,0,0,0
SM 37:6_2O_FA 20:6_,1790.451673,1343.375527,0,0,0,3526.321392,0,0,0,0
SM 38:0_2O_30:4,0,0,0,0,0,0,0,105.2750322,0,0
SM 41:4_2O_FA 24:1_,235.2203747,0,0,0,0,190.1238692,0,0,0,0
SM 42:5_2O_FA 24:6_,0,69.65871239,0,0,0,0,0,0,0,0
SM 43:5_2O_FA 30:6_,0,0,0,0,0,0,0,0,0,0
SM 43:6_2O_FA 30:3_,0,0,0,0,0,0,0,0,0,52.10248438
SM 44:6_2O_FA 28:5_,0,0,921.2087674,0,0,0,0,0,0,0
SM 44:6_2O_FA 28:5_,0,297.0489959,0,0,0,0,0,0,0,0
SM 45:6_2O_FA 28:6_,0,0,0,0,0,0,0,0,0,0
SM 46:3_2O_FA 22:2_,0,0,118.1351997,0,0,0,0,0,0,0
SM 46:6_2O_FA 28:5_,0,0,0,0,0,0,253.9794632,0,0,0
SM 47:2_2O_FA 16:3_,0,0,0,0,0,0,118.0382406,0,0,0
SM 47:3_2O_FA 16:3_,0,0,0,0,0,0,0,158.7507541,0,0
SM 47:3_2O_FA 24:3_,0,0,0,0,0,0,0,161.4479578,0,0
SM 47:4_2O_FA 28:2_,0,0,0,0,0,0,0,0,0,0
SM 47:4_2O_FA 28:5_,509.3884645,0,0,0,0,0,0,0,0,0
SM 47:4_2O_FA 28:5_,0,0,0,168.9394532,0,0,0,0,0,0
SM 48:1_2O_FA 24:1_,0,68.68596626,0,0,0,0,0,406.6324107,0,0
SM 48:1_2O_FA 24:1_,0,70.87456264,117.3921983,91.9254297,0,0,0,0,0,122.2549297
SM 48:4_2O_FA 16:3_,0,133.2871933,0,0,0,0,0,0,0,0
SM 48:8_3O,0,0,0,0,0,917.4384766,0,0,0,0
SM 61:4_2O,0,437.7814177,0,0,0,0,1451.823542,0,0,0
SM 62:6_3O,0,50.21864515,0,0,0,0,0,0,0,0
Spiramycin,540637.8023,629.423882,0,0,0,564161.5,319.3983601,0,0,0
Spiramycin,0,0,3392.571194,0,0,0,0,3052.029618,0,0
Substance P,5230.574444,0,0,0,0,9529.924445,0,0,0,0
Substance P,0,0,0,0,0,1302.937192,0,0,0,0
Sulfasalazine,0,2112.223831,1407.59413,461.8206055,1082.603906,0,3051.106474,620.669551,0,479.2634687
Tetrahexosylceramide _d18:1_12:0_,0,0,0,0,0,0,0,0,0,0
TG 12:0_26:7_36:10,0,0,136.3511285,0,0,0,0,228.0783846,0,0
"TG_12:0_12:0_20:3_8Z,11Z,14Z_iso3_",0,0,0,0,0,670.1755242,0,0,0,0
TG_20:0_20:1_11Z_20:0_ _d5_,0,1652.419407,33858.41222,0,0,0,0,35161.46548,0,0
TG_20:0_20:1_11Z_20:0_ _d5_,0,17695.43555,0,0,0,0,19275.85027,0,0,0
"TG_20:0_20:2_11Z,14Z_20:2_11Z,14Z_iso3_",0,0,0,0,0,0,0,177.326209,0,0
TG_22:0_22:0_22:1_13Z_iso3_,0,0,0,0,0,0,0,375.1272251,0,0
"TG_22:0_22:0_22:3_10Z,13Z,16Z_iso3_",0,0,0,0,0,0,0,123.0764315,0,0
TG_22:0_22:1_13Z_22:1_13Z_iso3_,123.9888862,0,0,0,0,0,0,0,0,0
TGQIK _Tryptic Peptide_,572.5843473,0,0,0,0,0,0,0,0,0
Thapsigargin,0,0,0,0,0,2994.535465,0,0,0,0
Theasinensin A,0,0,1126.716186,0,0,0,0,0,0,0
Thiencarbazone-methyl,0,0,0,151.0992969,0,0,0,69.91235044,0,0
Thioridazine,779.8792174,2389.3643,2593.54027,0,224.2002821,0,4697.715966,2199.138252,0,0
Thioridazine,0,3078.963598,779.2957357,0,0,0,0,512.9771558,0,0
Triamcinolone actenoide,115265.6367,4577.979426,2232.588711,911.1998829,0,117080.2189,5988.721922,1766.010532,0,342.1093126
"Tricetin 7,3_-diglucuronide",0,0,0,0,0,0,0,0,0,142.6366718
Tricin 7-rutinoside-4_-glucoside,661.8210385,0,0,0,0,1066.069053,0,0,200.2995925,0
UltraMark 1022,0,252.9074243,0,0,0,0,0,0,0,0
Uridine diphosphate-N-acetylglucosamine,0,0,183.8098958,0,0,0,0,0,0,0
Uridine diphosphate-N-acetylglucosamine,0,0,0,0,0,0,161.6687906,0,0,0
Vardenafil,1063.166059,91.21442436,237.2518175,108.793711,0,0,0,0,0,187.6273906
Vardenafil,185.2827019,0,137.0247938,0,0,0,0,0,0,0
Vitamin K2,224450.5678,0,0,0,0,230451.8867,0,0,0,0
Vitexin 6_-_3-hydroxy-3-methylglutarate_,0,0,85.12580021,0,0,0,0,0,0,0
Vitexin 7-O-sulfate,0,0,0,116.2654199,0,0,0,0,0,0
Wikstrocin A,23788.45077,0,0,0,0,20939.44534,0,0,0,0
Ziprasidone,0,0,0,0,63071.60352,0,0,0,50558.22871,0
449.0458,2425163.619,3306213.107,3736783.435,4160529.155,0,2358299.135,3028459.973,3630127.592,145884.9641,3450258.712
544.99548,1942579.617,3122595.744,3975625.069,435847.8819,925735.6125,1935614.893,2705701.49,4152199.09,293.2715975,385071.176
465.02448,0,0,10216.04481,0,18131.74874,0,1130.769029,9370.045836,1458.870867,0
560.96095,214784.8431,874494.7914,1513143.506,1084.310049,372433.0636,203238.0592,789962.3354,1525177.615,229062.3497,309.3096406
588.1243,1593710.292,1973967.26,1979625.651,2472861.591,0,1616441.304,1921820.687,1962110.798,0,2284274.395
560.97018,79759.77946,493419.8259,971179.8685,0,58616.67778,68055.13981,458550.1872,942684.1171,0,122.1323203
499.00325,0,0,238.0752496,0,0,0,609.1975363,356.5025712,0,0
714.9874,341937.8601,1653044.222,2640625.609,2274.215313,632459.8667,338094.1199,1495469.125,2618921.429,408400.91,1107.824656
538.97837,283181.7051,1829148.965,2625777.743,237.6933789,665281.7712,281141.0325,1818824.115,2586659.949,78619.75997,170.1289687
736.97378,226242.1929,584012.4331,1055033.02,4142.959229,1005.582292,226758.7428,517643.9189,1090093.398,1683.606827,2984.775266
529.0125,2128.574936,8993.94536,7550.574802,103574.9397,935.7942709,1150.571983,2551.717957,9390.175547,0,99486.34838
529.01756,0,0,0,0,4737.856901,0,0,0,7774.202587,162.7512969
604.09772,24055.99741,196209.7361,414582.1624,6084.609688,111497.3101,21722.408,183689.4451,409142.787,0,5254.370938
585.06194,956578.612,1340065.743,1436848.615,1578840.698,330816.0816,895087.2492,1279258.883,1347684.707,300015.5297,1280760.31
526.9838,212836.7804,312330.4002,505495.2913,24998.62287,92088.37887,207046.3839,277601.6233,524219.4555,12199.92626,14585.27675
619.03716,212107.7675,1353577.033,1798344.891,107262.9881,833544.6361,195443.3483,1306617.254,1694732.546,6753.551178,113638.0264
890.99517,7629.374724,885397.8593,1389785.128,852.5703223,405784.3045,163870.043,0,1395565.738,328012.9106,166.5102656
582.9454,165478.1158,336524.283,625993.3442,0,102563.8925,156664.0916,301724.4282,671533.3378,0,0
677.02795,170.0954958,68627.85851,100769.5584,747.6992725,29504.66589,0,64457.70819,96526.59996,13655.07779,2544.68025
563.08214,0,0,0,19441.33448,0,0,0,0,0,27499.16419
465.01087,236051.9017,1099379.387,1456125.812,95065.83094,686605.3376,196977.942,1156272.073,1389576.266,196300.9751,87350.742
588.97077,4811.346101,0,0,71.59850585,0,0,0,0,0,0
467.04252,255.3543798,535.1140721,237.1339518,459.5869141,13218.90061,2323.679019,0,207.960987,35325.19146,1103.211406
674.99561,94693.66203,790513.3286,1234361.699,0,289335.7834,92465.78007,783499.1098,1200294.512,157.4721891,0
449.04211,186185.7205,234587.591,155950.9273,351140.7619,0,178908.0062,214351.4208,178389.7954,0,298942.5643
681.0107,265544.7471,562805.3602,819060.8481,77044.53213,170313.2184,269852.7673,463973.6176,852865.996,109893.1944,62317.10891
603.06641,462.5243018,0,0,15455.19365,0,0,0,0,0,23018.2205
758.95273,136966.4101,212954.1007,364828.9154,891.7734619,90099.55157,136338.0934,186584.3448,406036.6772,0,87.92395312
597.05156,0,1424.946008,119.3812799,0,0,106.0616584,401.9737392,549.9104653,0,0
480.99121,0,0,278.7425131,0,0,0,0,0,0,0
449.03179,529.0409638,4760.268956,685.5213759,0,0,0,10807.96419,0,0,0
566.98779,62894.50388,37319.81183,97015.77173,8008.038799,49026.87044,64443.01866,16611.29131,112678.6181,3757.386096,8020.750453
718.96986,216.4398161,6901.359663,905.1973201,0,0,571.9002879,6628.462253,2579.131428,0,0
538.97738,0,0,1056.223416,0,0,0,278.7795676,800.1488825,503611.1427,0
513.06113,0,0,0,0,0,0,0,0,0,0
851.00316,32239.36895,457166.44,858469.6702,0,180085.9864,62932.94444,33953.64419,834910.568,89982.04654,0
752.93367,39419.10236,347330.6477,736886.9288,0,99236.66433,51804.87726,307645.5862,716407.7397,47057.48845,0
737.04582,2261.627852,45909.2153,117344.2341,0,16496.6737,1095.827174,67722.42257,108662.7647,2775.379529,0
730.95168,7277.107249,263055.9886,508849.3197,0,32935.24015,21744.14795,215437.749,511360.7649,11916.71224,0
884.99026,0,1903.363306,18185.46246,0,2601.92882,246.9950914,2407.221689,16745.55874,1183.847373,0
872.98681,27556.64082,117114.8397,212559.5938,0,23794.123,30418.98044,104783.1335,224760.4349,4656.557405,0
705.09429,0,0,0,0,0,0,0,172.2265501,0,0
653.01653,2824.066173,22537.33959,26485.97407,58.7718408,1603.224544,3702.305022,9228.952468,31071.85426,0,0
637.0357,0,0,0,0,0,0,0,0,0,518.4312813
727.02052,665942.3771,135944.9536,134823.9719,546251.9991,1032.468142,750407.0929,66641.8045,177226.8476,0,355633.9835
857.09369,286651.4943,307369.5121,338738.0515,379103.8681,33830.99523,279383.36,214903.6611,339038.6438,911.5752661,304784.3137
928.94514,5715.006067,135433.0771,293021.7623,0,29815.08824,16236.45973,15310.2763,300852.5038,16209.09279,0
897.01249,298705.1877,300348.8061,352859.3714,74774.2484,156846.9745,338315.859,214026.3308,383915.061,0,57502.40791
604.92709,57078.65684,58162.12117,119038.5995,582.6211866,25865.93043,53157.2923,44428.27568,132943.6252,1516.016304,235.4753829
576.92784,16357.15121,265906.4153,621716.7168,0,72283.65035,25905.43606,243654.1687,617730.0615,18125.13327,0
752.953,0,0,11451.4961,0,25334.80069,0,0,16538.48057,15990.94673,0
637.04724,64636.64536,456590.3119,92823.49176,61485.56694,84723.78716,90353.1469,156005.7067,138307.4189,136873.1207,91927.24654
696.98758,569.8101839,2093.572182,53613.4088,0,0,293.4511718,3108.735845,52832.51988,0,0
576.94375,0,4569.037337,154736.4107,0,0,0,2007.798441,153807.1057,0,0
548.96756,34442.64059,14004.64904,26340.29666,0,723.3485894,34454.8051,5194.148747,27588.4321,0,0
508.98501,566.539339,8769.999593,3339.199924,0,1485.244922,484.2505139,7946.034402,4553.774698,462.6062896,118.1741172
866.9707,0,37643.1492,142281.1837,0,3841.719358,0,12404.91476,103311.2423,0,0
585.06605,83980.19684,81709.18223,86822.35005,143987.8178,0,46619.07294,81421.74811,83937.10291,0,113705.1604
481.25082,884528.7373,1927.552495,8837.349677,0,0,911581.9786,3107.015905,11118.79538,0,0
866.98147,0,3264.656059,10348.03787,0,803.0846354,464.8030942,0,26008.99011,1481.206154,0
993.11016,67100.85751,228300.7478,263325.3521,304603.6734,25809.28616,197405.0465,14004.80012,264946.7355,0,248423.8422
873.06344,143.0979155,52309.74449,70784.15655,56.52675295,26604.94696,456.6478079,20299.57871,69868.43858,2955.047668,0
755.05494,26879.41501,254372.0332,376876.8553,15344.99751,154463.2329,28637.06522,237112.8383,341903.424,25106.77672,14224.78572
689.05974,0,0,741.4667291,0,0,0,0,0,0,0
619.03644,10955.68429,67832.4862,38508.67793,159.8620606,0,12515.46412,34676.4037,58217.09296,625884.784,197.4712187
601.02832,53917.17988,300978.8894,417843.8053,5506.653516,157603.4451,47700.55692,328594.4541,395832.4319,6262.640937,6573.28675
663.00021,42111.93913,53540.13475,95883.78324,956.340083,15797.70859,36312.3529,49717.19744,90640.39661,9240.829767,0
780.93673,28041.16322,21576.32217,55387.88049,163.1558594,4378.702235,33108.24579,12398.1187,67025.92526,0,143.5789648
714.97351,0,270.2246334,1362.816976,0,0,0,595.5829015,2017.08883,0,0
764.96754,100859.4667,22425.87724,19995.05916,3427.312124,0,107181.2781,8543.709294,33690.31856,0,664.8304062
768.90739,0,0,0,0,0,0,323.8327467,0,0,0
884.97977,208.9120921,251213.3646,427295.5143,0,68142.3622,4040.272872,0,423510.0826,59456.63004,0
738.95367,42455.31145,261098.5191,206620.9981,0,0,37009.4992,239901.3195,193368.3737,0,0
504.99035,1284.516939,247.2386407,0,0,477.7815972,0,0,0,0,0
912.98991,0,41464.16694,121974.042,0,0,3140.421695,3510.472424,105745.5764,36563.17958,0
537.97099,89707.5896,473174.4762,14387.17448,72.1367041,67689.61007,89447.77539,703109.2092,9994.72231,15635.65806,152.0289218
760.93421,50111.56234,158601.3773,156217.1754,0,0,46764.26167,138559.3469,159204.5435,0,0
390.96914,241324.2608,222192.976,250521.0056,6349.811358,106636.6978,226989.1986,186409.0161,279131.3855,0,4774.713047
439.03041,52645.82419,276276.6704,278152.5761,14811.4922,187248.2964,47499.73278,254459.2486,283069.0769,144798.3851,14855.99891
557.0664,141603.8666,179498.347,205202.0946,244746.3646,16086.53229,128608.4687,174656.0417,203084.9617,1259.830729,187369.8779
857.01646,128209.6605,204594.5525,308273.2507,10406.97896,111475.5497,142069.9956,149411.0924,330175.1653,10837.83169,9469.536969
503.99553,63545.27434,371405.8075,155480.6434,13433.63901,153167.2214,51645.7682,361087.853,141146.1907,0,12123.84909
409.05312,18609.8138,49565.92351,335.1958822,254380.1661,16889.97231,16142.78194,54959.62233,723.7307407,0,319251.0753
505.00392,0,211.9643884,0,0,23500.71124,0,0,0,17702.05307,0
1027.01028,1799.545596,211203.4659,427726.5614,0,96117.06363,17685.69446,0,423825.8765,28809.90002,0
796.89595,8272.071799,28781.51259,70236.10824,0,2802.408941,8097.70202,17541.80039,80442.19371,0,0
387.06693,72801.86553,104448.5125,88467.06082,144073.4567,0,76623.98376,101393.7559,90939.9843,234.5553243,134325.9095
712.95703,0,0,1211.559245,0,0,0,0,0,0,0
613.32894,529405.7959,97.01230589,397.2309571,0,0,554897.2619,0,337.7775539,0,0
529.09367,0,0,0,0,0,0,0,0,0,0
714.98625,0,169890.4633,218579.0262,0,68353.68173,670.3940687,0,234971.0068,68695.74587,0
561.04851,0,0,0,0,0,0,0,0,0,0
592.90755,0,66.25255822,0,0,0,0,0,0,0,0
393.19805,552193.547,608.334326,5483.563233,0,0,578914.4766,180.4623105,5307.768283,0,0
657.35421,515890.4179,469.4584033,2718.052653,0,0,532058.1394,569.1848798,3387.617509,0,0
585.05417,6459.258089,14492.63847,23580.68067,5883.349923,47010.09788,2681.957751,16724.36518,24291.1211,889.7747396,0
533.001,63132.10761,5568.969002,4058.924398,31202.08574,0,66376.62382,480.2700341,6814.838274,0,9768.457063
1009.07875,0,18747.67117,9093.381958,0,830.7134114,0,27347.94869,11693.07544,0,0
745.41671,708934.2671,549.6693107,6897.738295,0,0,739191.8873,375.8285311,6154.518406,0,0
885.5643,566889.3418,475.0625719,369.7295193,0,0,580431.1373,299.9919167,157.5926127,0,0
550.00564,0,0,0,323907.9305,0,0,497.8179533,631.1727156,0,222100.9235
617.003,0,0,0,0,0,304.3321083,0,0,0,0
1082.97031,0,783.4555215,334040.9447,0,50191.27339,0,0,325652.5576,31184.12936,0
765.03951,0,0,584.2575412,0,1055.875564,0,0,759.7459578,513.3168449,0
405.05617,106005.9475,139389.2933,148646.2564,176166.401,1885.764323,99542.08023,132521.3955,154913.94,0,133657.597
1067.00408,0,13198.30021,384306.8329,178.7277539,121431.705,0,188.7866452,399919.6783,71799.67913,0
1129.12547,0,141710.2256,193498.408,215387.7716,44950.4454,13860.99887,0,196447.4583,0,182535.4563
599.09455,0,0,0,0,70469.1559,0,0,0,12936.05978,0
950.92491,1731.619089,44228.43139,86330.36399,0,8910.970313,4454.727642,1433.835628,87037.27685,4179.420771,0
615.06915,0,0,0,0,10395.48127,0,0,0,4474.202899,0
801.15,0,2755.41586,34183.48665,0,6807.526834,0,898.1016013,31617.61085,2270.492754,0
1042.99179,0,0,1368.17589,0,0,0,0,0,0,0
573.04028,487.3674381,3744.860406,5704.531196,0,0,0,2752.291151,14516.07924,398.3940784,0
782.91571,32860.1245,62521.43551,51467.72393,0,0,33667.40849,56634.7647,57934.81342,0,0
1067.0009,76231.02185,264646.3926,0,0,0,72429.04672,219667.5662,0,0,0
585.28278,0,0,0,0,0,1161.922081,0,0,0,0
541.08945,443.1855296,0,1423.431044,321.1085059,303.9027561,0,0,240.9690467,0,0
733.07196,0,204.5476179,2116.007406,0,0,0,0,1059.824342,0,0
497.22679,1077.243432,0,1011.586609,0,0,1878.244038,0,430.7040769,0,0
368.98512,1472.693999,0,462.6308865,1007.880786,2829.535244,1978.486894,0,226.8900069,7837.697351,585.8253046
656.99763,0,0,0,0,736.2195312,0,0,0,0,0
740.94921,2148.197888,37346.13957,23654.70633,0,0,4801.404014,18535.96287,25064.58564,0,0
773.06498,3341.530386,153535.9528,151789.4432,2461.988291,78836.98803,3294.513955,111164.132,151037.5739,6176.692934,4168.330313
753.48612,565294.6156,329.2595799,3694.828654,0,0,589031.5938,713.804378,2933.192346,0,0
709.46011,390343.2345,236.2081456,2365.267931,0,0,405520.6213,120.4323949,2313.686931,0,0
872.98709,0,0,3519.054471,0,29953.13112,0,0,4094.986452,36159.28255,0
582.11272,0,1435.05464,1038.739312,0,0,0,1628.887067,0,0,214.4686406
687.0282,162801.5471,55747.69031,56471.96234,167075.2562,1383.766124,197637.6955,25318.06911,65080.83283,1670.741197,107377.4941
869.00251,732.5129978,329.8054783,0,0,0,1363.12243,0,0,0,0
543.98756,207930.3894,325598.5207,2049.52691,0,0,240032.1044,131228.099,12879.60047,0,1685.501875
903.02994,348211.6073,69184.85871,62665.28752,249605.7908,0,392217.44,28990.52798,82947.58238,0,149613.34
811.01012,2201.896139,127074.6372,236826.3375,0,49029.10056,3000.6181,122588.5642,219506.8372,5029.213089,0
929.591,450264.8075,985.2708134,1769.697551,0,0,455856.3997,187.1559793,1672.158797,0,0
701.37928,325579.3429,0,512.1277398,0,0,341337.5695,0,872.8615506,0,0
703.06762,89333.66362,84276.82232,114641.4053,146045.1361,3896.760439,74160.8114,78179.68934,118123.037,0,115157.6657
723.43888,24405.60129,0,0,0,0,24737.83301,0,0,0,0
421.02091,1472.587217,142639.7349,217620.577,0,79784.03051,1456.024054,141766.6992,207968.7672,14408.73746,0
547.25901,487784.406,0,101.4457262,0,0,518661.3438,0,118.6166312,0,0
599.11143,0,0,0,0,483417.6646,0,0,0,453011.2324,0
613.26335,112.2414011,0,0,0,0,534.7283872,0,510.7994956,0,0
817.02566,32495.28611,84688.29077,139674.9417,3259.96604,41095.21626,40919.13579,37535.22095,138026.7882,18058.78349,546.2227266
421.03329,1794.453281,4298.785049,2294.514581,2109.323906,1647.962695,1461.045076,3659.477539,3297.437389,1453.125481,3104.470406
1039.00499,0,0,179012.5137,0,17597.60276,0,0,184617.7331,15083.72733,0
526.99624,3479.502213,0,0,2504.02834,5278.367057,0,0,0,1701.185122,4937.773656
1060.98728,3670.378915,109991.4964,0,0,0,5285.396742,98959.42172,0,0,0
731.50267,66664.79587,0,0,0,0,66416.09776,0,0,0,0
495.04915,91.09514142,75.45866687,488.236301,227.7652637,181.583941,0,2634.626334,0,0,0
577.38095,385682.7085,0,1069.063768,0,0,407322.5465,0,1065.853404,0,0
673.26946,0,0,0,0,0,0,0,0,0,0
559.95671,0,0,0,0,4446.328472,0,0,0,4520.956296,0
722.97872,0,250.7069114,0,0,200.2853299,0,367.8133895,665.6997132,0,0
575.04754,7108.586672,127533.5018,189746.3119,140.7585645,53584.7155,6515.626542,113206.5762,179484.3412,6159.759341,299.5961719
560.94862,0,0,0,0,0,0,410.1938815,0,0,0
621.09712,543.7691942,879.7854079,3173.151408,5337.680235,0,0,985.6592474,2971.800528,0,2359.057281
863.58452,42655.38821,0,0,0,0,36516.22106,0,0,0,0
438.02252,23048.3648,150370.4007,84876.66157,3175.105674,91557.16103,26398.73001,119824.7555,116473.7716,42929.39855,5119.186461
811.19176,17967.84534,29262.17074,234321.9309,33636.06227,23386.12839,51158.84216,2321.715714,229987.966,9613.074983,31831.15391
481.00134,60918.74226,18345.94134,203672.9672,7152.872119,39447.7908,83551.63076,179775.5184,118314.1399,0,1259.647531
819.55558,41891.01846,0,0,0,0,43340.45328,0,0,0,0
414.93435,83254.82236,100399.6566,73337.31443,3243.465078,24581.96393,80224.15014,85705.57415,80886.55862,3676.544894,1893.093047
419.01861,0,7375.324423,8349.360542,0,1481.446419,0,1514.735052,7952.757157,2262.87483,0
465.03436,21824.51298,29153.33165,24115.26525,30631.58957,16063.02101,24243.0193,19111.51158,20341.44924,838.6483242,27291.5725
730.96616,221.3815335,13915.0001,5502.905382,0,0,1499.935033,19409.81235,2155.232595,0,0
665.43389,280591.9766,171.7909467,1875.055427,0,0,293521.2325,88.64654239,1646.624166,0,0
763.51344,209417.984,74848.38351,40202.94553,41784.54792,0,221902.2711,59716.26203,48113.66188,0,20741.74752
1017.64421,297758.7254,0,0,0,0,284507.4523,0,0,0,0
621.40686,304784.7022,65.94216712,1011.843567,0,0,317911.0514,0,1076.381638,0,0
917.03181,0,0,1573.953179,0,388.1993164,0,0,936.1245056,285.528023,0
537.01912,135792.674,8981.497699,13675.42868,134666.8939,2937.563889,165409.0127,3287.207882,18185.12511,0,139007.9366
1079.04349,148797.7718,22333.7136,12457.40963,106466.3546,0,191728.2364,2381.604947,24062.28753,0,52377.29966
591.34677,1851.764225,0,0,0,0,346.7974661,0,0,0,0
1236.9899,0,0,185499.1651,0,10055.25775,0,0,180020.198,5010.610422,0
410.02402,28102.46256,60403.69615,16053.96084,95500.06125,29351.07326,28502.07594,75124.56815,15442.59491,0,106764.8155
673.33108,672.4513274,0,0,0,0,1038.708368,0,0,0,0
656.98427,1867.173068,80127.63325,172911.8777,0,17422.35504,2066.825761,90520.93047,169434.7153,742.4035326,0
431.03462,20670.89064,61624.73174,36767.91111,146091.867,808.7337673,17849.67313,46170.34654,40564.79836,0,128033.2878
717.29583,0,0,0,0,0,0,0,0,0,0
768.89743,619.4394358,66576.65364,201085.5742,0,207.1527127,6681.390471,59165.82766,193489.247,339.7364413,0
649.07568,0,184.8278494,0,0,267.0787327,212.2291324,382.9295715,0,1016.318529,0
649.07179,0,0,0,0,0,0,429.9124961,0,0,0
649.0684,0,0,0,0,453.0032334,0,0,0,0,0
629.01049,1085.499654,39714.03594,167908.4971,91.36430665,60287.60621,4902.282535,157792.387,76233.85985,1799.489555,0
405.04183,0,0,0,392.8124218,0,0,0,0,0,0
436.99666,0,0,0,0,0,0,0,0,0,0
1061.67407,275276.9271,1212.243098,0,271.2818946,0,268438.1408,2058.669168,0,0,0
799.01649,7711.943222,20742.47469,36010.34051,0,1500.224751,2043.017527,9719.303005,33335.4835,0,0
548.9966,148944.1829,28081.52676,18811.3093,108468.4597,0,164007.5465,7949.162651,26249.31554,0,50345.82791
437.0459,45384.86755,56188.92871,51779.99439,83931.93908,48162.93672,45365.69534,47283.54158,48379.30684,31765.80293,74898.26963
744.95902,756.4575498,6170.043472,13457.13832,0,0,0,9930.179339,15988.16594,0,0
795.0352,1055.180085,705.6450822,726.1950958,80.27942385,1580.590647,1184.883018,3575.27804,660.6158032,231.7387483,186.7300313
826.98908,0,266.7892183,0,0,0,0,484.5317915,0,0,0
922.92635,0,15054.76968,165782.0618,0,3245.656944,0,0,157474.9056,1008.565642,0
854.98573,0,2013.055359,167.3280165,0,0,0,1663.958927,0,0,0
610.94245,9092.622702,1320.574111,283.4694282,0,0,10947.94393,0,1887.451568,0,0
693.0835,43395.44094,60961.07718,51948.43392,104788.4963,8813.896181,39944.0708,68858.72388,45526.86163,3494.844826,81841.42058
685.43193,276584.1633,1284.153913,18880.16376,18400.00156,0,283293.1729,0,16712.51037,0,11696.95833
499.06247,10684.4269,12479.17056,14802.22513,19407.41814,4659.055816,6777.274851,13366.34961,16038.70409,2348.89664,12395.46242
839.08352,52908.83027,53140.50622,71483.9775,86040.47187,1037.209494,44328.6827,43503.35876,73098.37284,0,66606.35349
657.00879,46345.07453,30173.37106,124895.4064,5274.542676,24154.47222,77336.77807,97331.67509,70307.73188,0,300.6649375
1066.99082,0,0,0,0,0,898.9016242,0,0,0,0
751.47741,185963.4786,695.6448487,681.4489475,0,0,192021.979,1501.254786,376.4872428,0,0
555.39818,39348.63008,0,0,0,0,33332.68917,0,0,0,0
450.0489,0,0,0,1019.72043,0,0,0,0,0,0
433.0506,67254.42291,73089.87661,89043.27767,114194.302,5947.641623,66433.1103,80217.41998,90014.42717,3155.466882,93407.6906
884.97625,6850.13741,1639.382477,0,0,0,9727.528064,236714.5197,0,0,0
591.04404,2872.029798,83771.6204,93488.76004,173.1695996,34171.79241,2757.776534,74918.94833,91755.30785,6133.518456,312.5706719
532.94668,0,43373.88437,156170.2217,0,1122.77513,2583.695518,38802.12964,145894.1089,0,0
745.34448,582.1859618,0,0,0,0,958.8273797,0,0,0,0
744.96972,63077.05109,85232.35698,45652.92269,10305.14729,4733.292361,68098.74455,55870.55059,49142.38039,0,12583.1812
416.03974,0,175.9815591,0,0,140.4454644,0,0,0,0,0
769.39526,504.6733614,0,0,0,0,1483.370734,0,0,0,0
857.09274,852.4680241,1558.27708,0,0,0,6961.84704,3360.495552,0,0,491.6777187
811.41765,125812.5008,346.8565112,0,85.21496095,0,136298.9872,488.3318958,0,0,0
533.35408,233989.2851,0,0,0,0,252632.4322,0,114.2500865,0,0
533.3637,256575.7543,0,0,0,0,270486.5944,0,0,0,0
897.01351,0,0,0,0,0,0,0,297.7007022,0,0
737.5001,0,1149.177555,0,0,0,0,0,0,0,0
817.10059,508.2462061,8563.176045,4866.906345,23088.77483,4111.674967,494.5988897,15405.67356,3189.998269,208.551857,23403.83826
551.02844,0,0,0,0,0,0,0,0,9180.875228,0
727.01768,0,0,0,0,66734.31354,0,0,0,75520.93654,0
1060.99716,0,19445.1274,103805.5729,0,484.5142361,0,0,91887.21549,0,0
719.49023,158675.214,47506.52883,20265.53697,16212.12014,0,166702.3863,32671.62779,29222.40975,0,10616.28013
619.03167,0,0,0,0,1098.213997,0,0,0,302.1635246,0
951.63188,10469.40266,0,0,0,0,7273.480032,0,0,0,0
1020.99474,0,444.6038631,112204.1748,0,7176.764247,0,0,114310.1628,3087.346609,0
735.48218,174916.81,45679.7102,425.5119358,35179.07901,0,129932.9484,48855.13167,5159.16431,0,10397.25572
982.85963,0,708.9920917,74519.40386,0,0,0,0,75225.95701,0,0
539.05439,37192.53585,34491.83011,42724.37641,52018.47713,14279.63427,30477.48445,35088.05034,44324.34494,4093.711249,38348.18228
619.02347,0,0,0,0,0,0,5325.585821,0,0,0
679.39641,1648.5849,0,0,0,0,1907.486894,0,0,0,0
541.07141,36989.82736,48242.79414,40303.24151,25816.22457,44182.62995,35473.60593,73275.6547,41831.94732,13221.32866,24777.6396
672.9834,0,138.9118817,33295.44203,0,9067.345486,0,5252.855508,13450.93254,0,0
557.07962,804.9179861,2466.080342,5098.196072,1573.114971,2743.218989,784.4650495,1364.457747,5445.266466,269.6025816,511.6783125
805.34336,0,0,0,0,0,676.737613,0,0,0,0
888.95205,364.5938364,2350.16006,0,0,0,0,32812.96562,0,0,0
775.00143,208.9434458,0,1355.010308,0,472.2473959,0,516.9278311,0,0,0
833.46813,222853.5156,0,0,0,0,227058.9486,0,0,0,0
529.07224,29843.50752,40669.54013,49517.60649,57813.64549,9810.395161,25660.52357,41776.64173,47169.6678,7561.537506,46263.51691
644.06402,28355.63411,85368.47489,65646.92497,307.3856055,23106.26519,53282.97317,17982.20746,98363.59376,0,0
889.61839,157169.7666,78742.60492,0,8980.491836,0,133975.9302,43143.18013,0,0,1196.41725
747.99405,116250.9297,7326.218439,13655.24539,69644.03441,0,119079.7097,1049.666982,16995.24832,0,31355.64691
437.01586,16065.40108,66486.44402,80403.89991,568.9685548,28562.30508,17149.001,76688.4553,75834.80588,5083.254359,692.3894843
1088.9903,0,10382.62162,56026.80604,0,7445.735417,0,0,56944.78459,6672.943784,0
857.01797,0,0,0,0,9120.888456,0,0,0,88566.69385,0
591.0571,1853.687586,0,666.8133681,55.74288575,1603.542361,537.1184211,0,524.6431468,669.7662477,606.9982969
966.89284,0,20870.05768,93323.22158,0,1391.759451,1100.178505,0,102597.6718,473.5966514,0
589.0283,0,0,0,0,0,0,466.051052,0,0,0
557.07739,0,0,0,0,547.8914062,0,0,0,0,0
582.0893,336.4507571,105838.5089,49505.94187,0,5553.323437,4068.573653,55223.10195,76289.31641,0,440.8113906
863.51303,198149.5113,0,0,0,0,206921.3898,0,0,0,0
619.05724,0,0,0,0,0,0,0,0,3102.777739,0
1045.00592,0,0,1926.679633,0,0,0,0,1534.778543,0,0
619.04915,2289.091399,0,2108.838759,332.4729395,7508.004862,6517.362973,0,0,1605.560914,1027.491797
945.50318,723.0318376,0,0,0,0,986.3781354,0,0,0,0
677.08649,26914.7112,32010.6116,44897.68633,64342.16871,12305.93275,28033.16761,33529.50607,40570.68952,6350.103799,46183.20245
823.51386,0,301.5116229,0,1004.036943,0,0,0,0,0,0
1343.86238,155136.7689,64792.79648,0,0,0,145040.3092,56429.69663,0,0,0
895.59336,141123.4558,43682.69825,0,19345.96552,0,157593.3313,44539.88131,0,0,4102.414859
593.05749,461.9861035,73203.25662,70677.58597,130.1051611,25198.85417,949.3655429,58084.90057,71436.87404,2209.066633,0
672.98069,0,0,0,0,481.4832899,0,0,0,463.3443443,0
419.02783,12294.64066,15195.00515,14413.74205,7507.988672,113143.3928,9541.303352,96589.49444,12122.44556,46652.47475,7345.091344
391.04061,30604.43244,34919.66853,40725.03522,54610.7849,9812.497657,26501.66049,35613.38368,39856.11913,5377.431414,44025.68258
801.12777,0,0,347.9331055,0,0,0,0,275.8132911,383.2137964,0
590.94316,57100.7163,49579.8784,28436.52762,4468.510127,10568.86615,55871.39124,39708.58427,32739.25951,1631.826087,1834.79718
912.98448,0,0,0,0,0,0,1536.733447,0,0,0
394.05143,943.4785675,1899.474741,0,0,0,312.6125103,2883.44829,0,0,0
1105.70031,186931.9822,4233.791866,0,0,0,187080.5029,1093.570931,0,0,0
901.46642,0,0,0,0,0,0,0,0,0,0
972.90538,267.8696073,1003.043065,16247.09439,0,353.5867621,1103.83437,433.8927329,21744.26624,0,0
406.08381,0,0,1196.951185,0,0,0,0,811.0097656,0,0
606.9099,3680.575584,46426.83989,45202.31102,0,659.3492297,3565.169125,39424.30161,48227.07461,531.1226081,0
506.98722,8178.433421,95310.01254,26260.78735,414.1124512,17803.79664,11094.18056,64269.00894,40928.49239,31288.08908,1307.472078
1070.97427,0,391.5175422,1635.917331,0,184.4984809,0,0,8622.237539,264.6343128,0
646.99946,186.2526273,44969.7564,82085.63911,0,5926.830165,1136.601845,51157.91066,79217.45636,0,0
977.67025,136221.6969,70613.20406,0,0,0,114699.9737,44820.9158,0,0,0
647.03494,81597.37192,22145.84616,21249.05478,53686.58403,0,91717.23597,7485.003539,22239.89411,0,27465.52111
820.86849,0,467.0734099,1781.397142,0,0,0,133.5424466,3702.631885,0,0
723.4256,646.3680863,0,0,0,0,2137.699013,300.2616414,0,0,0
1401.15525,0,0,46811.66207,73252.96384,37881.65749,0,0,56967.62956,14141.30568,64491.73047
1076.95242,0,581.4138588,63512.61328,0,0,0,470.6891824,67250.72803,0,0
587.03527,13551.50747,40626.26721,25263.49989,50647.42256,26581.70137,13451.93064,40747.37927,24365.47425,457.2878171,44822.34363
487.01899,7537.609272,0,0,37918.8281,0,15839.86873,0,0,250.83857,7519.349531
575.07657,5604.356462,8200.299032,1739.872979,3440.241475,7420.509787,3186.585706,3594.25439,2688.750544,2783.8674,9977.992813
555.04381,229.5246647,7757.303921,107911.8767,471.8930762,976.0671876,1382.235737,126450.3474,30579.49706,0,394.6357969
569.06512,1326.936377,4868.075872,3835.233073,1686.610908,4763.998807,4275.991159,1147.37384,1180.793785,330.424649,2871.645813
674.99473,0,785.7662601,660.7487929,0,18446.90538,0,0,1606.774773,259909.3365,0
675.46326,121063.8716,36787.24039,11298.26432,11921.61796,0,130087.6761,19464.60649,17504.47365,0,3785.142203
1142.91442,0,0,338.2512478,0,0,0,0,0,0,0
401.28246,161483.3049,0,0,0,0,168599.9525,0,0,0,0
829.09577,25490.39873,31843.96481,22792.44836,61471.29221,6628.449175,21918.3841,32828.16107,24657.42257,2087.837749,43854.10889
1005.0211,114.0603308,60094.71293,0,0,0,0,46738.58404,0,0,0
511.37217,12343.39453,0,0,0,0,16419.1371,0,0,0,0
891.00591,1613.611726,0,0,0,0,0,0,0,0,0
1537.17035,0,0,41732.74187,70536.68676,34637.538,0,0,48743.90823,15601.91027,62296.38848
1120.91805,0,344.0473783,33570.38168,0,2551.546246,0,0,36648.04114,471.6575522,0
960.87282,0,0,85226.97892,0,0,0,0,82902.50653,0,0
393.05678,18803.92692,28654.39804,29310.59588,47979.17447,14482.31997,17519.33288,30505.4596,30879.16666,8225.30081,40293.3507
707.01096,8261.156302,1016.774288,0,0,0,6829.476614,1265.887434,0,0,0
891.56026,82910.18377,35472.15098,2373.359361,30568.28621,0,103375.4324,42797.95761,1450.412629,0,17504.96403
451.07184,0,0,0,0,0,0,0,0,0,0
751.4545,4336.310841,0,0,0,0,3425.618421,173.5547649,0,0,0
529.04783,0,895.4689177,2033.70775,0,313.1018663,0,0,1455.559076,0,745.2013125
1110.96832,0,6359.140637,21192.69961,0,2545.760677,1827.58658,0,29093.37285,279.1774513,0
573.24995,165413.5713,0,113.5334201,0,0,164035.7629,0,0,0,0
760.95131,0,0,0,0,0,0,0,190.8732447,0,0
1127.67586,80093.69729,0,0,0,0,83269.44213,0,0,0,0
617.28287,166821.0042,0,0,0,0,161568.4704,0,0,0,0
604.09093,0,0,454.2653808,0,122762.5408,0,0,498.5991891,191908.3481,0
564.07962,745.5720237,69543.22589,49070.03073,79.6440625,17616.31454,1296.096628,40812.16317,68184.1917,677.1381058,247.8900625
758.11655,3743.844891,65047.7118,28457.84793,319.736211,0,2234.240131,74544.71496,27181.50549,0,409.5853594
557.0445,225.5204819,0,1120.371921,155.4043457,0,1151.358064,203.7706529,233.9696401,0,0
753.02536,0,0,0,0,1089.536892,0,0,0,0,0
1243.01074,0,0,107562.1737,0,21628.63019,0,0,104125.9998,14554.69653,0
928.95981,0,0,26550.29373,0,3167.011806,0,0,24476.01669,2822.54529,0
857.08229,2460.603083,0,792.3170576,0,180544.4742,1952.477179,6405.47076,2620.682358,131562.4617,0
791.13655,0,0,0,0,51751.38594,0,0,0,41230.19905,0
811.48405,808.563468,95.00174945,0,0,0,1681.398694,0,0,0,0
811.48548,415.4959727,0,0,0,0,0,0,0,0,0
597.90407,214.5735619,4766.755919,31940.42974,0,0,649.4601151,5002.246094,31267.15917,0,0
665.44151,106435.2674,0,0,0,0,114006.323,0,0,0,0
1065.72577,109012.0552,51982.76951,0,0,0,93501.3564,32459.88925,0,0,0
655.10214,0,0,0,0,738.2322917,0,0,0,546.3200861,0
795.47881,2927.697594,0,0,0,0,10795.19079,0,0,0,0
1149.72577,89418.06368,215.5024923,0,0,0,113409.5336,0,0,0,0
1043.00251,0,0,96434.00305,0,329.0266927,0,0,105133.1825,0,0
1299.83401,105593.4662,40630.93785,0,0,0,101419.8536,36346.38202,0,0,0
632.8818,0,17799.76551,92431.91078,0,0,1329.351511,11051.15948,86907.38895,0,0
1327.88474,0,0,0,0,0,0,0,0,0,0
1321.88022,121.0538492,48.11021975,0,0,0,0,0,0,0,0
863.03487,50539.86752,7486.913535,4103.536892,52792.89011,0,64337.7388,399.4791925,7867.637782,0,30146.16047
916.95496,0,0,894.550293,0,0,0,0,831.9798013,232.5437048,0
730.9696,0,19576.70639,77570.08833,0,0,0,6953.412052,37782.12085,0,0
403.05186,531.3973313,0,0,0,0,0,0,0,0,0
765.02354,0,4097.135556,59692.22556,0,19665.59134,547.4542172,53561.02789,23225.36562,942.4602583,0
523.08039,0,427.207858,0,359.9129785,635.989974,0,705.5648206,0,0,0
431.04589,4353.610896,0,282.6280653,0,778.3158854,7884.527087,0,676.3367778,974.8559783,0
845.59142,104949.4714,35874.95748,0,6061.157881,0,90189.6118,17300.25354,0,0,3057.771156
391.94483,1587.64581,37368.80048,20085.25768,0,0,651.3789576,34706.62036,20012.83327,0,0
713.02414,52364.6133,675.6950129,670.6060656,36862.01041,2410.499284,70448.18925,0,926.2016294,0,38458.08522
879.48842,0,613.0070696,0,0,0,0,1014.597289,0,0,0
555.09836,194.8209693,0,0,0,0,0,0,0,0,0
469.03084,0,619.4332702,0,0,215.2454644,0,1665.58412,1561.909921,0,0
687.06596,3413.507605,413.001402,1509.781331,1226.372032,0,0,325.1082148,1024.224251,0,0
1387.88734,0,0,44593.21467,54232.74823,18818.53093,0,0,41445.95866,3808.448993,42097.86325
907.53434,20362.85841,0,0,0,0,19347.39227,0,0,0,0
628.88881,0,215.5567125,370.9972195,0,0,0,179.7041112,597.4272894,0,0
385.08646,0,0,0,0,160956.2281,0,0,0,121550.5493,0
791.15564,0,0,0,0,137702.9833,0,0,0,114772.0691,0
921.52029,121367.7903,0,0,0,0,133412.3992,0,0,0,0
1037.07254,0,0,0,59.117251,0,0,0,0,0,0
549.07713,0,653.2621501,268.8901638,0,0,0,273.2692992,411.2354258,0,0
979.61253,84700.6231,28656.30221,0,1663.602559,0,93965.49224,42003.98774,0,0,0
1193.75464,94646.33013,1726.673517,0,0,0,95402.53146,226.5730391,0,0,0
603.92142,3863.01381,706.665111,1938.626967,4441.591152,0,9111.486483,456.9578821,2590.329868,0,1727.363547
539.07534,0,0,300.0658366,0,0,0,0,0,0,0
627.1454,0,0,0,0,141793.9943,0,0,0,119988.3951,0
829.11487,0,0,0,0,0,0,0,0,774.9259512,0
576.9422,0,3424.050039,4891.773872,0,4994.843077,0,0,626.1508604,4865.191038,0
657.34385,4796.583518,0,146.6078559,0,0,6891.685855,0,156.1601563,0,0
1079.05056,34595.8786,909.2488857,209.8106418,59641.2227,274.1089843,26872.27097,0,0,0,50043.713
586.92977,1401.563442,41292.10001,46754.42516,0,312.8150282,1032.053159,34560.0567,50970.2063,222.5004671,0
814.04476,174.0494331,43089.73378,42035.0733,0,4523.094011,1341.597888,10408.49901,72940.2057,1927.500623,0
827.00462,144.8133728,5141.068851,69596.75963,0,22202.27819,1640.180973,50432.813,36333.61343,1475.705163,0
1236.98163,0,7561.60046,0,0,0,504.8727899,10865.2659,0,0,0
1061.59428,0,0,404.9981554,0,0,0,0,223.0109771,0,0
805.01532,0,4984.607038,32084.61909,0,14473.11597,255.0072471,17956.75781,14598.0266,1017.82821,0
1011.22757,0,0,0,0,147619.0912,0,0,0,109461.0279,0
449.19037,114439.7897,0,0,0,0,117982.826,0,0,0,0
605.16438,0,0,0,0,38355.97691,0,0,0,38525.74304,0
1017.66419,60665.90715,67091.64822,0,0,0,16922.70457,46844.27377,0,0,0
489.32878,103905.796,0,0,0,0,106824.0197,0,0,0,0
877.48591,59680.68708,0,0,0,0,64102.79205,0,0,0,0
551.26333,870.0621197,0,0,0,0,746.3264803,0,0,0,0
1005.6996,80724.71751,39614.58358,0,0,0,62583.8254,18861.29134,0,0,0
562.94957,5951.942651,34814.63732,16652.66602,0,11808.45503,4652.588764,41891.21929,19638.96653,4595.171309,0
935.57125,81348.56828,27193.71087,0,7311.027578,0,77491.8362,32485.85214,0,0,309.1746875
1033.55672,705.3937017,0,0,0,0,4370.755191,0,0,0,0
396.98223,37864.79003,2255.635724,1050.765991,15480.42124,0,42141.7628,584.4457379,4282.411021,367.2002943,4645.3365
925.01847,63095.02721,2067.49565,3574.527717,34591.34621,0,67169.03588,0,7123.462582,0,17785.96594
459.25851,0,0,0,0,0,752.8073088,0,0,0,0
566.13151,0,0,0,0,2798.20625,0,0,0,6257.841939,0
627.12981,0,0,0,0,32958.8158,0,0,0,14745.85089,0
679.3856,79282.70026,7668.929232,286.4937608,1475.634512,0,71448.06451,4563.589109,0,0,0
449.05978,340.0814436,3442.658706,783.1735298,1132.739805,1293.554622,413.3843545,5661.647664,689.384642,0,2020.046562
1021.01796,0,4994.296564,0,0,0,0,14704.16174,0,0,0
648.06454,0,0,0,0,212.8671658,0,0,0,0,0
993.03066,1266.841175,19716.33641,48992.06022,0,4724.383507,8447.653038,0,54834.15891,1162.069605,0
1098.92999,0,41163.14166,0,0,0,3633.727179,36814.70869,0,0,0
687.05456,0,1842.571415,1318.151503,0,0,0,2223.729908,2553.560337,329.264521,1863.84375
1067.01827,0,405.0508652,62734.401,0,22579.99115,0,0,69075.18072,18178.22611,0
835.09934,0,0,0,67.3895459,0,0,0,189.5862094,0,0
1036.97436,0,0,0,0,0,0,0,516.775403,0,0
616.92,2323.685841,32621.63072,23258.41309,0,10850.86608,0,32328.79633,2080.702099,12750.79504,511.3083594
1237.78094,77860.40867,445.6772072,0,0,0,79803.37706,272.773921,0,0,0
453.19037,88562.29214,0,244.6663819,0,0,82192.37295,367.1002959,601.1754104,0,0
762.93282,957.0215016,13343.26946,12565.03711,0,0,1437.742856,14822.416,11978.90749,0,0
1020.98861,0,45077.65996,0,0,0,1918.67352,27194.97034,0,0,0
917.64808,84948.24333,28600.86908,0,0,0,65273.64793,12177.76756,0,0,0
537.03644,0,572.2185583,0,0,15055.14041,0,0,314.7599387,26040.42595,0
1061.69038,18806.87389,71829.74653,0,0,0,15338.31651,49339.40022,0,0,0
1005.04235,0,0,4057.649251,0,1827.426454,0,0,9849.614272,0,0
539.03303,0,0,375.8057726,0,0,0,0,0,0,0
891.07007,164.7781388,35829.22553,16621.86659,376.9492383,12876.38557,0,15511.67655,14888.91567,2895.001953,379.6200859
877.42863,0,0,0,0,0,0,0,0,0,0
745.50658,93948.88026,6030.003607,162.8751967,99.4384375,0,89221.36061,174.2718132,5813.651405,0,163.55025
1061.6875,0,0,34400.27365,36697.84786,14952.16502,0,0,22053.51478,1507.918903,33570.16431
1252.97141,0,3037.857482,0,0,0,0,2358.513614,0,0,0
479.12133,0,150.4129601,0,0,35419.40412,0,0,0,26544.0011,0
965.0376,0,2072.427159,36924.03958,0,2645.384549,0,0,37160.35421,508.8199445,0
463.13397,0,0,0,0,111973.3278,0,0,0,98485.31714,0
616.90651,251.4301542,0,0,0,0,0,848.3019802,0,0,365.824625
477.00262,1203.109747,28033.3488,37292.14385,0,4391.137272,2063.484825,23401.78784,39588.49891,707.2982903,0
789.43171,3307.378596,0,0,0,0,6204.239721,0,0,0,0
1031.05957,0,0,7917.430013,0,468.4326172,0,0,8996.539607,0,0
842.96752,0,0,47290.2984,0,238.3470052,0,4557.5105,11357.67022,0,0
857.01929,7484.600734,0,0,0,0,2721.766037,9133.736927,0,0,0
455.02677,2432.037861,31727.43911,22216.23973,2163.787393,17553.56237,2124.326005,32067.01764,25318.74708,7742.088853,469.023
839.00144,30982.13242,20509.18098,31878.33877,0,1061.701823,32218.3079,8293.050685,36640.92416,0,0
741.9789,23376.16766,18736.16121,7918.078125,1335.667358,2545.735286,22606.02441,12145.52878,6313.113602,0,589.195125
1039.01527,0,0,0,0,0,0,0,0,0,0
789.53192,83154.76227,8182.536882,567.4110175,351.6591651,0,78450.91252,386.5446608,5455.887164,0,139.4675938
829.49971,0,508.1679927,0,0,0,0,0,0,0,0
564.94642,558.7102115,2309.506399,1745.269097,0,0,697.7466334,3776.828899,0,0,0
629.29457,84782.67775,0,719.5282524,0,0,82281.39756,0,465.7039038,0,0
705.32651,137085.3191,0,0,0,0,132793.0615,0,0,0,0
805.02534,145.6037404,0,0,0,0,0,24437.25143,0,0,0
566.12176,4399.268251,30015.25307,20944.53103,2771.118907,2565.553993,1442.887438,42524.99505,35080.84909,0,6108.465
437.01717,4293.603455,31353.77083,22422.51761,193.286045,8666.546137,1454.499743,19865.40095,17176.06329,10257.35626,259.5441016
1259.71354,84273.5193,0,0,0,0,90658.14494,0,0,0,0
666.97386,0,0,0,0,0,0,0,0,0,0
727.06428,0,1309.462519,8414.460396,0,9888.262326,0,2209.529974,6488.887412,0,0
819.18743,0,0,0,0,63449.24931,0,0,0,56094.31335,0
727.05915,0,21188.96718,31700.589,0,9676.775108,240.6850329,19849.8679,33127.3694,943.876019,0
475.2484,0,0,0,0,0,303.9167095,0,0,0,0
989.24723,0,0,0,0,12092.59086,0,0,0,9412.559811,0
1218.98772,0,0,44497.63563,0,0,0,0,53137.65724,0,0
409.11918,0,0,0,0,0,0,0,0,0,0
407.91442,0,20058.08616,13836.40614,0,0,0,17917.01947,16275.20644,0,0
712.94458,0,5279.597584,32523.50548,0,0,1035.565481,2030.498298,34817.92628,0,0
479.10845,0,0,0,0,3439.161719,0,0,0,1284.742584,0
531.99375,45632.7538,4942.717336,1427.571601,26726.66294,0,52570.91334,1005.653794,3385.176449,0,10408.77638
995.59022,0,0,0,0,0,0,363.6489016,0,0,0
1302.93238,0,0,14713.79064,0,0,0,0,26492.52021,0,0
577.24076,42836.83798,0,5183.887451,0,0,106874.6738,0,4728.772894,0,0
702.95122,0,325.0207055,0,0,0,0,1744.763188,292.6852255,0,0
1077.00541,0,0,1472.464762,0,0,0,0,1029.167029,0,0
867.55874,66454.30013,14532.2786,0,11730.13088,0,39775.48253,23287.27644,0,0,1467.290531
586.92644,0,230.2689321,143.4244656,0,0,0,280.309696,266.5384568,0,0
1120.93326,0,0,33736.65094,0,0,0,0,48882.72573,0,0
951.54588,0,2016.362622,0,3707.134063,0,0,0,171.7178353,0,0
579.03682,28697.35499,9287.710087,8471.929213,33721.74915,1070.37079,26641.75943,5067.37355,4844.63772,238.7498301,18280.26205
550.95063,0,28750.09101,27846.81543,0,216.0745009,275.604852,30254.87701,29861.48535,0,0
392.01374,1701.314453,21250.7295,2632.148004,19139.98368,18257.64243,2517.573859,26295.99596,4112.055139,10251.79404,19208.96095
903.04393,134.9308715,2581.322386,1935.300293,42066.81125,444.2611546,0,875.5385984,1929.426325,0,36183.75038
637.32443,0,0,0,386.1588672,0,2364.324501,0,0,0,0
727.06894,0,0,0,0,0,0,0,0,2186.097147,0
730.99224,0,2200.457918,0,0,861.5008681,0,8014.923113,0,1075.424706,0
607.32801,33801.15276,0,0,0,0,40186.74378,0,0,0,0
1349.8335,78049.73904,32797.26557,0,0,0,68053.08599,55682.88697,0,0,0
847.21897,0,0,0,0,100174.307,0,0,0,72418.24406,0
758.0974,944.4467471,39678.50949,16408.81104,390.5016456,0,267.7272821,36247.12686,18542.06502,0,311.1678438
703.14426,0,9274.610417,30629.37805,0,0,0,869.784673,30561.7616,0,0
883.55409,52922.71719,0,0,0,0,53836.31178,96.90476098,0,0,0
537.9824,0,0,0,0,4449.026389,0,0,0,0,0
973.64036,46200.11532,48895.86604,0,166.4964844,0,11078.71844,26453.69556,0,0,0
697.04675,0,0,0,0,0,0,970.6667118,0,0,0
1048.97918,8483.001461,44146.86251,0,0,0,12884.67319,47187.84062,0,0,0
789.41773,29432.74143,0,0,0,0,13334.03701,0,0,0,0
874.96859,0,33880.70926,16773.234,0,0,0,34430.81339,13852.13988,0,0
594.9357,0,325.4486017,12026.61985,0,0,132.0617676,0,9473.148796,0,0
709.46841,51803.44939,0,0,0,0,52622.97328,0,0,0,0
805.03211,188.2607163,5421.369105,43968.54224,0,7820.728429,1496.774979,23030.70475,24412.54883,865.4825068,0
1017.66785,0,0,26280.30108,29027.17393,14134.33242,0,0,14335.56961,700.7883265,28483.14334
523.03745,0,3362.760952,0,0,1579.836654,0,893.439047,0,257.9296875,0
617.01823,613.0444812,3178.013115,44252.35365,82.27743165,14330.12656,1744.736328,29661.43327,19718.03445,272.5447803,0
914.95259,0,0,0,0,0,0,438.8643642,0,0,0
914.95631,151.6096342,21624.97795,13367.20831,0,0,323.3985403,13881.84971,12716.8615,0,0
1039.0233,0,0,41972.74045,0,2316.030859,0,0,31820.2679,1117.159986,0
909.04439,0,0,0,0,0,0,336.1193534,0,0,0
1101.12984,931.538302,4309.119069,25095.07294,25127.5773,8537.761914,302.9381168,1253.508064,24774.06704,735.0843523,21705.59336
780.99394,0,208.038703,689.9153917,0,305.785178,434.4922903,250.0532565,0,0,0
468.05456,1717.920492,33504.43252,7532.984619,0,31283.32958,5143.040605,7837.009244,15319.02279,18451.98183,0
1212.96822,0,0,1966.900757,0,0,0,0,1699.033265,0,0
793.37874,69528.0997,0,0,0,0,69550.40851,0,0,0,0
533.05073,0,325.8411678,354.7618951,0,0,903.96875,0,456.7980988,0,163.543375
922.95234,0,6203.052387,39448.1569,0,0,0,0,51409.02858,0,0
389.97205,0,923.6150787,0,0,993.2182074,533.4995374,918.351872,523.7140032,391.3365603,0
783.02919,0,1452.384071,14708.4923,0,16717.3885,0,540.6806544,9059.60966,692.543733,0
1177.77512,42201.19536,13390.36429,0,0,0,29583.21495,4219.861986,0,0,0
439.04268,0,0,0,134.1219239,0,2330.601665,0,0,0,0
714.99744,0,0,0,0,0,0,0,0,7524.600543,0
1303.74236,97746.4559,0,0,0,0,98263.42219,0,0,0,0
739.26123,0,15370.21992,28725.23242,0,4656.74668,0,5287.702545,29047.9999,18161.70528,0
873.62082,64978.28249,16240.98162,0,0,0,45822.41062,5237.154858,0,0,0
437.21267,0,1762.244045,3559.504503,0,0,0,1952.142946,4344.330536,0,0
1120.96873,0,0,62465.85422,0,0,0,0,46771.51558,0,0
503.29633,63265.51888,0,0,0,0,51529.82705,0,0,0,0
1158.86739,0,52.33455953,13009.84589,0,0,0,99.4807395,14797.97848,0,0
823.04319,36043.60189,2066.960674,1684.180379,25306.31093,0,42230.69328,227.7893913,2200.108497,0,7688.764812
590.94337,0,0,0,0,0,0,0,0,3128.647164,0
889.983,446.2421529,19536.66413,22798.74555,0,1681.742708,0,4799.870127,34089.95931,1900.501189,0
769.451,65151.23759,0,0,0,0,55237.6451,0,257.9410416,0,0
800.88465,116.6581858,4116.298193,5131.484565,0,240.1467231,0,2015.669206,3782.172641,0,0
965.11213,8489.307747,10668.94579,9654.915012,25275.57855,936.009375,6585.700247,9064.724726,8126.897783,544.6667658,14757.1667
510.97904,43508.53498,1696.035288,0,13066.81296,0,41610.7941,2553.814376,0,0,1902.773359
1281.81974,59830.1007,3378.650978,0,0,0,61120.91453,978.6837872,0,0,0
573.04395,0,0,445.9158258,0,476.9482639,0,529.1396194,0,0,0
621.26787,33656.03822,0,1750.976183,0,0,78650.70184,0,3377.514822,0,0
613.31369,4612.477047,0,173.3154026,0,0,0,0,0,0,0
519.9622,1609.939047,25529.04601,0,633.3937207,9435.377648,285.7799393,45985.15192,0,523.2283741,1141.517687
1105.71551,1832.365459,50551.99819,0,0,0,2473.485712,37683.99488,0,0,0
1053.59945,60252.87355,0,0,0,0,58840.66139,0,0,0,0
524.9912,0,142.8271305,0,0,0,260.6181384,0,539.0548606,0,0
701.47798,60022.1381,3810.535851,0,0,0,57048.13163,80.60700611,1578.896781,0,0
492.98505,0,0,0,0,0,0,0,0,0,0
792.07382,0,34375.81487,17725.27315,0,0,0,4048.439937,27374.55604,0,0
663.02691,11804.27636,0,594.5653619,21713.54903,180.8264431,22356.74442,642.7042466,0,0,2975.218328
759.03859,4013.798725,22435.3551,22204.33946,0,0,2879.339946,21491.84081,21728.60175,0,0
567.29643,61285.07799,82.66141442,0,0,0,59543.75432,0,0,0,0
807.5255,0,1432.026481,0,0,0,0,714.3301361,0,0,0
895.56996,0,290.1710123,0,0,0,0,0,0,0,0
1120.94312,0,326.4685583,0,0,0,0,0,0,0,0
829.20365,9765.860827,9817.151841,14527.68028,28348.58498,21470.68885,6135.033255,10012.67025,10223.30761,0,26371.60763
607.31751,1529.215431,0,0,0,0,2174.901419,0,0,0,0
698.96021,462.234375,52026.60688,4376.641656,0,0,348.8309005,57660.2898,5847.79381,0,0
479.9938,8197.025996,0,2457.518067,579.6605469,2597.173611,28579.23664,13651.23283,0,0,0
545.02887,0,0,0,0,0,0,0,1223.317346,0,0
752.95879,0,4768.85324,15758.81511,0,4499.23776,0,0,16548.06626,0,0
783.0485,0,0,5472.219374,103.2374512,3845.506467,221.1498253,0,2162.302759,704.3692255,278.1039063
383.95815,226.2605435,792.8344994,58187.31408,0,657.2767796,0,4311.612314,24123.612,0,0
930.93019,0,18785.46123,6735.173801,0,0,0,16658.92133,8140.653877,0,0
909.07585,84.34421667,32382.89372,13757.23659,0,17399.87567,0,1108.455213,13854.72402,4686.466061,0
983.64582,50822.54418,6070.143609,0,0,0,57654.87639,6837.155399,0,0,0
951.00404,0,1140.986975,807.6103514,0,3574.941754,0,226.6911355,0,2116.426262,0
600.12038,1248.113195,15546.52773,17580.80187,11677.23214,4118.206597,5906.398026,2952.754041,10593.45248,0,67709.26053
1104.99035,0,0,4988.898438,0,2859.606163,0,0,7594.295194,1187.991112,0
990.86413,0,6047.500527,20944.68264,0,0,0,402.9638188,22478.24352,0,0
943.49654,28732.87438,0,0,0,0,35841.95385,0,0,0,0
1428.97371,0,0,32386.51945,0,0,0,0,35356.53387,0,0
907.55357,31616.8459,21542.57662,0,0,0,23159.26851,26242.71047,0,0,0
777.04785,2106.396934,1299.913056,14193.63002,428.5323975,39932.57678,1356.965152,1983.419052,4025.758159,26482.47772,128.5844062
665.29414,24753.94341,0,1389.111857,0,0,76436.99152,0,1821.664032,0,0
386.97264,7562.021658,6764.968103,3624.302382,27495.42227,453.3509114,9638.827791,3558.833636,1237.392529,0,17478.78756
923.62117,45525.67895,13418.39289,0,2659.440107,0,46437.37654,5788.213645,0,0,552.115625
419.22211,56458.83539,1723.307617,0,0,0,57184.95061,1196.600982,148.6760532,0,0
953.0423,356.237659,13951.04311,34621.96304,0,924.1540582,875.8507917,1612.029336,36319.9374,0,0
813.09989,6494.196453,7960.868865,16439.81034,18855.26645,1737.500141,4444.842825,5333.684735,16354.84413,140.1665393,9272.435305
607.22094,11204.36767,0,0,0,0,8391.683234,0,0,0,0
1215.68876,56964.12279,0,0,0,0,50310.02277,0,0,0,0
951.56018,26757.72857,0,0,0,0,17346.77745,0,0,0,0
761.27803,51933.00629,0,0,0,0,59181.36878,0,0,0,0
1024.98245,0,0,1184.543593,0,0,173.4448628,0,404.5819818,0,0
929.02764,0,0,990.5795628,0,0,0,0,1156.065566,0,0
717.15984,0,2499.581025,16119.75597,0,125.498112,0,1112.458133,19273.17836,0,0
1059.97823,0,1906.523054,36693.14649,0,1406.044683,0,0,44169.45432,1682.500821,0
1142.90136,0,0,7031.708781,0,133.829796,0,0,9346.362391,0,0
501.05401,378.9740044,473.9185199,3115.085558,2107.719941,0,0,2241.36535,2095.029927,0,4753.887032
440.98586,0,0,0,0,0,0,0,0,0,0
885.5719,6334.671564,0,6820.206475,0,0,9841.58198,0,7918.599239,0,0
824.96296,0,190.0238569,909.7971463,0,0,0,0,579.7107397,0,0
1415.92061,0,0,13446.25172,27006.99968,2038.586762,0,0,10616.86564,406.8197464,24466.97508
618.91825,8705.676464,11870.3757,10092.86739,234.878252,6607.437999,6494.222656,28273.47834,912.7755761,0,2293.889609
743.03378,0,0,0,0,0,0,1329.383354,973.2755146,0,439.6200938
1149.74151,33140.43626,31933.15488,0,0,0,12335.50011,18431.26321,0,0,0
919.02334,0,0,1874.999186,0,10209.55247,0,0,2340.044403,6405.731035,0
527.05429,6409.888162,9138.868829,10462.09819,12309.56559,1837.26339,4159.196366,15405.32261,9094.034513,269.0542629,9810.033016
485.23545,7610.496267,0,0,0,0,3952.121196,0,0,0,0
789.05801,0,0,1747.108276,0,0,0,0,1433.57234,0,0
717.25792,43282.18951,0,0,0,0,32613.49836,0,0,0,0
740.95289,1291.712752,0,0,40.45752198,3300.394401,435.7256374,0,529.7336333,5144.822719,61.42075
585.17123,49592.44576,0,0,0,0,50255.94187,0,0,0,0
604.0862,23673.41469,3782.085602,1201.484972,6276.305449,0,24227.12706,24883.93884,0,0,4445.084781
897.03497,0,7432.453893,6365.449436,7225.054765,29549.70903,0,0,8916.40803,13481.68082,8744.807156
1255.81118,45965.13715,10425.39224,0,0,0,43456.50915,4915.975596,0,0,0
1412.99358,0,0,19982.11366,0,305.9672201,0,0,25023.94546,0,0
1347.76649,72626.66434,0,0,0,0,79292.42208,0,0,0,0
711.08395,0,0,0,0,0,0,287.9215076,0,0,0
1289.80956,47723.37524,5425.353252,0,0,0,46547.75596,9398.259553,0,0,0
507.27461,52735.70164,372.0667897,0,0,0,38621.15784,155.1759359,532.9341624,0,0
604.1157,0,0,0,0,0,0,0,0,0,0
790.9127,0,0,15750.76313,0,0,0,0,14809.9731,0,0
483.03088,0,0,0,0,0,0,300.1406637,0,0,0
561.97404,0,0,36097.91114,0,0,0,0,40363.45867,0,0
575.35337,3147.118501,0,0,0,0,5060.636924,0,0,0,0
1088.96771,3968.9459,10387.87047,0,0,0,4257.050936,6141.620475,0,0,0
452.08123,0,649.9565999,0,0,0,0,0,115.7421875,259.0280797,0
950.96248,0,5770.4647,17582.60466,0,0,1327.805716,0,26496.09677,435.487432,0
1136.95032,0,0,4438.129096,0,0,0,0,4343.543216,0,0
457.14789,0,0,0,0,62413.84735,0,0,0,38403.22894,0
1393.82958,0,0,0,2927.732304,0,0,0,0,0,0
975.0974,0,367.7013037,11160.36355,23487.86289,5945.668772,0,0,14323.3614,0,16999.88062
1027.08441,0,0,25163.2062,0,9946.259288,0,0,24398.904,347.3134625,0
555.05428,0,0,1261.909397,0,68137.35881,0,255.2337368,0,19743.59797,0
1163.02361,0,0,37396.88072,0,0,0,0,35716.63938,0,0
877.48435,0,0,0,0,0,0,0,163.141342,0,0
1033.73347,46625.92689,15943.44355,0,0,0,28541.31874,2627.171585,0,0,0
723.29515,1615.680482,0,0,0,0,3197.521125,0,0,0,0
723.28386,1033.85521,0,0,0,0,845.5741159,0,0,0,0
695.40291,0,0,0,0,0,870.8217517,0,0,0,0
505.01381,9614.802821,0,0,12356.4611,0,0,0,0,1267.862772,13673.55294
667.33074,462.5140004,0,0,0,0,0,0,0,0,0
1073.72858,40017.88048,14704.71853,0,0,0,25779.79343,4568.091836,0,0,0
631.03799,0,1044.988701,168.4653049,0,0,0,174.049563,1091.656695,0,0
867.99652,0,0,688.2913954,0,0,0,0,2008.232199,0,0
755.0639,0,410.0228623,437.3340929,0,0,0,0,815.5610413,0,190.8839218
819.48331,25142.46128,0,0,0,0,55883.83759,0,0,0,0
740.96373,961.4128872,21503.7662,7502.791721,0,0,588.5544305,27112.70978,8363.828324,0,0
938.92815,0,579.8099718,0,0,0,0,471.3479077,400.2384914,0,0
933.57014,0,331.0515721,0,0,0,0,486.0668317,0,0,0
863.52903,2105.193653,19102.85856,78.65882028,13360.81229,0,0,26135.04933,1408.386731,0,3038.444375
501.07798,1427.790134,11142.16307,10413.45823,3322.973599,9936.670747,900.9385024,4369.163947,11055.74201,4389.136931,4762.455594
943.12688,0,0,853.7419569,0,0,0,0,218.6575974,0,0
1116.98259,8789.121318,345.6380488,0,0,0,11562.05307,0,0,0,0
680.00526,2892.249239,16285.67451,12065.92974,260.7262012,5551.946224,7786.814762,13963.60783,11342.26553,383.4215354,126.5202734
785.42065,0,0,0,0,0,0,0,244.3793265,0,0
783.4099,623.0085039,0,0,0,0,0,0,0,0,0
524.96431,0,2870.277344,4617.950656,0,0,0,2651.969968,5566.558655,0,0
488.99549,0,0,0,0,0,0,226.412148,0,0,0
813.43528,1074.657667,0,0,0,0,966.0459499,0,0,0,0
1121.68441,177.311895,0,0,0,0,265.3589124,0,0,0,0
647.05019,0,1192.012318,503.2335476,712.2520508,0,0,849.2452235,302.4354974,0,1700.056125
573.23962,24505.90191,0,0,0,0,22692.16427,0,0,0,0
907.03797,0,0,0,0,0,239.9571597,0,0,0,0
711.18304,0,0,0,0,0,0,0,392.6357546,0,0
924.00188,7115.784344,1321.155537,1219.210531,23845.43974,0,11561.02688,587.5491182,3410.942099,0,11372.53331
661.29519,23692.82757,0,0,0,0,24347.02205,0,0,0,0
696.97424,0,0,0,0,0,0,8218.125948,0,0,0
1327.86048,50587.7687,16517.19683,0,0,0,49067.31975,10513.09771,0,0,0
1305.8752,0,298.7150355,0,0,0,0,0,0,0,0
598.9366,879.8536799,0,3546.12131,119.6729346,0,226.8891345,0,3226.089597,0,2281.876305
1349.83625,0,0,0,36118.69543,5568.704123,0,0,5547.396732,572.4470109,10770.71636
679.00404,0,0,0,0,0,0,0,0,0,0
647.06135,0,0,457.4914958,267.6061719,0,0,0,0,0,0
485.09398,0,103.611412,361.4509684,0,0,252.4483964,504.5113127,0,0,172.1419375
761.07246,496.0225992,1195.475975,2978.323975,3906.130312,0,860.5039962,146.3889136,2438.73304,0,796.920711
551.30167,36641.38641,200.807072,0,0,0,43506.16304,0,0,0,0
1406.98494,0,0,30534.28753,0,0,0,0,29254.83549,0,0
987.03037,0,921.5409079,9408.819988,0,1607.499479,0,5414.527808,12101.06957,586.9801857,0
1007.64369,35438.25636,8270.43868,0,591.1970703,0,33810.35611,4666.585512,0,0,0
696.97115,0,0,0,0,0,0,0,0,0,0
901.52997,37625.40205,0,0,0,0,35421.16118,0,0,0,0
587.40901,38456.73066,4432.123784,0,250.8012598,0,40780.78989,234.3561843,878.6531472,0,0
393.02236,1420.447326,10772.14237,4279.29556,19936.23866,1830.332661,0,16407.33903,3306.547536,0,22390.30094
873.00107,0,339.199698,869.9029677,0,0,0,1150.025449,309.494734,0,0
1373.00097,0,0,29859.19712,0,0,0,0,26992.59704,0,0
1075.94701,0,0,1887.736138,0,0,0,0,1627.347582,0,0
1197.01828,0,0,31910.80171,0,274.0131728,0,0,20085.61264,0,0
808.98502,0,0,0,667.1802735,0,0,0,0,0,0
829.07455,0,0,237.31486,0,0,0,0,0,0,0
649.98547,0,815.8073357,20256.87256,0,2874.694206,713.8260434,28524.12566,5329.222236,0,0
1237.14651,516.0298759,652.5815759,11110.56173,16456.90536,4748.691081,0,0,14606.12052,0,9813.426477
434.9853,0,0,0,0,0,0,0,0,0,0
681.16228,0,0,0,0,0,0,8113.088568,0,0,0
593.29004,0,0,0,41.8139209,0,392.6488743,0,0,0,0
431.02319,0,0,0,0,0,0,0,0,0,0
975.09533,7852.879917,4729.251306,15676.75709,17368.03773,728.721224,4407.412842,3202.024085,14479.01056,0,11541.29908
814.04099,0,13044.42811,22637.94192,0,2105.326628,0,0,9969.44462,771.3346354,0
1100.01653,20127.88342,814.5189441,0,15558.11172,0,20814.90001,315.9619238,119.177858,0,2968.228891
549.02872,0,7166.658419,2303.243585,1318.663829,0,0,4059.346535,1858.57988,0,3576.502125
947.02614,0,4457.747999,22542.29641,0,311.4729927,0,1165.937693,22001.67738,0,0
991.0634,0,0,863.6289469,0,0,0,0,735.8922196,153.3595872,0
729.95613,0,1108.343606,6681.340387,0,32999.00282,0,2339.15741,0,24997.95114,0
1265.70087,40618.32209,2469.461429,0,0,0,26574.5818,11943.56032,0,0,0
749.05756,0,0,116.7799886,0,0,0,0,336.1341476,0,0
394.07308,6201.224315,17780.27484,0,0,0,5276.605906,20725.84116,0,0,0
795.12274,0,0,238.6490072,0,0,0,0,0,0,0
1072.99665,0,0,1100.890408,0,0,0,0,750.0356013,0,0
1051.67167,34345.85663,6411.596901,0,0,0,30288.33933,4468.69597,0,0,0
790.92278,0,0,32499.86024,0,0,0,0,19033.4908,0,0
511.08339,0,108.9845787,0,0,0,0,0,0,0,0
709.06599,2134.353974,4182.39827,14292.88813,664.5685547,875.0414063,1438.410169,21152.16946,7574.936165,0,1141.680516
511.08795,0,158.9176812,0,0,0,0,0,0,0,0
551.02473,0,2136.637413,14704.90755,0,14451.55295,0,13393.13436,5371.827235,0,0
813.47102,33136.83704,0,0,0,0,33402.8595,0,0,0,0
922.97219,0,19179.8969,7934.560384,0,0,0,15600.48844,3222.622034,0,0
523.2487,2371.881084,195.9263923,0,78.9509961,0,2118.594058,514.7598913,84.58439228,0,0
431.0183,0,131.974154,0,0,0,0,0,118.6058272,0,0
742.97254,0,1596.553393,0,3879.310762,0,0,1216.236696,1159.906151,0,5986.613438
397.14372,157.3482612,0,0,0,0,0,0,0,0,0
769.41389,0,0,0,0,0,1942.957545,0,0,0,0
597.02024,0,15714.63758,259.267612,0,308.0822482,0,73516.09155,850.2322982,0,0
647.06884,152.0837078,1373.990223,1668.819594,2962.187793,413.4423286,0,2044.83586,1289.930713,0,1123.048859
813.10483,3929.028761,6943.597848,4395.795736,11378.47308,2043.522949,2216.044485,8190.23277,5633.488393,0,9375.81211
669.0547,0,198.1199674,0,0,0,0,0,0,0,0
751.93333,0,257.8419047,0,0,0,0,0,0,0,0
833.00932,0,5991.063698,14123.95323,0,600.8144966,0,4002.113861,13334.91567,281.3540535,0
913.01105,0,0,0,0,2566.800434,441.5113076,637.7268719,0,1224.523324,0
680.97454,0,592.1846002,596.1736653,62.98618165,40506.2452,0,0,497.15625,23821.68385,1342.140906
959.11866,0,0,0,0,0,0,0,130.7453521,0,0
569.28919,0,1467.866996,784.4565972,0,0,0,2403.015702,2055.225079,0,0
571.02614,0,0,0,124.2890235,0,0,0,0,0,0
1255.71115,0,0,0,0,0,0,0,0,0,0
596.93745,0,0,0,0,0,0,0,108.7307407,0,121.4784922
1305.78174,0,0,0,0,0,0,0,0,0,0
687.16831,0,0,0,0,0,0,0,0,0,0
1027.66886,33596.03488,1373.027248,0,0,0,38190.97674,2345.301245,0,0,0
753.29145,32643.42205,0,0,0,0,33948.17475,0,0,0,0
629.0116,0,112.0776936,1361.018785,0,591.5218316,0,221.1671179,1039.906744,15142.21767,0
1673.18719,0,0,3712.264459,30997.18746,9206.491927,0,0,4107.73168,636.1414035,26001.95295
1077.76085,38015.03087,8615.660875,0,0,0,20427.97124,2747.763575,0,0,0
666.9585,0,0,17270.29511,0,0,0,4085.381865,1791.720271,0,0
746.95512,0,0,237.4691569,0,0,0,839.1176516,250.6968701,0,0
1178.99714,0,0,1142.025363,0,0,0,0,1894.300794,0,0
857.12608,1093.45195,0,0,0,0,0,0,0,0,0
946.99152,24705.52498,685.9735909,346.864095,5168.920576,0,26521.43868,0,781.2370451,0,0
873.00407,865.3466365,2318.322853,6515.605144,0,693.8982639,1582.006759,4433.666848,7120.437896,686.8079143,0
549.00826,1076.272262,2115.156298,4138.747315,13670.78008,0,729.3053557,324.6468132,5608.090165,0,11765.02356
960.92393,0,212.0377444,836.9127604,0,0,0,0,1859.953694,0,0
571.03661,296.4232578,0,0,0,0,0,0,0,0,0
652.97237,0,3373.448596,2470.284668,0,373.294184,0,49486.73666,1439.995636,0,0
879.51164,600.8221792,2075.089628,0,0,0,0,883.0670831,0,0,0
727.03078,152.5954612,1277.554831,3358.252279,1426.829219,775.0017361,0,2888.25,0,0,24773.40338
1128.91211,0,457.8610406,13356.21937,0,103.7561849,0,0,14113.9496,0,0
822.8651,0,295.0317892,221.8582357,0,0,0,130.79118,770.4701592,0,0
781.30789,0,83.5240965,13951.29225,0,9440.892665,0,0,2575.984431,5939.167969,0
743.07311,8362.568031,1449.399156,3795.482042,3407.835449,1266.934766,2815.26912,2115.648805,4452.56161,5710.18917,2013.406375
1231.30488,0,0,0,0,33483.80178,0,0,0,30100.81125,0
823.06302,1334.494296,827.018339,0,3698.218281,0,576.1888878,0,1070.060337,0,2552.474109
1274.96836,0,0,20145.60699,0,0,0,0,21636.00129,0,0
906.9891,0,119.3774444,0,0,35594.58143,0,0,0,11837.73641,0
785.19079,0,0,12805.85883,9155.599297,0,0,3455.826424,3785.805973,0,12428.41363
709.32027,13635.91149,0,0,0,0,41868.84092,0,229.8882639,0,0
726.99629,0,0,0,7713.58458,0,0,0,0,0,3138.115094
1120.97035,0,15213.31907,0,0,0,0,10532.5736,0,0,0
416.93147,6390.351908,9612.13763,4707.239475,1031.110854,4209.553212,6581.38749,6150.261642,4848.567989,1892.409958,203.9783126
1243.03592,0,0,14850.66541,0,2511.547439,0,0,22483.20037,1112.783996,0
1274.98468,0,0,22846.82058,0,0,0,0,22374.98981,0,0
773.02789,777.5273611,1067.113425,0,0,0,520.4106959,67131.50716,0,0,0
644.0825,368.0321142,10980.97158,7191.683594,66.7276416,1344.866189,0,2595.208617,20410.12772,0,0
1355.89681,2790.749119,459.1705569,0,0,0,5247.868653,0,0,0,0
544.95262,209.6006896,9883.624856,9456.534234,0,0,0,14073.20781,7444.455771,0,0
827.01919,159.7007743,2743.156286,14662.48318,0,4203.614497,0,12053.07805,8460.788877,0,0
715.01163,0,286.2399109,0,0,0,0,0,0,0,0
1406.98914,0,121.5410636,0,0,0,0,238.724358,0,0,0
591.03219,0,0,0,0,9162.47066,0,0,740.5336234,30818.66729,0
637.09347,3829.39524,0,703.8191597,20378.03321,0,3566.64218,0,215.0056863,0,10408.54709
749.01233,1746.869193,0,0,10269.75184,0,2686.20107,0,0,0,1275.682156
897.02291,0,0,5628.073568,0,4227.924306,0,0,7119.442049,22842.65569,0
791.45436,0,394.0895202,0,0,0,0,288.5894376,190.4811981,0,0
785.2031,0,0,11796.26638,0,15429.15504,0,0,14828.1606,8539.717391,0
1275.76051,28389.94277,5548.287858,0,0,0,22030.66167,4055.239828,0,0,0
737.94494,2039.272954,14613.39355,1555.212944,0,0,925.2462737,19811.26501,0,0,0
687.40453,34155.88219,0,0,0,0,30057.65019,0,0,0,0
885.00233,347.5199806,3280.477569,0,0,0,0,0,1714.842761,0,0
597.04006,0,2656.816035,0,0,780.8625868,0,3462.174621,495.8125247,0,0
731.05547,0,0,0,0,618.0745226,0,178.5613591,0,0,0
497.98589,0,0,0,0,26966.83715,0,0,0,26683.44299,0
1127.63706,25384.24291,0,0,0,0,28117.17635,0,0,0,0
511.05067,0,629.5278111,1813.904161,0,2554.648915,579.1757813,1747.068514,1069.815615,0,0
673.23696,4605.226009,0,0,0,0,5689.270611,0,0,0,0
616.91434,0,0,0,0,0,0,0,0,21740.62647,0
707.96827,96.02806106,15452.80027,1916.764526,0,0,325.9519686,15338.90662,2167.550577,0,0
1029.70409,29292.2825,8642.095943,0,0,0,16659.13137,1747.485197,0,0,0
716.98257,0,0,2704.107531,0,3945.838238,0,0,790.1013646,4959.12834,0
1459.94558,0,0,26581.36595,0,392.2016059,0,0,18134.25974,687.3752264,0
1481.89506,0,0,0,1661.047129,495.4236979,0,0,162.963039,0,0
1039.58289,19856.13288,0,0,0,0,29850.50673,0,0,0,0
1237.03069,0,0,0,0,0,0,727.6193534,0,0,0
1393.87152,0,0,0,0,0,0,2002.928489,0,0,0
1537.15405,6246.245091,14370.42549,0,0,0,7942.905582,13090.25433,0,0,0
1090.97195,0,16290.26848,0,0,0,0,9992.631304,0,0,0
483.0665,0,0,0,0,0,385.8139392,0,0,0,0
679.29787,0,0,0,0,0,705.9925987,0,0,0,0
493.02691,0,540.725538,884.7085367,790.040791,114.1831922,1670.496608,0,512.688217,0,154.5927656
511.03271,0,1161.036714,1995.44184,1072.448438,0,0,2181.641205,539.0915249,0,4482.771688
1219.01784,0,0,8418.526801,0,0,0,0,3626.459751,0,0
679.30474,0,0,0,0,0,0,206.1575844,0,0,0
908.95033,0,982.0022766,0,0,0,0,0,0,0,0
987.52138,9798.521727,0,0,0,0,13135.10547,0,0,0,0
1117.75443,28875.1577,8711.220919,0,0,0,16635.20194,1944.1507,0,0,0
1033.27152,0,0,0,0,33263.06836,0,0,0,21713.30305,0
581.94865,0,0,0,1548.670195,0,0,0,0,0,930.8183282
973.59702,12567.03768,0,0,0,0,14007.25864,0,0,0,431.51475
1385.00461,0,0,206.7501628,0,0,0,0,110.9327161,0,0
754.97976,0,351.5126294,0,0,0,0,0,0,0,0
541.0705,0,0,0,0,17591.55009,0,0,0,27805.15183,0
557.36357,23385.65862,3864.503583,192.3472494,180.4273975,0,17452.80646,3290.676758,0,0,281.522875
1126.98188,0,1642.257465,10598.124,0,0,0,0,12153.9305,0,0
725.03241,0,0,0,813.9658985,0,0,0,0,0,930.4198437
731.42813,19700.90058,0,0,0,0,16078.52179,0,0,0,0
727.30067,10590.04036,0,0,0,0,14192.86783,0,0,0,0
1582.99246,0,0,18900.47877,0,0,0,0,14709.04291,0,0
973.56226,0,1045.698308,0,0,0,0,893.8143178,0,0,0
797.18061,0,0,0,0,5348.405816,0,0,0,4188.863055,0
983.63536,418.0442824,0,0,0,0,0,0,0,0,0
791.12536,0,0,0,0,0,0,0,0,0,0
1472.93369,0,0,2364.688639,0,0,0,0,2012.23571,0,0
617.26676,17944.06829,0,0,0,0,20687.99116,271.650294,0,0,0
626.04973,0,862.4325753,446.4041748,0,0,0,1599.417698,437.7204065,0,0
1258.99289,98.23277619,0,1568.45676,0,257.5159071,0,0,5433.21603,316.811198,0
839.09415,0,0,0,0,34178.28763,0,0,633.0803994,16482.54532,0
1249.72367,173.0794386,0,0,0,0,0,0,0,0,0
590.95471,2098.886753,6410.307803,8093.178033,401.7898584,2878.194835,1587.521844,8223.097772,3854.903679,0,172.1874218
923.53848,432.8174779,152.7838262,0,0,0,646.8565482,595.7876702,0,0,0
637.06109,0,0,12515.70291,1955.167031,0,0,0,4964.884963,0,2286.845813
665.23909,31295.88952,0,0,0,0,29577.08506,0,0,0,0
967.64978,21114.90342,5300.536564,0,0,0,25365.27087,668.2648515,0,0,0
711.15204,0,0,289.1403266,0,0,0,0,0,0,0
775.17007,331.2472345,0,0,0,0,0,0,0,0,0
747.43157,758.8512859,205.2763072,0,0,0,864.4106703,268.6535814,0,0,0
655.17582,0,0,0,0,29224.54097,0,0,0,14141.71071,0
586.06664,1486.105642,1536.467696,2995.471572,2151.129063,0,0,0,5116.09553,0,0
778.89752,0,9782.607889,6615.188504,0,0,0,10055.37662,6402.672122,0,0
775.15222,0,0,0,0,0,0,0,0,0,0
949.11336,2472.963954,3050.610741,3603.586819,11719.66276,857.5152778,985.5000129,3016.945631,3431.570585,0,6681.089563
595.04462,665.3901324,3073.566574,9796.777846,1098.751177,0,663.3762464,11188.98788,6390.269655,0,215.4594297
560.9806,0,0,0,0,0,0,0,0,0,0
1296.95891,0,0,5829.591038,0,0,0,0,8980.728615,0,0
1126.96923,0,0,9948.309082,0,0,0,0,9997.263276,0,0
715.33126,681.2693065,0,0,0,0,1093.755577,0,0,0,0
573.0624,0,0,0,5358.814434,0,0,1773.772432,470.2034217,0,1918.744094
1061.62478,0,0,192.3831381,0,0,0,0,0,0,0
649.18788,0,0,0,0,26807.7635,0,0,0,21844.13584,0
1271.77304,0,0,0,0,0,0,333.467319,0,0,0
866.99182,218.8795112,3441.480828,3576.159072,0,444.4977864,1090.316098,3182.224474,0,0,0
505.02508,0,0,0,748.2796095,0,0,0,0,0,0
567.95117,461.2834624,8963.064298,0,0,153.6791232,2001.977411,4615.82039,284.1280162,0,0
1253.00634,0,859.3666123,0,0,0,0,2050.70591,0,0,0
628.98753,0,407.5768069,791.9334445,0,0,0,473.6985032,1486.792709,0,0
371.15379,34228.7762,0,0,0,0,32897.67074,0,0,0,0
835.51839,0,0,0,0,0,0,0,0,0,0
1401.14337,0,0,16487.5762,242.6572071,2116.452604,0,0,10100.04205,3684.515681,246.7128125
1265.00841,0,528.0378642,0,0,0,0,219.393487,0,0,0
923.56372,0,626.978971,0,0,0,0,0,0,0,0
1290.90618,0,691.6620134,9598.041192,0,0,255.8199784,170.4450031,12455.57008,0,0
903.05912,0,1420.539422,2225.164171,12924.62438,338.8551216,0,2641.064492,2525.346544,0,19875.62306
543.28957,0,0,0,0,20579.35169,0,0,0,23617.72637,0
523.02559,0,0,0,3080.711485,0,1721.873972,0,0,0,13826.67556
727.07584,0,962.3686733,5517.123474,253.0704346,1174.069727,0,467.4715347,3500.220802,598.5606036,0
1319.7882,35240.42637,4721.546995,0,0,0,30893.84396,3887.372467,0,0,0
1286.97633,0,108.1721147,5428.878879,0,391.557411,0,0,11967.41856,0,0
1097.62371,28838.77728,0,0,0,0,32897.03953,0,0,0,0
1215.65303,17042.02268,0,0,0,0,26277.90162,0,0,0,0
702.98171,0,1842.256255,330.6752116,0,0,0,864.4383509,1466.52591,354.4757983,0
749.02867,0,0,0,8064.295235,0,0,0,0,0,8602.098156
687.04135,610.6590846,1984.089472,1426.874878,1530.161329,242.6199002,0,1246.112662,2350.140155,0,3888.029063
883.01592,0,0,2349.043593,97.1386133,21225.29427,0,0,1934.417314,22023.14133,141.7895156
673.29748,608.5378181,0,150.2147759,0,0,877.2791941,0,0,0,0
1180.8456,0,0,1898.89011,0,0,0,0,3191.246341,0,0
763.20473,0,151.9277464,143.5376248,387.2601465,0,0,332.305461,0,0,0
960.87099,0,9773.388744,1070.637099,0,0,3882.604749,7734.768468,460.8727749,0,0
811.20579,1077.970236,209.533287,20536.68316,267.7406055,1066.768685,3148.169048,0,22108.5717,0,1138.869281
1296.97276,0,0,13554.51899,0,0,0,0,11984.05548,0,0
1302.94093,0,0,8454.082764,0,0,0,0,7894.642764,0,0
1589.01052,0,0,17348.08122,0,0,0,0,17239.71995,0,0
891.54164,0,4061.173744,0,0,0,0,0,493.8885483,0,0
483.03303,131.606091,209.0987107,0,0,0,0,0,0,0,0
1253.00247,0,0,0,0,0,0,0,1609.813143,0,0
1105.62747,0,0,0,0,0,0,362.9283726,0,0,0
805.05723,160.0743225,1189.686949,5189.794,0,6139.40306,230.9417404,1928.964573,4591.996613,465.0713881,0
547.28248,800.4296875,0,0,0,0,375.9016755,0,0,0,0
939.60434,0,0,0,0,0,2047.441818,466.4187036,0,0,0
1171.62504,24183.29504,0,0,0,0,18601.64422,0,0,0,0
1062.96841,0,0,252.8444824,0,0,0,0,211.1125396,0,0
1265.12781,0,0,2930.014106,141.4498926,0,0,0,2432.439923,2073.12333,0
797.31678,21731.36034,0,0,0,0,18115.79461,0,0,0,0
742.92898,287.904971,9792.167334,10725.21642,0,0,523.3087351,8560.074509,13278.25471,0,0
1193.77231,0,19208.87065,0,0,0,0,9533.00087,0,0,0
1092.95817,0,451.3552291,0,0,0,0,254.2123878,0,0,0
769.37934,490.7354984,0,0,0,0,435.9228516,0,0,0,0
1413.0218,0,0,16895.82281,0,0,0,0,13031.34583,0,0
789.44728,0,0,0,0,0,991.063528,0,251.3905508,0,0
767.18759,0,0,21246.82269,0,0,0,0,6974.386298,0,0
811.05119,0,0,0,0,379.6414497,0,0,0,0,0
687.33857,0,0,0,0,0,512.525185,0,0,0,0
375.19566,18393.91876,79.96647337,0,0,0,25529.25519,0,0,0,0
827.06278,0,352.205174,1392.432346,0,811.984961,0,1194.722231,810.2068335,0,0
1004.85635,0,0,0,0,0,0,0,138.702408,0,0
507.00019,0,0,0,0,0,0,0,0,863.8277854,0
721.02889,0,0,0,11849.50641,0,0,0,0,0,12597.48825
647.36986,528.7473815,2102.008292,0,9173.695176,6820.458572,0,0,239.9037282,254.7257133,8589.559672
763.12737,0,0,215.2831082,825.7627833,0,0,223.4290687,124.0058223,0,1726.229156
1059.99057,0,0,15384.20112,0,0,0,0,18351.03442,0,0
761.26219,2635.114768,0,0,0,0,1640.43272,0,0,0,0
408.9337,0,4316.600113,2651.270603,487.8334472,3751.889866,0,5468.846689,151.9163123,3946.146088,3541.732313
796.9807,373.4796737,312.8338526,1858.216526,0,0,1464.517064,395.9722308,2557.230222,0,0
1099.00265,0,0,6455.544,0,0,0,0,5161.119462,0,0
579.07191,0,89.31284748,627.6681994,4697.095771,335.0586806,0,990.8029277,1522.371094,0,850.4918438
839.06076,365.9392976,1081.623155,1464.340522,0,886.2845052,0,0,1746.768938,0,0
907.51571,1081.330614,12585.81559,0,215.1990821,0,6611.960424,15290.44881,0,0,0
671.31368,1422.746681,0,0,0,0,858.4851717,0,0,0,0
646.99727,0,0,0,0,0,0,311.0325069,0,0,0
711.06413,0,6321.574375,9009.856486,0,0,0,3523.722521,11209.91452,0,0
697.00076,3772.439228,0,5559.472005,0,0,3068.398797,0,1162.189577,811.8868886,0
1197.02896,0,0,11683.89594,0,0,0,0,18086.50317,0,0
657.02557,7700.142284,3532.303429,5359.138834,1706.816406,2806.503733,4648.049394,7175.322904,1227.469788,0,0
1166.8656,0,0,1466.745809,0,0,0,0,1186.319787,0,0
673.03385,0,0,0,0,343.8559244,0,0,0,0,0
1291.72991,268.7580545,0,0,0,0,421.4237767,0,0,0,0
891.51163,16685.77862,4770.622939,0,1201.506621,0,11733.3381,3212.646156,0,0,367.8449062
473.08123,297.2538889,894.000683,1707.36284,7891.396314,247.704362,0,2853.239606,2020.720444,0,1718.198156
1291.74289,299.0574184,0,0,0,0,0,0,0,0,0
761.29103,2411.30766,0,0,0,0,1615.248869,0,0,0,0
592.96129,351.2612694,0,0,0,0,0,0,0,0,0
1123.08805,0,0,2382.096151,0,123.6770617,0,0,1208.894778,0,0
587.04966,0,0,0,0,10275.10239,0,0,0,25522.77596,0
439.03427,170.0243363,0,0,0,0,0,0,0,31077.58583,0
914.97884,409.2267527,5923.002492,1958.30127,0,0,362.5528629,4152.795792,3695.910601,0,0
769.13137,0,0,0,0,0,0,0,0,0,0
729.9451,2859.154072,4197.570601,0,0,0,433.7626311,20676.34437,0,0,0
1105.65216,0,0,0,0,0,0,0,213.0222261,0,0
782.95028,1958.445606,0,0,0,0,2961.904837,0,0,0,0
587.08456,0,0,0,0,0,0,0,0,0,0
513.06551,0,0,292.8680284,0,0,383.0512438,0,0,433.1778193,0
693.09892,0,0,0,0,0,0,0,251.4074615,0,0
642.89983,5829.257743,86.6452981,0,0,0,3135.676321,0,80.0749419,0,309.058375
713.03707,3989.164443,0,0,11538.66611,0,2345.607216,0,0,0,11142.07256
608.90604,2001.936368,4705.149384,6242.51317,0,116.4292534,2267.179983,3011.382155,7576.63845,0,0
595.28114,1983.978308,0,0,0,0,464.9360095,0,0,0,0
529.24313,3966.519981,0,0,0,0,2921.078332,0,0,0,0
702.96156,0,7460.696271,7289.734348,0,0,0,3666.926052,5159.800658,0,0
465.00578,1210.736069,3825.43901,2961.699816,0,814.8861979,1198.477282,0,10404.83023,707.6914912,0
932.99815,0,0,0,0,0,0,697.2148051,0,0,0
537.02936,0,283.772455,294.2390679,13101.07305,4476.246181,0,0,231.6076444,0,5752.41975
1090.95239,0,195.8401193,1578.96875,0,0,0,0,1918.136657,0,0
1076.99327,0,151.4056748,4832.593099,0,0,0,0,2679.209405,0,0
383.97096,0,6547.138277,7368.609592,2357.231641,5625.351172,0,0,1073.125494,2076.9131,0
805.04408,275.6539944,802.3643956,2852.864773,0,4898.081272,0,8737.864944,5109.415843,0,0
771.32722,12200.43909,0,0,0,0,15804.58766,0,0,0,0
1213.0032,0,0,2869.49191,0,0,0,0,2472.842254,0,0
543.04289,1877.377973,3748.346326,0,5796.902432,2451.970822,1164.565738,4168.660891,0,2366.84934,4629.795578
721.09433,0,0,0,0,0,0,0,0,0,0
857.02807,0,0,0,1123.441289,14505.14418,0,0,0,0,1674.1855
807.43289,22500.02373,1838.188315,0,385.9721778,0,17062.01082,981.6688776,98.47399747,0,0
932.92638,0,412.5370974,0,0,0,0,1242.440981,0,0,0
472.9875,0,0,0,188.4504883,0,0,0,0,0,0
849.32674,14715.08286,0,0,0,0,15361.80423,0,0,0,0
701.35902,21373.77627,0,0,0,0,18677.44655,0,0,0,0
1136.87947,0,1459.459991,0,0,0,0,682.4519163,0,0,0
921.48456,13698.93346,0,0,0,0,15510.93349,0,0,0,0
768.96879,0,1416.199974,10041.34836,0,0,0,1962.081741,10013.57061,0,0
1061.30269,0,0,0,0,25962.15831,0,0,0,12165.37005,0
1067.03013,0,0,9533.482531,0,0,0,201.7830677,2459.094146,0,0
527.06613,612.7895465,808.2529596,475.636461,1379.190381,5445.41697,858.3986174,0,496.7981359,2479.014946,1373.472766
965.04976,0,0,0,0,0,0,373.4018023,0,0,0
1161.78155,18362.93097,4118.304861,0,0,0,10653.69706,598.2393255,0,0,0
1413.03546,0,0,17041.29449,0,0,0,0,11943.43377,0,0
823.12207,262.3797013,0,0,136.1654395,0,2469.508789,0,0,0,0
1037.00038,0,0,0,0,0,0,410.8589883,0,0,0
828.99062,0,337.3839868,0,0,0,0,15826.75772,0,0,0
622.91931,8456.309372,1249.677818,318.1409912,167.4421289,0,4053.058054,800.1772896,196.8834121,0,1244.83782
575.05904,1944.196643,830.7911233,925.8416882,138.9438379,810.4145833,2656.581774,0,0,0,0
672.99871,0,0,956.3359375,0,0,0,0,0,0,0
713.05287,2668.23517,0,0,12647.30561,275.3007379,619.4301501,0,0,0,9212.563688
909.07725,0,2603.709799,101.314521,0,0,0,22095.7512,0,0,0
569.25544,0,540.2919383,0,0,0,0,0,0,0,62.07397266
783.32659,15725.35899,0,0,0,0,12404.886,0,0,0,0
683.19965,0,0,5298.195665,0,5349.655838,0,0,529.8478664,4791.67915,0
455.0439,544.4972691,3112.734483,6215.417603,166.7883643,3635.269727,527.3715049,3687.522838,4388.26633,1383.918195,155.8171562
607.36566,15059.33801,0,0,0,0,16671.90859,0,0,0,0
552.94994,3911.558775,6591.887845,1124.786879,0,380.2752712,2092.618961,3339.144802,3930.0257,0,0
941.00902,3837.239042,0,0,0,0,2878.322394,0,461.6572884,0,0
469.00491,0,5804.516728,4700.046156,0,854.4209202,0,2644.340869,4044.748554,0,0
833.06899,0,0,0,0,0,0,0,0,292.8230583,0
412.99926,0,0,0,0,0,0,0,0,0,0
1137.7756,23977.56682,3857.858776,0,0,0,7226.15422,405.5768294,0,0,0
876.9947,0,259.4294239,370.4260254,0,0,0,1485.36945,0,0,0
648.05027,0,0,0,0,0,0,0,0,203.8103346,0
477.0181,0,1161.897048,4256.556152,0,2549.41174,0,1323.252707,4044.810349,1190.940968,0
440.9103,0,0,10683.38704,0,0,0,0,10203.82904,0,0
592.94305,2679.536297,4376.44403,2347.278497,149.8482959,444.6019098,4540.298906,2383.227162,2943.501928,0,266.8882188
863.04757,7354.432661,522.4268118,0,3728.974776,0,10644.15504,0,0,0,2232.48425
731.37109,841.3668419,0,0,0,0,0,0,0,0,0
458.99042,0,0,0,494.3452637,0,0,0,0,0,0
1237.7965,2722.750277,14214.77791,0,0,0,2035.191715,6112.608969,0,0,0
883.04195,2231.148679,662.2433737,2171.653497,0,3310.273307,4726.432848,205.9238668,4019.431047,1008.80531,0
1296.98708,0,0,4750.355496,0,0,0,0,1941.819447,0,0
523.17746,0,0,0,0,0,1055.322471,0,0,0,0
781.33902,0,0,183.0234917,0,796.0328992,0,0,0,0,0
600.12282,0,0,0,0,6866.389627,0,0,0,42187.93026,0
893.17042,0,753.394729,10299.88771,0,0,0,298.6952157,11921.47173,0,0
863.4885,0,8350.090755,0,4297.096963,0,0,11114.43433,0,0,1410.765422
506.95673,211.2427751,0,480.0097792,0,0,0,0,308.7290966,0,0
673.05007,303.2562482,0,605.0483128,1188.001787,0,226.9430253,0,786.991693,0,862.2514687
712.97091,0,1398.915309,6207.422744,0,0,0,0,6475.233487,0,0
901.43138,15415.13197,0,0,0,0,14150.98623,0,0,0,0
1073.15078,0,0,0,221.3588282,0,0,0,0,0,0
521.01402,0,0,0,0,0,0,836.8509824,0,0,0
1429.01667,0,0,11993.35154,0,0,0,0,9006.136991,0,0
586.985,0,0,0,0,0,0,0,0,0,0
605.19019,0,0,0,0,923.5289931,0,0,0,741.179461,0
644.04992,9014.081893,1432.635113,2844.566786,191.0862109,3861.799957,6753.670076,1100.775217,1668.337817,0,0
499.01316,0,274.4216953,0,0,0,0,709.3985536,209.6585987,0,0
1377.86561,0,0,5130.938327,11467.38423,497.1266492,0,0,10335.64158,0,2874.844797
943.55313,131.5982094,0,0,0,0,0,0,0,0,0
867.03802,0,1266.193731,0,0,0,0,691.7546798,214.6928649,0,0
943.90827,0,1373.088322,9135.87066,0,0,348.9247533,266.7860264,10799.31465,0,0
756.91939,0,0,0,0,178.703928,0,0,0,0,0
1249.01702,4004.582066,1926.465934,0,0,0,10553.5853,0,0,0,0
711.05344,0,1657.274073,491.3196072,0,0,0,1177.737237,935.734103,0,0
547.05136,0,2957.751522,7485.021566,0,0,0,1986.486657,8358.578162,0,0
496.96823,0,0,3491.56033,0,0,0,0,435.2668365,537.7242413,0
1363.81755,24904.13259,4426.327592,0,0,0,22185.22566,1394.369779,0,0,0
633.21751,0,0,0,0,0,0,0,0,0,0
1008.99352,321.3819137,9598.008604,347.3854709,0,0,361.6461375,10402.01083,0,0,0
1133.65416,0,127.6770274,0,0,0,1144.091591,337.0903852,0,0,0
637.34348,15968.30657,148.5662385,0,0,0,17865.00126,0,0,0,0
634.96835,0,237.1597129,0,0,0,0,18540.00772,0,0,0
551.19639,16098.84498,0,0,0,0,17443.33671,0,0,0,0
679.25349,9696.112175,0,0,0,0,11736.95066,0,0,0,0
562.81364,1075.428166,0,968.2020128,0,0,0,0,0,0,720.0690313
843.00375,0,0,3518.236599,0,0,0,0,948.1436659,0,0
793.02072,0,1835.119213,2493.162815,0,220.1332899,0,3397.345897,3526.660849,0,0
395.0368,0,0,0,0,0,0,0,0,0,169.5096172
787.03159,538.5413787,0,0,0,0,0,0,0,0,0
825.26068,0,0,0,0,356.2529297,0,0,0,0,0
1079.06132,1001.001866,152.7992955,0,3495.59043,200.5026042,0,0,374.1426523,0,12036.15188
1419.01203,0,0,9950.655246,0,158.8907118,0,0,12981.68206,0,0
618.91718,0,0,0,0,0,0,0,0,18411.44112,0
1071.04821,0,0,296.4406874,0,0,0,0,225.4697513,0,0
859.01896,0,0,0,0,0,324.7096012,0,0,0,0
637.12977,0,0,0,0,0,0,0,0,0,228.2804218
599.34179,482.8193446,0,0,0,0,5224.626543,0,0,0,0
679.2383,11808.52916,0,0,0,0,16127.62061,0,0,0,0
655.34769,13222.54204,0,0,0,0,12728.68069,0,0,0,0
1043.01661,0,5201.268093,0,0,0,0,8877.942335,0,0,0
965.1041,8167.630462,4670.566933,168.9489882,0,0,4263.845498,10236.27536,220.9192544,0,0
821.03353,0,100.9852377,2614.437107,0,167.2940321,365.585552,1715.306486,1177.781163,0,0
575.05224,0,276.5459164,0,0,0,292.3299754,285.7549505,134.4539532,0,272.751
521.05417,365.2519358,0,0,55.80521485,0,2162.70883,0,0,0,0
1259.02028,0,0,778.4335396,0,1708.849957,0,0,620.050089,1887.434117,0
1123.03217,0,0,9205.000393,0,0,0,154.8670232,9715.069447,0,0
881.42988,12854.23688,0,0,0,0,15076.48841,0,0,0,0
542.83125,1778.397884,226.5354199,4511.389676,560.9418555,0,0,3969.813853,0,0,11936.81519
603.05328,0,0,0,0,0,0,0,0,0,0
1407.03328,0,0,2828.350694,0,0,0,0,3484.66248,0,0
641.05334,0,0,0,0,0,0,0,0,0,803.1428438
383.27377,10637.35706,0,0,0,0,18439.9294,0,0,0,0
1061.65588,0,311.0658071,0,0,0,15045.13734,0,0,0,0
907.48524,0,0,130.6909994,706.0280079,228.3198784,0,0,239.9823848,0,992.638125
569.05146,0,0,0,0,0,0,381.8801826,0,0,0
499.03882,0,572.3552171,642.4531385,0,0,0,207.7614287,383.7566444,0,0
817.04074,0,0,0,0,1596.892274,0,0,0,0,0
775.89318,0,8313.628307,1690.240478,0,0,0,5899.388305,1321.854109,0,0
457.99955,0,0,0,0,0,0,0,134.8148982,0,0
1160.98614,0,0,0,355.4736621,0,0,0,0,0,0
687.04321,0,883.5437955,2693.469686,1999.429531,0,0,381.1707534,3283.243659,0,3582.780594
906.98476,295.331651,0,0,0,0,0,0,0,0,0
1213.01578,0,0,0,0,0,0,0,137.4774402,0,0
823.07223,0,132.8445409,562.8967828,0,0,0,0,393.9303303,0,0
1319.75424,0,1038.048409,0,0,0,629.6392372,0,0,0,0
717.40095,366.9666759,0,0,0,0,0,0,0,0,0
750.92369,0,0,0,0,0,0,0,210.2019877,0,0
495.05948,0,0,0,71.36203615,0,0,0,0,0,0
744.981,0,1084.399061,0,1027.563252,0,0,1111.890354,1202.274179,0,1150.739031
1133.73993,3766.278657,863.938914,0,0,0,5962.676707,539.2323446,0,0,0
611.30522,784.1852185,0,0,0,0,507.2781147,0,0,0,0
1274.9953,0,0,654.8025716,0,217.3998264,0,0,1641.33752,0,0
536.96256,0,0,0,0,17068.61063,0,0,331.5686808,12650.95771,0
790.96395,0,0,4496.045248,0,0,0,2527.692644,0,0,0
681.09467,0,346.9067053,0,0,0,0,0,0,0,0
531.23838,1582.243639,0,0,0,0,0,0,0,0,0
1089.0214,427.2810081,825.0623562,144.4606526,0,0,2124.309313,1235.496481,0,0,0
767.36129,0,0,0,0,0,558.7141242,0,0,0,0
432.03514,0,473.7692197,331.2242567,0,1714.834852,0,0,0,6187.995811,0
1259.68877,17392.11173,0,0,0,0,6002.307103,0,0,0,0
930.95235,0,945.6032161,0,0,0,0,344.59959,0,0,0
950.98051,291.640383,5804.058019,3209.716526,0,2532.54375,1712.00221,277.4589263,3996.012461,1517.619792,0
711.07583,0,1125.899516,1187.768704,771.1984668,427.6052518,0,0,2516.7355,0,341.9488438
1083.57698,11229.55728,0,0,0,0,12860.9687,0,0,0,0
519.23556,2172.717627,0,0,0,0,2074.402909,0,0,0,0
667.14833,0,163.8371058,7256.846042,0,0,0,0,6851.096284,0,0
877.02492,120.9332827,0,788.7800292,0,529.8470812,0,0,0,206.1347514,0
553.27156,14106.54261,0,0,0,0,11784.6736,0,0,0,0
1033.03989,0,987.4585171,7137.897298,0,692.2777343,0,0,10589.91189,307.0320991,0
449.01745,0,3333.906154,3849.818414,0,0,0,6218.688042,3575.035799,488.6088655,0
673.16921,0,0,0,0,0,0,0,0,0,0
1255.79901,10272.50349,1643.324818,0,0,0,10407.07175,1993.830117,0,0,0
481.02328,76.27055966,0,0,0,951.8327257,0,0,0,6247.756567,0
374.02528,71.14677821,4155.262618,1126.638943,3037.011543,0,0,1068.969601,1828.804935,170.8279128,5142.560953
1039.07394,267.4378284,0,322.4182197,10830.87197,0,611.4245478,0,134.5368003,0,3221.204594
1101.0984,165.111985,0,0,0,0,0,786.0527731,0,0,0
507.00197,0,5932.579755,1999.694255,0,0,0,4368.968441,1601.769309,0,652.8349062
888.98343,0,0,1772.866374,0,0,0,0,1851.415299,0,0
752.99651,0,701.9341448,0,0,0,212.0516936,0,0,0,0
935.00864,2879.157252,660.0207295,0,0,0,743.0075041,474.2224242,0,186.5366281,0
1347.72637,20816.41973,0,0,0,0,13671.01994,0,0,0,0
701.35203,546.3797013,0,0,0,0,0,0,0,0,0
1003.01629,0,0,15182.13638,0,243.372678,0,0,2557.575776,0,0
1205.70826,0,277.6740198,0,0,0,0,0,0,0,0
857.00594,0,0,0,0,2809.734723,0,0,0,0,248.7774062
519.1923,0,0,0,0,0,1306.881425,0,0,0,0
970.87046,0,264.7747915,6078.968981,0,0,0,0,6340.971396,0,0
515.31856,0,0,0,0,0,0,0,0,0,0
817.04269,0,1191.290261,0,225.7156738,0,0,1258.899056,0,0,0
639.37702,347.5986588,0,0,0,0,0,0,184.7338682,0,0
863.47825,1125.95513,0,0,0,0,1988.223119,0,0,0,0
1126.99283,0,945.9079755,5049.18731,0,0,0,0,5856.341599,0,0
1017.58976,0,0,1793.938884,0,452.1338542,0,0,2598.871959,0,314.1762813
935.01638,0,0,0,0,5203.15191,0,0,0,3080.520154,0
691.06923,0,0,0,88.92814455,0,0,991.9593518,0,0,0
598.93117,0,813.3471049,0,0,0,0,0,1869.530063,0,0
1479.77187,459.2310565,0,0,0,0,0,0,0,0,0
763.40349,16294.72157,1605.479624,0,401.6064356,0,8115.185573,907.0847965,0,0,0
719.31665,0,0,0,0,0,0,0,264.9310967,0,0
651.01504,0,352.8945073,4985.518826,0,389.5407987,376.4349043,4012.121983,3310.840487,0,0
1073.05985,0,0,2264.134712,0,5482.824957,0,0,2163.748269,9425.167856,0
1347.81059,4892.555258,0,0,0,0,9875.107653,0,0,0,0
485.27933,1428.85775,0,0,0,0,1634.565044,0,0,0,0
419.06171,0,327.195696,0,0,0,0,0,0,0,0
731.01187,444.2633262,1022.777224,0,0,0,0,0,0,0,0
647.40038,8291.370024,0,0,0,0,8804.048212,0,0,0,0
605.13225,0,0,0,0,12382.398,0,0,0,4083.877717,0
833.35183,0,0,0,0,0,223.5754266,0,0,0,0
839.49023,8534.026272,0,0,0,0,11088.43616,0,0,0,0
1111.03816,0,0,258.1726346,0,295.8271484,0,0,794.8501286,0,0
401.26582,9485.841399,0,61.23569065,0,0,14604.33594,0,0,0,0
973.57006,0,0,374.6153429,0,0,0,0,483.6853985,0,302.6942187
805.39962,8768.462943,0,0,0,0,8918.474224,0,0,0,0
763.15,0,0,0,0,276.5704427,0,0,0,0,0
797.41504,515.5746336,0,0,0,0,1320.570724,0,0,0,0
879.47373,0,0,211.4761556,0,0,0,0,0,0,0
457.16069,0,0,0,0,14093.77604,0,0,0,15567.81318,0
966.95443,0,822.4516871,0,0,0,0,2396.959584,0,0,0
539.24814,507.7582792,0,0,0,0,815.1152343,0,0,0,0
499.03107,0,467.5787241,0,0,0,0,737.7542156,373.3838756,0,0
675.09565,0,0,148.1419135,0,0,0,0,0,0,0
479.21787,22436.97649,119.1542849,90.14202201,0,0,7878.360197,181.8320699,0,0,0
897.0463,0,0,0,1234.267305,0,0,0,0,0,3712.965031
439.13403,188.1724973,0,0,0,15920.77272,0,0,0,6692.263247,0
863.09199,0,0,1183.840088,0,163.5834852,0,0,1330.869202,0,0
507.05009,0,0,0,0,474.9759982,0,0,0,0,0
745.31836,10099.81272,0,0,0,0,11886.33244,0,0,0,0
895.12085,0,0,7353.141683,0,0,0,0,9838.038074,0,0
1215.69607,12649.19158,0,0,0,0,12119.0127,0,0,0,0
675.43807,0,220.8309768,0,141.8569824,0,0,798.0532565,115.4849436,0,0
801.47629,0,546.7379698,0,0,0,0,0,0,0,231.3935313
797.48794,0,0,167.2728136,0,0,0,0,206.4481927,0,0
657.02261,0,0,0,0,0,0,0,0,2323.799706,0
801.07367,0,0,0,0,0,0,0,591.6789706,256.9264323,0
863.17381,656.8293695,0,193.6260851,0,0,0,0,0,0,0
385.16266,1740.476839,4617.228456,5508.001194,0,362.5583768,6356.711914,2476.785659,4237.698477,0,0
740.97454,1521.376694,412.9773773,7542.842883,0,1142.736719,1688.543123,0,3942.595431,0,0
1112.94382,0,9030.359483,0,0,0,0,4196.093112,0,0,0
993.01521,0,587.8079946,0,0,0,431.7648541,1068.250232,0,0,0
1099.00803,0,0,1189.009657,0,0,0,0,0,0,0
1033.05494,6447.4081,2191.217444,910.8728299,168.5539844,0,6587.507453,3099.97548,1025.011274,0,0
817.05209,0,0,0,0,0,0,0,0,1302.853034,0
735.45813,6564.35108,2083.545246,0,0,0,11647.2756,0,0,0,200.5228282
1359.82614,1954.466348,0,0,0,0,0,0,0,0,0
1334.87061,0,0,510.4826254,0,0,0,0,1115.337755,0,0
1387.87715,0,0,1756.810235,2856.767373,2630.49362,0,0,2613.318156,615.2430367,3995.397672
739.28687,0,1706.463406,5779.152235,0,436.581467,0,654.8265393,4139.648685,1933.157835,0
777.05266,231.3068999,0,891.2592771,754.7887451,463.4899306,0,0,0,1161.372934,0
520.00209,0,1543.484279,0,0,1636.999566,0,891.4432241,0,0,0
617.05604,0,0,2422.037652,158.3356348,1397.890386,0,1162.507039,1614.162418,0,0
584.93813,0,0,526.7477214,0,0,0,0,473.0920194,0,0
527.03735,0,0,0,0,362.2324002,0,0,0,0,0
727.09355,0,0,0,0,0,0,0,0,0,0
813.20012,0,0,0,0,18705.74544,0,0,0,5793.893512,0
829.25225,0,0,0,0,8635.618273,0,0,0,13768.21456,0
1373.01291,0,0,4475.66314,0,0,0,0,7525.794773,0,0
1615.37449,0,0,0,0,13985.90037,0,0,0,7105.392635,0
863.08253,0,1524.207702,6320.811944,0,352.4158312,0,1173.672184,6486.700375,0,0
633.11561,0,0,0,0,774.7992622,0,0,0,0,0
743.0211,0,1101.02454,0,0,0,0,0,0,0,335.3901562
659.0416,0,0,0,853.2944922,0,0,0,1791.900515,0,0
582.07878,0,655.1145994,3813.611599,0,1372.353038,1613.026084,6273.98569,2131.186067,0,194.4207969
701.23639,0,0,342.5122884,0,0,0,0,0,0,0
441.18313,694.2190612,0,0,0,904.7373699,0,0,0,625.0159081,0
1394.9973,0,0,2691.233358,0,0,0,0,3154.099844,0,0
847.07735,0,123.4776769,0,0,0,0,182.906134,111.7528061,0,0
444.98953,0,335.5375467,238.056973,0,0,0,2494.565652,167.2503399,0,0
883.98529,0,1286.29074,2671.529948,0,0,0,0,1546.826543,0,0
573.25296,7239.620869,0,0,0,0,6849.60809,0,107.7789508,0,0
412.1345,0,1677.151145,367.2654419,3286.969536,1587.22181,205.8875925,2703.555384,467.2297889,0,2857.107203
828.97401,0,476.5655915,0,0,0,0,19406.47026,0,0,0
451.21255,5941.7859,0,0,0,0,9635.313297,0,0,0,0
582.9876,0,0,0,0,0,483.0440482,0,0,2012.206975,0
795.08707,0,0,572.7594944,414.7308985,0,0,0,1253.635977,0,0
1259.68486,10467.36387,0,0,0,0,5855.556436,0,0,0,0
477.04356,149.3401721,0,1526.262316,0,221.0925348,0,322.9044516,1268.203347,0,0
531.29435,806.2327158,0,0,0,0,1299.699322,177.7718711,0,0,0
799.04272,232.0314228,750.0721099,0,0,0,984.2411339,0,0,0,0
632.93523,0,0,0,0,0,0,0,519.7865902,0,0
563.01941,512.8661677,0,0,0,0,0,0,0,0,0
958.93033,2228.410943,4758.874233,4176.945516,0,0,2324.864245,2362.964476,4364.349572,0,0
647.38674,1271.117905,553.9404477,0,1382.813281,0,9673.620581,0,111.4632985,0,0
1259.6647,9721.392008,0,0,0,0,10879.19511,0,0,0,0
990.87076,0,0,0,0,0,0,766.796817,0,0,0
707.95894,0,0,0,0,0,0,0,0,0,0
545.05771,1414.19068,0,1764.018013,0,0,2198.950966,0,0,0,0
912.9579,0,827.1943779,0,0,0,316.8689864,1912.110999,0,0,0
676.84663,0,0,0,0,0,0,0,0,0,303.6859062
541.05686,0,0,0,0,335.6063586,0,0,0,0,0
779.47013,0,4182.323476,0,1511.860039,0,2731.003187,4713.594756,256.1008703,0,0
787.45952,0,200.118841,0,0,0,0,0,261.3539606,0,0
657.04896,0,0,0,0,0,0,0,0,2805.437443,0
449.09331,582.5628975,523.083541,2546.920763,0,407.3207466,535.1464843,388.454788,580.740358,0,0
1077.61976,0,0,0,0,0,0,0,0,0,0
1261.72057,15958.38876,1338.434457,0,0,0,16538.353,1442.135791,0,0,0
537.05565,0,0,0,0,6076.821007,0,0,312.0224486,5944.615772,0
405.06926,0,0,99.82315403,136.1948731,0,0,0,0,0,0
525.23406,0,0,1090.355143,0,0,0,0,0,0,0
429.13145,688.0735619,0,0,0,8950.072657,630.0489309,0,0,7967.050951,0
435.12334,0,0,0,0,787.9434246,0,0,0,466.1231884,0
723.30749,0,0,0,0,0,0,0,0,0,0
935.54949,2106.399059,1738.035108,0,0,0,17218.80392,733.5009282,0,0,0
585.02453,2836.068895,319.0071894,0,1911.844238,0,1366.436935,1453.744044,0,0,2675.933844
655.33617,4883.431779,0,0,0,0,4737.846937,0,0,0,0
958.90575,0,4314.21736,3296.709093,0,217.2395617,0,1319.909576,4720.798247,0,0
783.06427,0,0,0,613.3311816,0,0,0,191.289421,0,133.7789531
973.62945,0,1234.016068,0,0,0,0,2731.208694,0,0,0
987.0428,0,0,680.7419705,0,0,0,0,1605.401404,0,0
567.06209,0,1529.442389,2122.449436,3750.340782,0,0,0,1011.667029,0,0
1428.95773,0,0,4814.75982,0,0,0,0,1197.907721,0,0
614.331,0,6755.021017,1904.826308,1260.261836,0,0,3657.590617,1315.258035,0,3617.329844
485.30522,9215.47053,1846.677063,275.8652819,0,0,8174.403398,1310.530854,0,0,0
1058.99613,0,0,3187.3699,0,0,0,0,2278.528753,0,0
438.04754,0,0,0,361.3063086,0,953.1518555,0,0,0,778.5431406
866.93809,0,0,182.975369,0,0,0,510.6898206,0,0,0
489.18475,4288.20831,0,0,0,0,12200.41021,0,0,0,0
635.09673,0,0,0,0,226.3255209,0,0,0,0,0
507.01564,0,2397.739503,1480.108507,98.6985742,538.4813368,0,0,325.7524476,0,191.4575782
972.98907,0,482.3693803,1741.624973,0,0,0,429.0832109,1041.841179,0,0
1033.04868,5282.275512,4163.237239,0,0,0,4330.214947,663.3148206,0,0,0
479.22965,2357.23555,117.7932803,0,75.16751955,0,1226.521998,418.3871635,0,0,0
1243.04619,0,0,847.0923397,0,8414.691059,0,0,2462.323774,4872.634454,0
609.09591,273.7678634,1600.181365,1291.990126,2997.49875,302.5762261,125.9285824,1251.702535,916.8796294,0,2353.695289
729.97555,0,0,0,0,2365.742361,0,1570.215579,3369.994066,951.0079258,0
661.32113,11452.43916,0,0,0,0,4782.748972,0,0,0,0
414.95068,620.5066372,295.3768453,1150.020616,1013.782148,451.1333768,0,3089.651454,1149.905113,1314.131794,0
989.48591,4810.48301,0,0,0,0,5275.8557,0,0,0,0
971.22661,0,0,10065.80324,0,0,0,0,5584.925967,0,0
789.08649,0,134.0517398,0,192.4229102,0,0,435.3708231,137.1653975,0,129.2004062
910.97444,0,2734.668975,1302.972602,0,0,0,4363.902382,1963.545243,0,0
495.24376,4721.357906,0,0,0,0,5163.383943,0,37.17668055,101.2722557,0
1049.0292,1261.125605,361.4642207,0,0,0,2105.922286,486.6019879,170.5642059,0,0
663.03141,0,455.3367044,747.9353299,0,1578.857205,0,629.2671334,647.6695019,1975.939566,0
600.14875,0,0,0,0,3474.550391,0,0,0,15353.12817,0
763.13857,0,0,209.7227376,180.3513867,0,0,243.7553952,0,0,0
1237.00404,0,0,5213.60178,0,5290.684548,0,0,2927.181962,2104.618858,0
805.08549,0,462.7315292,962.7186415,0,1536.474783,0,0,1173.75801,461.2031816,0
598.95227,167.5789892,235.2768405,7721.761719,0,550.3799046,0,0,2647.182259,648.8118207,0
1305.77168,13766.55732,0,0,0,0,9739.819286,0,0,0,0
551.29397,0,90.16654883,0,0,0,589.2707649,0,0,0,0
497.02673,165.7539754,114.8787984,295.4015842,1983.403145,1990.706163,0,2125.222018,956.6806641,170.3517181,1263.650781
773.04107,1113.189937,785.7952933,0,990.504414,630.1978299,936.7640317,5776.257116,0,0,1524.072039
725.02046,0,0,0,321.1384961,0,0,0,0,0,0
1039.63819,0,120.444258,0,5772.312256,0,0,0,183.2606062,0,355.9059531
915.0053,0,3695.656202,1883.454753,0,0,0,7132.529123,928.3045392,0,0
1039.54145,9497.204853,0,0,0,0,9877.535825,0,0,0,0
479.15148,0,0,0,0,0,0,0,0,0,0
490.96917,0,105.6289182,0,0,0,0,0,0,0,0
666.98493,0,0,2515.01435,0,0,0,377.9876625,464.6670046,0,0
1211.77682,9428.073381,2059.060757,0,0,0,9377.844213,0,0,0,0
916.98827,0,1611.070672,931.9115126,0,0,0,831.3608448,323.5006923,0,0
664.01787,0,0,0,0,0,0,0,284.2391713,0,0
1129.11241,0,0,0,0,1328.53737,0,0,0,4219.440501,0
752.97747,2990.818204,0,0,0,0,1326.787829,0,0,0,0
435.17575,1167.91911,0,0,0,0,0,0,0,0,0
643.18373,0,0,0,0,839.8421441,0,0,0,994.6500226,0
532.98029,0,4547.969445,2372.911784,235.5095313,0,0,9580.026609,0,0,0
552.93707,0,205.8656537,0,0,0,0,0,0,0,0
924.01697,8256.61985,413.7512462,0,1428.538086,0,11711.59334,0,224.4607644,0,310.5810938
779.4499,0,5102.375264,0,1380.315703,0,0,5278.383567,273.7747478,0,1177.280672
965.48848,6592.4874,0,0,0,0,7696.698628,0,0,0,0
1129.11375,0,288.1670341,0,1271.855098,316.5617404,598.1014083,0,255.9177709,0,824.1886875
1120.99399,0,1315.540357,0,0,0,920.4993575,4781.243696,0,0,0
429.20795,1658.969562,3898.495261,0,0,0,2412.794151,2653.030419,0,0,0
545.12623,0,0,0,0,0,0,0,0,0,0
839.07159,0,0,665.4038357,849.227793,725.9949653,0,0,0,0,467.7110313
685.01587,498.077762,0,471.6035021,0,0,0,0,0,690.6396059,0
1055.05022,628.6749862,0,144.8389622,0,0,0,0,0,0,0
661.33799,330.291828,0,0,0,0,642.7690172,0,0,0,0
1290.98072,0,0,2681.824029,0,0,0,0,1695.97341,0,0
691.42566,3917.309735,0,0,870.1696094,0,6868.375103,0,0,0,0
423.06644,613.7826328,0,272.9754774,387.3467188,0,782.3960988,301.5984298,0,0,0
572.97189,0,0,0,6360.379961,0,0,0,0,0,2519.699297
973.58077,0,1018.393621,0,0,0,0,628.2555306,0,0,0
1173.72171,10343.36937,303.2484004,0,0,0,8725.096654,1305.760075,0,0,0
935.56517,3338.754287,5420.242308,0,520.5171875,0,7416.46505,386.0328744,0,0,0
655.12053,0,0,0,0,9096.610026,0,0,0,8148.46858,0
833.47595,0,0,0,0,0,614.8060753,0,246.9427413,0,0
1055.04587,0,96.35060988,207.1813015,0,0,0,0,154.3448131,0,0
525.99986,580.3858545,2976.086417,0,104.4839551,0,993.6340461,2281.171644,0,0,0
415.92445,155.2313848,2017.348819,1171.900526,0,0,0,771.4352569,842.0254895,0,0
621.18803,0,0,0,0,9284.182248,339.7922749,0,0,7272.218637,0
857.41847,0,0,0,0,0,581.9866879,0,0,0,0
617.30368,4744.895672,0,0,0,0,3885.931641,0,0,0,0
673.01228,0,0,6959.033637,0,1036.198047,0,459.1635211,3690.131304,0,0
582.98382,0,0,0,0,0,4344.003289,736.5905786,0,0,0
703.07988,0,1580.191203,5095.354926,0,2480.206858,451.7816612,0,3572.980123,0,0
857.00318,0,612.1293616,1194.42296,0,0,0,0,0,0,0
663.06705,176.8272262,491.6074579,0,2777.212559,4941.827192,195.320955,1738.014039,0,2347.056471,1720.573297
651.0262,0,618.2419718,0,0,438.0636284,0,2204.000928,461.3149228,0,0
869.26203,0,0,0,0,10327.22962,0,0,0,4492.399032,0
753.01219,0,0,0,0,1816.032856,0,0,0,614.4411799,0
437.19757,0,1592.634706,3806.305569,0,0,0,817.4371133,4397.320609,0,0
1049.02378,0,0,0,0,504.7367188,0,0,0,405.606969,0
659.05967,0,0,0,366.2484376,0,0,0,0,0,801.6135235
644.09563,0,1127.061398,5832.755751,0,0,0,1924.250774,1399.855321,0,0
805.06804,0,0,1012.157769,0,1739.267708,0,0,695.7462173,0,0
1033.62432,9343.913924,0,0,0,0,6337.896613,0,0,0,0
744.9461,0,0,401.1251356,0,5216.950564,0,0,0,1986.990178,0
410.91708,0,3893.473279,1607.60494,0,0,0,2238.75029,2800.0234,0,0
701.33426,576.2828402,0,0,0,0,878.17794,0,0,0,0
1109.65802,0,0,0,0,0,0,0,0,0,0
519.9835,0,2940.446176,0,0,614.9720487,0,4338.926749,0,0,0
1299.80664,0,0,0,0,0,0,498.2072247,0,0,0
742.96856,0,0,0,0,0,0,0,0,0,0
669.03782,1519.581755,280.9916243,2123.953315,660.3998292,129.5041667,0,0,1873.68839,0,0
968.89014,0,1062.363305,0,0,0,0,2429.440787,0,0,0
745.33418,6253.186982,0,0,0,0,5398.748098,0,0,0,0
459.18989,0,0,0,0,0,857.2462993,0,0,0,0
811.17874,0,1092.496885,1666.89898,214.932793,1286.298134,0,0,1619.310028,0,438.418
1215.67448,11571.48883,0,0,0,0,6876.848993,0,0,0,0
653.00478,1081.137479,1054.805143,269.996365,0,312.2337022,2312.483938,3292.480121,255.4535206,279.3221807,0
797.23589,430.5669248,0,0,0,0,460.1682771,0,0,0,0
783.41701,201.3745679,0,0,0,0,0,0,0,0,0
1237.05315,0,0,0,0,0,0,0,1016.856111,0,0
413.08155,0,0,0,0,10917.34653,0,0,0,672.5793704,0
1252.99178,0,0,4635.516874,0,0,0,0,3949.752918,0,0
543.38908,7539.635751,583.5662505,0,0,0,8812.813733,0,100.1476773,0,0
990.06228,0,1590.855397,3128.432766,0,0,0,0,7199.453212,0,0
939.56067,2094.24523,1072.980157,0,0,0,0,307.7439472,0,0,0
470.90831,2985.092851,575.739108,1056.029256,404.4092579,0,2078.753932,453.9416769,0,0,1290.9055
1064.98636,0,5915.080066,0,0,0,0,4240.351447,0,0,0
1223.03595,0,0,123.7395562,0,0,0,0,108.7064626,0,0
705.34103,2697.989353,0,0,0,0,5598.029914,0,0,0,0
1061.6446,2453.253872,0,0,0,0,0,0,0,0,0
562.97092,0,0,2148.06901,0,0,0,0,8220.055182,0,0
1090.97727,0,0,4576.337443,0,0,0,0,5891.654507,0,0
537.00009,0,0,0,0,0,0,0,0,7358.470335,0
943.10909,0,0,963.1432699,0,0,0,0,251.5748306,0,0
504.01281,0,0,0,4049.748926,0,0,0,0,0,1820.621062
795.02783,0,327.529884,602.8332519,0,0,0,0,500.4042722,0,0
1215.64249,8669.218681,0,0,0,0,6502.960218,0,0,0,0
909.09003,0,2945.264547,0,59.812583,0,0,7999.674969,0,0,0
722.93861,0,3518.03826,470.1699083,0,0,0,4357.055345,255.7365259,0,0
895.53874,0,1410.086752,0,497.0985938,0,0,529.1531559,0,0,0
619.09037,0,0,0,4869.806318,0,0,0,0,0,2361.67775
621.17791,0,0,0,0,4015.685807,0,0,0,0,0
467.09969,0,0,368.7975532,0,0,0,0,0,0,0
806.99824,0,105.1485693,0,0,0,0,12679.29417,0,0,0
550.01695,0,0,0,1473.951094,0,0,0,0,0,6108.84925
935.53855,1540.169801,1840.507189,0,3176.14877,0,2611.467825,1735.883818,0,0,360.7465938
1319.79959,1484.905853,540.2538943,0,0,0,2141.765317,771.4101563,0,0,0
498.00063,301.9156268,805.2141009,0,734.8687891,650.7359809,0,308.639426,0,0,2711.904188
1237.79698,0,0,2673.137288,3183.684761,0,0,0,1219.504017,0,2245.767414
657.33243,4551.591814,104.080821,423.4595947,0,0,0,0,903.7258827,0,0
679.31883,0,0,0,0,0,0,0,0,0,0
1318.97207,0,0,2308.657037,0,0,0,0,4167.384556,0,0
879.05884,273.2905144,0,0,0,0,0,0,0,0,0
417.00226,0,0,0,32.44304688,0,0,0,0,0,0
879.04781,0,436.5260257,0,0,0,0,529.3083231,0,0,0
588.94372,0,0,0,0,1618.705599,0,0,0,611.0683877,0
1431.05263,0,0,0,6783.741553,0,0,0,0,0,1414.064578
685.05616,74.25966192,0,0,179.2359131,3346.924349,0,0,0,0,126.3868984
683.29454,4760.508815,0,0,0,0,4087.943976,0,168.8110537,0,0
1253.34611,0,0,0,0,11159.28409,0,0,0,4714.496264,0
769.09009,0,0,0,0,8977.963282,0,0,0,8963.783968,0
879.09233,0,369.1500671,5321.332927,1089.306875,0,954.9984582,1233.214225,1647.712569,0,0
748.00647,0,0,0,5046.510235,0,0,0,0,0,1316.334719
742.95259,343.3741012,0,942.9313153,0,792.3947483,425.4636872,986.3161355,2426.084603,0,249.260625
1160.86001,0,0,4705.261414,0,0,0,0,2942.484907,0,0
1243.77145,1896.834088,0,0,0,0,2406.714689,0,0,0,0
1299.81803,597.9844442,1165.958589,0,0,0,1917.243626,1265.236425,0,0,0
936.92193,0,0,642.663737,0,0,0,0,0,0,0
909.13284,0,90.29342411,4258.708225,72.74288085,0,0,145.1828976,5560.98995,0,0
873.01418,0,703.5755847,0,0,0,0,0,0,0,0
532.95062,0,0,3725.081923,0,0,0,0,6796.540448,0,0
851.55582,4192.307661,3569.859723,0,0,0,0,1815.548074,0,0,763.5180312
798.89746,0,2915.329395,2982.834907,0,0,0,3351.016515,1154.281596,239.159109,0
913.03455,0,0,2236.461182,147.2458594,0,0,0,1088.679243,0,0
1287.79056,2045.47117,91.2749173,0,0,0,1562.630911,0,0,0,0
1061.61434,0,0,719.2111003,274.315293,0,0,0,836.9469443,0,392.9803125
1179.03053,0,0,6393.222426,0,0,0,0,4367.015996,0,0
600.10918,0,0,0,2035.02125,0,0,0,0,0,8715.677564
975.07322,0,0,0,0,0,0,0,244.5902641,0,184.4284687
557.11391,0,616.8540189,0,0,0,0,0,0,0,0
403.06218,0,0,0,0,0,535.1400596,0,0,0,0
751.02688,0,110.404896,0,0,0,0,1172.94129,0,0,0
413.26286,0,0,10742.12177,0,0,412.1195518,0,541.2420763,0,0
1060.00419,0,8225.630512,0,0,0,0,7807.650371,0,0,0
397.10111,0,0,0,0,0,0,0,126.5803377,0,0
1281.7301,0,166.1797115,0,0,0,0,0,0,0,0
531.31815,3951.190266,0,0,0,0,7677.190687,0,0,0,0
1023.62925,0,668.3481475,0,0,0,0,0,0,0,0
1039.60751,7758.101494,0,0,0,0,0,0,0,0,0
1127.64314,6583.209624,0,0,0,0,7980.710629,0,0,0,0
979.56458,3469.577019,3788.72673,0,0,0,3743.757299,1443.048538,0,0,0
505.16323,0,100.0077526,0,0,0,0,0,111.1629747,0,0
1349.84803,0,501.3150163,0,0,0,0,1124.024366,0,0,0
1106.9207,0,0,0,0,0,0,208.9142946,0,0,0
530.98441,151.792502,0,0,0,0,164.6495168,0,0,0,0
1437.8764,0,0,110.601515,226.0597461,0,0,0,0,0,0
712.98404,0,2007.78693,6116.775391,0,0,0,638.6103033,1772.256725,0,0
457.33987,0,0,0,0,17274.78924,0,0,0,4290.341146,0
993.04076,0,292.9223303,4091.593425,0,596.2053386,0,0,3152.4487,596.1542119,0
1305.81704,0,0,120.3569336,172.4949414,616.0185113,0,0,489.5638103,0,157.8090625
931.11947,0,0,0,0,0,0,0,274.0742064,0,0
1418.99575,0,0,5712.87778,0,0,0,0,6648.514401,0,0
1429.00176,0,0,2096.823052,0,0,0,0,1442.552734,0,0
891.53094,7464.235896,1592.235382,0,904.5603906,0,3002.188734,624.5414604,0,0,0
827.0312,0,552.8554567,582.8300239,0,1092.147483,0,1769.137106,1833.799768,0,0
529.30616,2248.821626,0,0,0,0,0,0,0,0,0
1185.09103,0,0,4979.171997,0,0,0,0,5359.44064,0,0
1231.74424,9120.903709,1262.23936,0,0,0,8629.748561,537.2887532,0,0,0
1203.05383,0,0,3436.598606,0,1917.641493,0,0,2620.194868,532.170403,0
490.88739,393.5245782,0,0,0,0,0,0,0,0,0
703.03525,0,0,0,0,0,1086.499049,0,0,0,0
901.01172,0,0,0,884.3497266,0,804.2767784,0,0,0,0
1085.14701,0,0,189.6884223,112.3639746,0,0,0,343.6344319,0,167.2795156
428.07513,395.5630012,0,3374.161567,0,0,462.9967105,0,3415.858188,0,0
917.00162,0,308.6288344,3023.803304,0,0,0,150.0925897,1159.950554,0,0
641.30283,629.0550504,0,0,0,0,895.6402138,0,0,0,0
651.38038,3012.582446,0,0,0,0,0,0,0,0,0
953.05484,0,0,2058.470269,0,0,0,0,1287.650032,0,0
643.00498,0,1908.098064,0,0,0,0,4049.236193,0,0,0
907.49947,0,609.3142734,0,3379.106475,0,0,0,398.231433,0,1408.763031
811.15394,644.1966952,0,0,192.6947071,381.0999132,0,0,0,447.7176178,0
919.04058,0,122.3847177,0,0,0,0,2020.884543,0,0,0
507.21742,551.6561118,0,0,0,0,0,0,0,0,0
507.15828,0,66.43588834,0,0,0,0,0,0,0,0
474.0022,0,0,1819.563341,0,0,0,0,363.5981878,0,0
1450.9418,0,0,1409.791002,0,0,0,0,2139.36432,0,0
428.10206,0,0,0,0,0,443.2055407,0,0,0,0
414.00806,1931.265348,909.743218,268.6817763,0,0,0,1700.72722,1211.217489,0,0
916.93843,0,0,0,0,0,0,0,423.3209553,0,0
943.19508,0,0,7797.61202,0,0,0,0,1778.474362,0,0
729.07174,0,2067.208247,1447.295464,0,259.6740669,0,925.0804068,1768.171776,0,0
913.06282,0,0,3435.480415,0,542.9106989,0,0,3249.261682,0,0
419.21143,0,0,0,0,0,0,427.1356551,0,0,0
753.36583,4235.790514,0,0,0,0,8653.794511,0,0,0,0
731.38834,2476.453125,0,0,106.1079297,0,1692.792301,0,0,0,189.3907187
693.06962,0,2599.183905,1677.920464,0,0,0,0,2085.110834,0,0
1018.97734,0,0,6939.413371,0,0,0,0,728.7956141,0,0
855.001,172.3579923,0,0,0,0,0,516.9703744,0,0,0
753.38303,465.1205406,0,0,0,0,4052.196289,0,0,0,0
443.25319,1088.013897,0,123.3573134,0,0,2877.362305,0,125.2863924,0,0
951.00954,0,0,436.9896105,0,248.0821398,0,0,422.2509395,0,0
396.99497,718.5600111,0,0,129.0672949,0,3396.486534,0,0,0,331.670125
897.07102,0,0,0,0,0,0,0,0,0,512.470375
493.04739,373.8801162,0,185.4657932,1455.619082,0,0,0,909.7284539,0,168.1534375
924.02739,4285.633711,0,0,1057.618555,0,2981.123818,0,769.2228789,0,381.2480938
463.19808,0,110.310439,0,0,0,0,0,0,0,0
471.05323,0,0,0,0,0,0,0,0,0,0
577.33914,2187.499032,0,0,0,0,0,0,0,0,0
629.23054,0,0,0,0,0,0,0,144.9032214,0,0
1197.04618,0,1452.231715,0,0,0,0,3996.842861,0,0,0
1014.83716,0,45.95808869,293.2473958,0,0,0,0,535.9862107,0,0
572.01843,4050.019082,576.4826855,947.775391,0,339.4446831,0,1027.888304,1018.065813,0,1686.652125
708.01347,0,4272.764571,793.0259467,0,0,0,2539.517888,186.7855394,0,0
930.97171,0,0,0,0,0,0,1095.756962,0,0,0
970.88387,0,0,2072.649699,0,0,0,0,1482.061585,0,0
647.32822,0,995.207894,155.3498671,3859.24042,0,0,744.3373685,0,0,2060.947859
787.02141,0,0,2275.208198,0,310.1261936,0,3430.30024,1857.826654,0,0
460.19866,0,0,2137.93514,0,0,0,0,1530.830486,0,0
1261.70759,2612.327987,1092.763684,0,0,0,5153.688939,491.6721845,0,0,0
787.04008,0,0,3575.678304,0,328.6085287,0,2809.316213,1581.23482,0,0
1583.02999,0,0,5018.084147,0,0,0,0,3992.226797,0,0
683.36373,1728.963737,0,0,0,0,925.7285413,0,193.7057209,0,0
1537.14294,249.6495437,2926.087399,0,0,0,0,3491.016689,0,0,0
647.09687,0,0,0,0,299.2850911,645.5979646,0,0,0,0
711.10652,0,168.1833421,229.424859,0,166.7030273,0,187.4322788,0,0,0
559.34717,623.0423119,0,0,0,0,0,0,0,0,0
995.55272,0,1403.342779,0,0,0,0,631.2046334,0,0,0
811.45018,0,124.6159653,0,0,0,0,0,0,0,0
850.98081,0,700.8860238,1664.50175,0,0,0,3980.84023,1413.478602,0,0
847.27845,0,0,0,0,0,0,0,0,0,0
1343.85047,0,2657.479378,0,0,0,3273.31507,887.0657487,0,0,0
1105.61171,0,0,233.2948134,422.3430078,0,0,0,380.0130415,0,0
1126.99814,786.5292969,2421.155184,0,0,0,244.7949733,2801.465811,0,0,0
643.37527,5276.90224,0,0,0,0,7579.118525,0,0,0,0
607.24083,716.9993432,0,0,0,0,826.9413034,0,0,0,0
543.27807,1967.553996,615.1771712,857.2224121,252.5347266,0,4734.019788,1213.536858,3057.397832,0,976.2385938
811.16463,613.5686532,271.216066,0,256.3200391,0,0,1302.184251,0,0,415.3432187
1123.09838,0,0,1469.827474,0,0,0,0,723.3392257,0,0
933.63683,1387.943584,1639.957822,0,0,0,2160.768297,2625.545947,0,0,0
930.98325,0,0,0,0,0,0,531.7121751,0,0,0
742.96231,0,0,0,0,0,0,0,0,0,0
481.04801,0,0,0,73.83509765,0,0,0,0,0,0
647.09429,0,0,245.5106065,301.814502,0,0,0,0,0,0
1089.03952,0,0,0,0,340.8190756,0,0,0,455.4385474,0
1015.07763,0,3701.200237,0,0,0,461.5473889,6605.507581,0,0,0
1175.15395,0,0,152.9867893,0,7744.397526,0,0,0,1795.388813,0
553.04244,0,0,218.5140517,0,606.3208117,0,0,133.0882985,0,0
703.13412,0,1281.900606,605.8355849,0,0,0,2689.616085,917.4441752,0,0
960.97829,0,682.2190855,1455.381863,0,0,0,1248.33178,4186.339535,0,0
742.02201,0,582.1811733,383.2085232,134.1116895,1604.774805,0,400.1702893,0,0,0
1230.96596,0,626.653518,0,0,0,0,0,0,0,0
665.32501,7600.484272,0,0,0,0,4466.351356,0,0,0,0
571.97453,0,996.8526648,3408.023953,0,326.3472657,0,1726.072401,972.9337792,0,415.152375
891.04809,147.9124896,0,1277.554036,0,1581.302691,0,0,420.8338608,3109.783599,118.3641016
895.58239,1217.039961,1152.297067,0,0,0,0,1574.892404,0,0,0
637.08856,1140.649328,0,0,1706.98917,0,460.8957134,0,0,0,1360.573969
769.42118,6932.098244,100.7281801,0,0,0,3659.975689,0,0,0,0
390.98371,0,0,0,0,0,0,0,0,0,567.158125
1255.08777,1909.281077,0,0,0,0,642.6582032,0,0,0,0
1091.01836,0,4214.596039,0,0,0,0,1434.141457,0,0,0
647.08772,0,0,0,0,0,0,0,0,0,0
602.88978,0,622.469385,0,0,0,0,0,0,0,0
1295.9166,0,0,2256.419759,0,0,0,0,4312.014686,0,0
993.09275,648.6280939,144.9678513,354.4967448,478.2294141,0,0,0,298.8679292,0,458.0230782
621.28312,3819.974575,0,0,0,0,9052.871607,0,119.7484796,0,0
1071.03563,0,0,1958.860487,0,0,0,0,1150.784316,0,0
639.25954,3504.949132,0,0,0,0,3278.213816,0,0,0,0
566.18183,4782.434042,0,0,0,0,6228.968442,0,0,0,0
792.04982,0,1469.819138,985.2580295,0,0,0,833.4822285,2693.791189,0,0
412.98828,864.6238247,1216.712184,3524.356988,350.1496485,0,0,743.2631884,1423.481458,0,0
432.02167,386.9220479,357.083541,0,0,680.615191,0,699.7915377,270.8210542,0,671.6584375
1299.82486,0,0,916.8333604,2514.698555,519.4898872,0,0,807.9415793,0,2594.160078
847.46806,0,2743.018836,0,404.6589063,0,0,1601.577003,0,0,1093.882563
1265.66136,5311.963081,334.3418088,0,0,0,7489.101665,5702.950805,0,0,0
647.02124,0,0,0,570.5840821,360.0508681,0,0,0,0,168.6149687
552.97243,190.3262928,549.5559456,0,0,0,311.2448603,0,180.0802388,0,0
593.08766,212.0198424,0,0,348.0179981,0,212.4088713,0,428.5748121,0,134.92625
879.14073,0,1289.787325,2319.383491,0,0,0,173.0739673,3651.938625,0,0
891.49907,1692.926507,1868.071307,0,709.9828613,0,2137.57463,414.1535041,0,0,0
567.24973,0,0,0,0,0,433.3662237,0,0,0,0
879.61185,0,0,0,0,0,0,0,556.8255785,0,0
1334.86695,0,0,3435.606147,0,0,0,0,4634.846779,0,0
537.0464,0,377.4161834,2405.352973,1210.754751,1643.670139,0,858.0884515,2212.884692,0,1880.794461
899.43993,6091.92872,0,0,0,0,4125.656867,0,0,0,0
785.21329,0,2322.208398,0,0,0,0,3321.916925,2292.598497,0,0
877.51186,6903.262307,0,0,0,0,4437.012901,0,0,0,0
409.91183,0,265.4570073,825.5672608,0,0,0,360.1783145,311.5526355,0,0
823.01724,0,327.1732889,1812.439751,0,0,0,0,1441.849338,0,0
1145.02044,0,104.979606,3557.469835,0,0,0,0,4491.985302,0,0
907.0334,1006.678305,0,0,0,0,0,0,0,0,0
925.1049,0,0,361.447876,0,0,0,0,476.9819274,0,0
603.37682,1062.180656,0,0,0,0,1268.542146,0,0,0,0
647.33432,0,0,0,0,253.6510417,0,0,0,0,0
475.04793,0,0,0,0,1085.739149,0,0,0,606.9802707,0
515.06245,0,0,0,0,743.0775826,0,0,0,309.6210938,0
571.13518,408.4015833,0,0,0,0,0,0,0,0,0
431.06688,1309.157218,0,326.4481608,0,0,1246.635023,1418.322014,1354.747577,0,0
845.47929,169.6028242,0,0,0,0,483.5221012,0,0,0,0
919.06666,0,0,0,0,1134.373134,0,0,781.1830746,1632.844486,0
789.52164,3733.193169,166.1839293,0,0,0,4669.282278,0,0,0,0
547.17004,452.6499066,1052.297492,2055.259427,0,0,155.7160388,128.2147084,2713.394822,0,0
773.08587,1234.912006,0,1347.872111,0,203.4431423,0,2454.445777,1528.71519,0,179.2085782
709.35023,1507.704646,0,0,0,0,8560.35218,0,0,0,0
531.30776,797.8889658,0,0,0,0,1236.625103,0,0,0,0
893.37749,0,0,0,0,0,0,0,0,0,0
1318.96,0,0,2474.910957,0,0,0,0,2877.49508,0,0
786.92305,0,0,312.1406522,0,0,0,103.5415377,0,0,0
1203.06817,0,0,0,0,333.6811198,0,0,1947.704534,278.0164742,0
1451.0147,0,0,3680.757908,0,0,0,0,4209.691802,0,0
1110.93948,0,0,291.2887641,0,0,0,0,0,0,0
786.90815,357.2685115,0,773.3723144,0,0,307.7567332,985.3903736,1076.182951,0,0
723.26701,3562.629563,0,0,0,0,6181.397153,0,0,0,0
761.12139,0,0,256.3062608,0,188.2388454,0,0,395.4079559,0,0
1588.99484,0,0,3829.110555,0,0,0,0,3266.713904,0,0
1231.18832,0,0,0,0,7062.07105,0,0,0,3291.277627,0
1224.98867,0,0,1666.576742,0,0,0,0,2221.130958,0,0
858.09714,0,0,1778.011882,2703.055547,0,0,0,1006.584355,0,0
731.45009,4791.278139,0,0,0,0,7685.228824,0,0,0,0
731.13521,0,0,185.3585069,0,0,0,0,0,0,0
677.06089,0,0,0,0,0,0,727.7639233,0,0,0
877.06666,0,0,0,0,175.2148112,0,0,298.1205993,0,0
883.05286,0,0,1804.416111,99.66049805,1233.347201,0,0,519.2888029,0,349.2806797
551.15743,0,0,0,0,0,0,7788.24008,0,0,0
1163.0631,0,0,0,0,0,0,173.5722656,0,0,0
1045.66871,0,0,0,0,0,0,0,0,0,0
544.97641,0,0,0,0,0,0,816.0357364,1020.230122,0,0
1251.95561,0,0,816.8997397,0,0,0,0,640.5257368,0,0
904.9699,0,604.4914206,767.078125,0,0,0,800.6070545,1585.611922,0,0
1163.05233,0,397.2814777,0,0,0,0,189.0791692,0,0,0
891.05779,108.5471257,1189.907496,490.0932075,0,0,0,0,437.6655953,0,0
873.02525,0,0,0,0,1358.134158,0,0,0,4164.597543,0
412.14556,0,464.4997603,0,829.5950489,1520.96428,0,2257.061997,92.63261475,335.2197125,373.9629375
447.08656,0,0,0,0,0,0,0,0,0,0
397.11192,0,0,0,0,0,610.1932053,0,0,0,0
748.02593,971.6936531,0,0,1837.214219,0,0,0,0,0,2483.310641
945.00437,233.1520672,0,0,0,0,0,0,159.0511768,0,0
749.37056,3390.672151,54.50180334,0,0,0,0,0,0,0,0
1429.02994,0,0,978.7387967,0,0,0,0,1091.177438,0,0
1073.16835,0,0,0,0,0,0,0,0,0,0
661.42033,4833.50961,0,0,0,0,2955.722297,292.9518584,0,0,0
745.38254,0,0,0,0,0,4418.720395,0,0,0,0
983.15803,0,0,0,0,12005.84579,0,0,0,6791.476789,0
765.07114,0,0,517.3342014,0,418.5511284,0,0,3734.760717,0,0
1275.01522,0,0,639.1450738,0,0,0,0,0,498.4010417,0
856.99781,0,0,0,0,0,0,821.0309406,0,0,0
1105.67323,0,0,0,0,0,8659.907279,0,0,0,0
895.58146,0,0,601.4296875,397.7574219,388.377691,0,0,434.4197983,0,1098.644031
665.25883,3770.862383,0,154.2151693,0,0,4074.919151,0,159.677994,0,0
1583.04237,0,0,2948.48961,0,0,0,0,1869.033339,0,0
406.09528,0,0,404.8267551,0,0,0,0,470.1824565,0,0
437.07417,0,733.7446559,0,0,0,0,1352.000735,0,1092.855922,0
901.45134,583.4076501,0,0,0,0,0,0,0,0,0
391.10426,0,0,0,0,0,0,0,0,0,0
677.07878,2902.577607,199.5552986,0,134.4763672,0,306.5384714,522.8985536,0,0,567.3239844
993.12029,599.8754494,347.9158119,252.8290202,500.3681446,0,551.9917763,311.8926554,543.6305875,0,0
639.27135,780.6060219,0,0,0,0,2354.187449,0,0,0,0
1049.03391,0,0,0,0,1295.235069,0,0,735.3241696,1813.887766,0
477.2291,310.3900201,40.90612418,0,3267.816821,0,935.8507016,0,0,0,1880.088391
437.18228,0,141.2651457,1109.610433,0,0,0,906.2380879,1420.662456,0,0
390.00849,0,1372.216258,2074.321072,0,966.8868272,1827.165296,1845.853883,459.3740605,0,0
1271.0573,4651.466071,0,0,0,0,2453.531379,0,0,0,0
921.53799,2106.953505,275.1492523,0,0,0,8175.149157,0,0,0,0
515.26044,0,0,0,0,0,0,0,0,0,0
878.97039,0,0,77.81051972,0,0,0,0,0,0,0
1205.80403,9657.56155,1465.449626,0,0,0,2653.688399,0,0,0,0
924.04475,459.1380324,376.8819737,1581.107191,507.4363477,0,0,0,1685.610692,0,892.8570312
475.05262,0,0,0,1838.51833,448.2442926,0,379.4223971,89.34345949,0,2007.128625
529.10946,334.7450567,0,0,0,0,0,0,0,0,0
497.00451,124.3679048,112.3168496,2485.585666,0,653.8951389,0,714.8437887,1230.93436,0,0
939.51083,5375.778312,208.0732183,0,0,0,3734.99982,677.484578,0,0,0
835.05419,156.2504149,201.0753451,1354.930284,0,0,232.9716026,0,1677.630575,0,0
797.16315,0,0,0,0,6340.196311,0,0,0,1968.619169,0
929.53829,0,549.4741421,0,0,0,0,0,0,0,0
969.03165,0,94.67572135,2508.91036,0,0,0,0,1945.779532,0,0
984.99343,0,0,0,707.4963379,0,0,0,0,0,0
505.18738,0,0,1565.204251,0,4355.08967,0,0,992.0444274,2523.672498,0
953.06272,157.3442166,629.7356332,0,0,0,0,292.8614249,0,0,0
482.99702,344.5558628,0,0,0,0,0,0,0,0,0
503.17642,542.4626659,0,0,0,0,0,0,0,0,0
652.98403,0,411.8609567,585.7618273,0,0,0,2660.232905,374.2496539,0,0
993.11916,284.0488454,1372.57779,0,0,0,0,338.6675434,0,0,0
1034.94242,0,0,567.4342583,0,0,0,0,0,0,0
1089.04703,0,0,0,0,997.4920139,0,245.959874,0,0,0
1129.10509,0,1478.656729,0,0,0,0,4831.878404,0,0,0
1012.97068,0,0,187.6108127,0,0,0,0,0,0,0
763.45241,0,360.9997364,2305.158827,0,0,0,1482.753249,720.7939082,0,910.5262031
805.31357,664.7856748,0,0,0,0,4170.956569,0,0,0,0
1065.00912,0,303.8332534,2236.000325,0,572.643685,0,219.8656598,0,0,0
687.39275,3462.740771,0,0,0,0,1676.433028,0,0,0,0
965.50053,4237.005773,0,0,0,0,2579.464433,0,0,0,0
901.02452,0,0,0,0,0,432.3214433,0,152.0400761,0,0
963.07659,0,0,349.1724311,0,0,0,190.8699142,149.632145,0,0
617.2414,0,0,0,0,0,462.7967722,0,0,0,0
387.09652,0,241.1915201,0,0,0,3682.955078,0,0,0,0
605.42151,0,840.2796683,0,0,0,0,0,0,0,0
901.49428,2887.70271,0,0,0,0,1740.417763,0,0,0,0
775.29951,0,0,0,0,0,1044.834396,0,0,0,0
439.08451,0,346.0800182,0,0,0,0,0,172.4835344,0,0
1033.07563,0,0,2649.506836,0,983.860178,0,0,991.2712618,406.6233865,0
411.04453,0,1132.870519,1731.422485,0,176.6787543,0,798.3270034,1844.500408,0,0
913.06701,0,0,1713.553196,0,857.8348308,0,225.9241568,1071.206994,0,0
917.01982,0,620.6524875,678.5635308,0,0,0,760.4067141,249.2467613,0,0
916.99872,0,0,0,0,0,0,472.6026841,0,0,0
669.03093,0,0,272.2976888,0,0,0,0,0,0,0
731.3793,198.9463668,0,0,0,0,0,0,0,0,0
401.24613,4240.410537,0,0,0,0,2330.777138,0,0,0,0
547.08923,0,0,0,0,0,0,0,132.0734153,0,0
983.14055,0,0,0,0,2988.410894,0,0,0,3585.679461,0
809.05154,0,160.947673,195.6150309,0,0,116.6945801,0,489.3321178,0,0
466.91237,3084.61055,0,0,0,0,2332.000617,0,0,0,1743.787062
681.04481,0,0,0,334.2523438,0,0,0,0,0,613.8355625
1121.97578,4391.771122,104.512222,0,420.7674463,0,2423.423494,0,0,0,123.9878984
532.02225,0,718.6614983,190.1201715,2692.396494,0,0,0,0,0,283.706875
999.09851,0,0,0,0,0,0,0,136.2188984,0,0
745.49491,917.9484929,66.64850939,0,0,0,1508.365851,0,0,0,0
1106.99215,0,0,1115.772407,0,0,0,0,1241.469405,0,0
785.43911,0,154.8964724,0,0,0,0,0,0,0,0
428.11925,763.8253941,0,0,0,0,392.1365903,0,0,0,172.7313906
1221.16658,0,0,134.5552165,0,0,0,0,0,0,0
600.14422,0,500.1906154,1247.911295,209.1907032,0,0,0,572.5692741,0,4972.193375
875.15556,0,0,0,0,0,0,0,0,0,0
428.0907,191.6889865,1313.324242,1943.480957,0,0,2473.759611,0,0,0,138.7730156
1276.01674,0,0,110.6633776,2427.851719,0,2334.649003,0,90.37254006,0,435.5828828
412.11351,0,238.3357458,114.7612576,1008.635967,601.4544053,0,275.6705794,230.4287851,0,592.8933282
921.91738,0,1391.562596,0,0,0,0,2559.099165,0,0,0
833.44672,0,0,0,103.8132227,0,0,0,0,0,0
841.18309,0,0,0,0,1098.456597,0,0,0,0,0
471.07156,0,0,0,0,0,0,0,0,0,0
814.06215,0,0,0,0,0,0,0,352.520718,9801.035581,0
867.51691,2373.987832,0,0,0,0,949.2771382,450.4328202,0,0,0
1275.70753,6036.204853,709.4664494,0,0,0,6261.553711,0,0,0,0
564.10151,0,1067.327981,2866.574436,0,2595.743186,0,975.1630183,1708.227774,0,0
821.06508,0,0,2104.010403,62.6073535,0,0,0,1004.90913,0,0
713.09884,0,0,135.9644504,0,0,0,0,0,0,0
1017.62044,0,859.991852,0,318.1658008,0,4380.932566,0,0,0,348.9446875
509.01943,0,440.6334895,298.166504,710.2074122,308.0005426,0,0,260.6580301,0,308.7877656
761.00751,0,0,0,0,4164.545269,0,0,0,2331.963994,0
547.3087,0,0,0,0,0,856.8470395,0,0,0,0
1231.02871,0,1592.779656,0,0,0,0,2352.643835,0,0,0
899.4861,1507.040825,101.2168568,0,0,0,1208.14245,0,0,0,0
993.06679,0,370.6278758,1457.959852,0,561.6824653,0,0,2837.272869,0,0
771.37147,3547.95354,0,0,0,0,3014.667712,0,0,0,0
1582.98138,0,0,2498.398519,0,0,0,0,3251.597248,0,0
679.26371,3730.335471,0,0,0,0,4140.992804,0,0,0,0
1136.97759,0,0,3103.859131,0,0,0,0,1780.575183,0,0
1231.02411,0,0,1151.910102,0,0,0,0,324.2112342,0,0
745.4309,0,0,0,81.40473145,0,0,0,0,0,0
1139.72163,2786.262298,1264.465443,0,0,0,2272.769686,0,0,0,0
895.54941,4223.527379,0,0,0,0,5272.56723,710.0551516,0,0,0
877.45304,731.4783601,0,0,0,0,0,0,0,0,0
1025.00854,0,0,1423.598931,0,0,0,0,2169.409007,0,0
610.13487,1128.35495,636.4144819,1158.402778,735.0218946,365.3092448,601.1608245,263.3923074,1142.110982,0,2121.679156
375.03251,0,0,158.3030328,0,146.8015082,0,0,0,0,0
877.47003,3048.933767,0,0,0,0,0,0,0,0,0
815.03291,0,0,0,0,0,0,223.8854038,0,0,0
397.0064,0,0,0,0,0,0,0,0,0,0
537.08081,2822.29646,497.4430478,854.9061415,0,0,0,0,529.4094393,0,0
1085.13647,0,0,142.9983724,122.530791,0,0,0,666.1160626,188.9267154,375.8538594
681.23107,0,475.4890242,700.0655382,0,0,0,0,234.0194077,0,0
975.10746,0,293.177998,1751.972955,356.6929102,2247.729709,0,0,2613.729875,376.8740659,0
950.99827,0,0,385.0592176,0,0,0,0,0,0,0
758.96647,0,0,0,0,3504.427778,0,0,0,0,0
1583.01334,0,0,1173.097439,0,0,0,0,2120.650057,0,0
1389.13495,0,0,0,0,0,0,0,157.5656646,0,0
889.55035,0,0,0,0,0,0,0,0,0,0
1395.13276,0,0,145.1410319,0,0,0,0,0,0,0
504.97932,1696.556969,272.5547355,0,0,1333.877083,1297.102591,2273.367922,0,0,0
610.99081,0,0,347.4709473,0,0,0,679.7709623,0,0,0
1009.52755,1911.428132,0,0,0,0,3389.620529,0,0,0,0
661.32757,1780.579041,0,0,0,0,3495.352488,0,0,0,0
819.49039,2378.419939,0,0,0,0,1401.730417,0,0,0,0
833.5319,0,910.0583779,0,0,0,0,0,0,0,0
1105.70785,0,0,2126.087253,0,0,0,0,1057.676202,245.5491396,0
904.98584,0,1778.325621,0,0,0,228.2812243,2482.85427,642.7478741,0,0
827.26947,0,0,335.7657064,0,0,0,0,374.3959899,0,0
435.1416,0,159.3423001,0,0,0,0,0,0,0,0
691.41408,0,1444.034581,0,899.7392188,0,1206.221731,794.847695,0,0,0
763.23433,0,0,0,0,0,0,0,302.3875346,0,0
709.29602,1905.441683,0,0,0,0,632.8688837,0,105.0780137,0,0
649.99705,0,383.726203,435.412462,0,844.9551649,0,1427.64983,1241.627324,0,0
551.22849,0,0,153.3069119,0,0,0,0,410.3752843,0,0
937.00955,0,1330.935116,2429.194417,0,0,0,0,1323.335381,0,0
1027.49266,134.4791724,0,0,0,0,636.3635896,0,0,0,0
873.07765,0,439.2670629,0,315.644126,1289.683333,192.5285003,0,486.3540348,1124.262964,106.66025
783.38418,2739.295285,0,0,0,0,1905.994243,0,0,0,0
1111.68066,261.8904695,386.4928705,0,0,0,568.359118,0,0,0,0
605.04747,0,0,0,0,0,0,0,174.3764339,0,0
651.03827,0,0,0,0,1614.535981,0,0,0,0,0
561.24945,1625.259247,0,0,0,0,2879.107782,0,0,0,0
857.04941,0,0,0,0,1188.840712,0,0,0,970.1310009,0
393.1725,0,0,3190.942993,0,0,0,328.0463336,2079.126891,0,0
611.03778,0,380.35735,1363.643609,0,0,0,1600.617922,3530.564663,0,0
479.20473,0,0,0,0,0,0,0,0,0,0
735.41345,1290.896709,174.923936,0,0,0,3480.468545,0,0,0,327.7469375
725.11891,0,0,0,0,0,0,0,71.51179291,291.9960088,0
504.0218,0,465.0277033,0,0,0,0,330.1977104,0,0,0
743.08762,0,0,0,300.5077149,205.7690321,0,0,0,0,0
483.18076,592.4422359,0,0,0,0,702.88217,0,0,0,0
372.0981,0,486.8383339,0,0,0,0,1867.231532,44.3617206,0,0
385.15217,896.341434,2382.553753,0,0,1673.270312,1213.347399,2534.535002,0,0,0
889.01668,354.097518,0,0,165.7417383,0,908.4360608,0,0,0,0
646.99615,0,0,0,0,4907.363477,0,0,0,1820.122736,0
1218.97104,0,1681.943228,0,0,0,0,1205.007136,0,0,0
902.99831,0,0,306.819146,0,0,0,0,0,617.9783175,0
1290.99584,0,200.391973,688.7091742,0,0,0,176.1953319,0,0,0
391.05114,554.6122615,145.8362371,1035.48428,0,279.3823784,804.7416479,0,999.5566159,1887.558537,0
957.57725,0,263.2172882,0,0,0,0,0,0,0,0
889.06447,0,0,0,3211.196904,0,0,0,0,0,3459.885641
551.21562,2777.55092,0,0,46.86657715,0,2274.260999,0,0,0,0
531.04295,0,0,0,0,418.5095487,0,0,0,268.9984432,0
769.12172,0,0,0,0,0,0,0,0,0,0
629.2574,687.9800194,0,0,0,0,0,0,0,0,0
1009.05931,0,0,2894.283122,0,189.089171,0,0,2066.194225,0,0
563.20523,611.5923673,0,0,0,0,0,0,0,0,0
811.24424,1136.944103,257.6648294,0,0,448.7091146,0,0,0,447.5234091,460.559875
909.10591,0,0,1821.765435,90.18572265,0,0,336.0874072,1387.318483,0,342.6992422
550.9648,318.7526618,286.4190711,818.7792426,0,0,0,388.6057781,811.1427759,0,0
545.08744,701.2109375,0,0,0,0,0,3062.64635,0,0,0
983.56423,3575.366185,673.0901433,0,0,0,2280.891345,305.7105508,0,0,0
1099.58961,3537.454525,584.7244056,0,0,0,4437.823473,0,0,0,0
789.46528,758.4011339,396.3090251,0,0,0,3232.852796,0,0,0,0
925.06977,0,225.2147718,589.1837836,0,0,0,0,416.7203323,0,0
1073.11811,0,0,0,0,3947.866971,0,0,0,1413.35026,0
1127.05079,0,0,715.3655328,0,0,0,0,345.6773635,0,0
867.00026,0,0,0,0,1822.909809,0,0,0,883.5919667,0
1011.19,0,0,0,0,0,0,0,0,3843.00351,0
745.44575,866.348797,544.8825729,0,0,0,2409.282278,0,0,0,0
909.12478,0,93.66917896,1255.573229,480.1753614,607.6099936,0,0,969.5571599,0,216.0873828
1070.17267,0,0,0,3433.627324,0,0,0,0,0,2963.776969
1079.14045,0,0,0,0,0,0,0,490.5141416,0,0
771.00325,1155.427717,0,0,930.7197559,0,3564.514957,0,0,0,0
457.04513,0,0,0,0,0,0,174.8887686,0,0,72.6700625
1219.04097,0,0,341.6397027,0,0,0,0,446.1560522,0,0
612.99743,639.9054204,0,0,0,0,693.0974507,0,402.2708539,0,0
567.02214,0,0,0,0,0,0,0,0,0,0
795.07658,0,0,709.1582576,0,1396.252821,0,706.1540068,0,579.7690217,198.5926562
817.13196,0,0,0,120.5735059,0,0,0,0,0,0
455.0825,0,568.7378439,1338.356757,67.84016115,0,0,257.9821512,1181.171949,0,408.09175
487.06247,0,0,0,2407.339893,0,0,0,0,0,763.829836
1123.07624,0,0,895.758545,0,0,0,0,1283.261175,96.48922243,0
1106.98169,0,1821.051392,0,0,0,0,1469.448406,0,0,0
936.99648,0,0,430.8781738,0,0,0,0,471.8259494,0,0
1011.68208,0,0,394.3660482,253.0739697,0,0,0,1090.893703,0,0
551.27979,0,690.1207583,0,0,0,0,0,180.2735859,0,600.9060391
715.02573,0,0,0,0,799.7486111,0,0,0,0,0
577.00359,0,0,0,0,0,0,0,692.9103538,0,0
913.22951,312.0031804,0,0,0,0,0,0,0,0,0
1059.04838,235.9713772,0,2716.640815,0,0,0,0,1092.615482,0,0
1049.0482,0,0,327.8898926,0,159.6964301,297.1760383,0,385.0230172,0,0
1027.25649,0,0,0,0,0,0,0,183.8317841,0,0
583.29026,3522.854622,0,0,0,0,1270.801013,0,0,0,0
709.42093,0,0,0,0,0,0,0,0,0,0
767.10753,0,0,0,0,0,0,0,160.9732867,0,0
857.05535,0,0,637.9541558,0,0,0,0,0,0,0
843.16369,0,0,128.9232585,0,0,0,0,0,0,0
827.0781,0,0,3146.428385,59.19609375,0,0,0,1557.22948,0,0
775.08011,986.3720272,0,0,0,0,0,0,0,0,0
445.25645,2153.344857,0,141.4922553,0,0,3436.37685,0,0,0,0
647.37491,0,777.596482,0,608.6807129,0,0,395.575495,0,329.300668,0
891.49089,0,976.7507909,228.7794597,1124.131934,0,0,0,1054.827161,0,0
665.26946,1348.319414,0,147.1147868,0,0,807.708933,0,0,0,0
851.03881,0,568.133148,249.2126194,0,1602.517578,0,376.0618812,731.6292772,0,0
1099.02505,0,0,921.0958118,0,0,0,0,0,0,0
769.06378,0,0,0,0,0,0,0,0,463.5867017,0
607.27977,277.6036539,0,0,0,0,0,0,0,0,0
797.01098,0,0,0,0,308.563954,0,0,0,0,0
704.07011,0,0,134.381429,289.5382617,298.6206814,0,582.0915454,556.2748591,0,630.9186875
1117.02888,447.2826846,0,0,0,0,840.4868164,0,0,0,0
667.05267,0,0,607.0807835,0,0,0,0,892.6526404,225.4640794,0
1472.91974,0,0,138.4995388,0,0,0,0,309.7278604,0,0
641.05834,0,0,185.0068088,0,0,0,0,0,0,0
661.28284,754.6963496,0,0,0,0,611.1578433,0,0,0,0
1065.63812,0,0,368.8473308,0,0,0,0,0,0,381.751375
935.52737,0,0,291.6846517,1369.073887,0,0,0,1858.847397,0,542.7550312
951.03672,0,831.6685199,0,0,1776.700608,0,210.0773515,0,311.2842504,0
1157.05935,0,0,1819.70832,0,0,0,0,2095.979084,0,0
1171.60778,1915.054826,0,0,0,0,3182.187038,0,0,0,0
879.53302,731.432453,1251.034605,0,0,0,1856.703228,517.9120127,0,0,0
764.93178,220.3877212,504.1707247,1291.359972,0,336.5204861,755.4200504,0,548.2982595,0,0
1033.18914,0,0,0,0,516.5775173,0,0,0,0,0
409.08876,0,0,0,0,0,0,694.5234375,0,0,0
375.1154,0,0,0,568.0232861,2024.953906,741.0696445,0,0,288.5630096,826.1374298
759.00737,0,1223.253451,0,0,0,0,0,0,0,0
1071.61632,3802.993035,799.7196787,0,0,0,1927.061061,115.0517868,0,0,0
538.00077,1885.414547,0,0,0,0,0,0,0,0,0
655.26914,0,0,0,0,0,554.7117084,0,0,0,0
935.52021,0,2933.768788,0,0,0,0,1875.448059,0,0,0
989.20358,0,0,0,0,375.9735243,0,0,0,0,0
412.15837,0,1273.350664,0,0,0,0,301.4027692,0,270.5825407,0
1252.93964,0,0,1037.08214,0,0,0,0,889.4844741,0,0
669.34126,1312.033687,0,0,0,0,0,0,0,0,0
879.16364,0,0,882.5045709,0,0,0,0,1490.530632,0,0
1105.6486,0,370.3895226,0,0,0,0,0,0,0,0
480.05562,0,0,0,212.042168,0,0,0,0,0,0
973.01841,0,157.6272287,537.8784722,0,0,0,0,1555.026787,0,0
479.16659,0,0,0,0,0,0,0,0,0,0
763.10914,0,478.5193755,167.0444472,1379.814585,0,0,518.2104348,161.6671653,0,1113.033469
1217.71978,440.4128526,0,0,0,0,0,0,0,0,0
805.00416,0,785.1984758,0,0,0,0,0,0,0,0
415.1695,0,0,0,0,0,0,254.4118966,0,0,0
916.96302,0,0,240.7950575,0,0,0,0,371.8396336,0,0
993.08427,0,214.0545437,0,0,0,0,0,835.4217761,0,0
721.30712,0,0,235.848036,0,0,0,0,130.573613,0,0
1027.57983,829.2085523,192.3775882,0,0,0,1745.686626,0,0,0,0
474.04633,0,0,973.8183865,0,141.5092122,0,1094.543162,0,0,0
919.08802,592.8741876,188.2074327,0,803.3837598,0,863.077277,0,94.92311734,0,146.5572344
761.02792,0,0,0,0,1227.084462,0,0,0,1410.21892,0
801.25562,2680.47072,0,0,0,0,3227.84916,0,0,0,0
1127.00799,0,368.9195025,305.8522407,0,0,241.9842722,189.3683284,730.1363973,0,0
775.40818,0,0,0,0,0,2367.794305,0,0,0,0
965.53294,2364.446557,0,0,0,0,1868.511076,0,0,0,0
1053.58969,1182.901428,0,0,0,0,1011.91432,0,0,0,0
1015.09904,851.2512099,0,354.5531956,1171.969688,0,480.13934,0,137.2797666,0,623.2392657
1100.02347,1995.443515,0,0,0,0,5717.115337,0,0,0,0
1043.02506,0,0,0,0,294.473329,0,0,0,0,0
1003.04714,0,0,2274.353054,0,185.9997613,0,0,983.2073527,0,0
1027.07345,0,1960.670078,0,0,0,0,964.6939975,261.3142059,0,0
523.11383,0,0,0,0,0,3875.495786,0,0,0,0
1077.55297,302.3729259,0,0,0,0,0,0,0,0,0
847.16372,0,0,0,0,0,0,0,0,2584.581635,0
1211.78757,1024.544645,168.4239719,0,0,0,2423.096963,0,0,0,0
455.16138,1612.272781,0,0,0,0,1357.464021,0,0,0,0
1225.14745,0,0,0,0,0,0,0,193.9570992,0,0
705.29348,567.3707308,0,0,0,0,943.355443,0,0,0,0
1306.93205,0,0,0,0,0,0,0,200.9843873,0,0
704.01304,0,0,0,1159.999024,0,0,0,0,0,1323.614406
909.05588,0,0,0,0,0,0,0,0,0,0
1021.59335,2905.882899,0,0,0,0,1225.400879,0,325.2507664,0,0
805.36985,268.446436,0,0,0,0,0,0,0,0,0
939.00911,0,410.1378691,0,0,0,0,308.6468711,198.1743597,0,0
922.98367,0,0,0,0,0,0,2675.199876,0,0,0
655.15164,0,0,0,0,3129.744227,0,0,0,4900.958503,0
581.30777,2792.383175,0,0,0,0,2294.113898,0,0,0,0
767.33104,0,0,0,0,0,0,0,0,0,0
1259.66172,0,0,0,0,0,0,0,0,0,0
657.28466,0,0,0,0,0,417.7704564,0,0,0,0
1309.69525,0,0,0,2764.84793,189.8312934,0,0,0,0,285.7775
399.09831,0,0,85.97795278,0,0,0,0,0,0,0
608.02631,0,0,0,139.0103907,0,0,0,0,0,0
475.20976,2269.614024,0,0,0,0,2580.801244,0,0,0,68.30265625
763.98943,1679.907495,299.8267829,0,0,0,0,0,746.4028011,0,0
1282.93593,0,0,1427.695665,0,0,0,0,1893.345307,0,0
591.30092,0,0,0,0,0,859.2497945,0,0,0,0
814.08376,0,863.9446894,454.6825358,0,1189.913715,0,0,404.3468651,0,0
909.15004,0,0,779.4711372,0,0,0,0,1538.941765,0,0
573.31973,2111.763309,1255.55694,0,0,0,836.3874897,0,0,0,0
761.35401,0,0,0,0,0,0,0,0,0,0
683.35124,1568.673759,0,398.2119955,0,0,731.0977076,0,145.4472904,0,0
477.10972,0,0,0,0,343.9246962,0,0,0,1971.481544,0
925.11142,0,0,0,169.4654102,0,0,0,0,0,0
499.35709,1904.063105,0,0,0,0,4109.936266,0,0,0,0
537.00387,0,376.4691574,287.5880263,0,2477.287847,0,0,0,0,0
557.31318,2417.213703,499.6935031,0,0,0,1348.359709,0,263.7329534,0,136.8167813
769.07995,0,0,99.40875243,0,1017.003342,0,0,0,0,0
889.56513,0,358.7005128,0,0,0,0,0,0,0,0
1079.07394,0,0,0,0,179.5287978,194.4630705,0,385.4304787,0,596.798
1287.02764,0,0,416.6503092,0,0,0,0,289.0571598,0,0
847.48074,0,0,1740.695475,0,0,0,0,882.9261273,0,613.4972344
833.50673,0,628.353264,0,0,0,0,0,1009.811709,0,0
1549.01124,0,0,2722.476515,0,0,0,0,1574.497219,0,0
645.0308,0,0,0,0,0,0,1226.847463,0,0,0
1015.03441,250.5802856,0,0,520.8826661,0,0,0,0,0,0
635.2319,1582.893892,0,0,0,0,2952.355572,0,0,0,0
786.98996,418.1714256,169.6132933,0,0,0,0,0,0,0,0
465.05739,375.202399,589.9983464,0,0,0,0,0,0,0,302.9431562
575.09132,0,538.7313794,435.9579535,346.129375,0,0,276.2428256,668.2507046,0,224.361375
775.44625,0,1275.59345,0,669.2428906,0,0,2116.428063,0,0,282.0555
647.34772,0,1027.403087,0,913.2277051,0,0,1105.439666,0,0,499.9155938
775.02631,0,0,0,0,0,0,0,0,0,0
734.98217,0,0,852.2915583,0,0,0,0,809.092069,0,0
706.00025,0,0,0,0,3956.55625,0,0,0,2372.488904,0
923.52733,350.0166275,0,0,0,0,0,0,0,0,0
615.33067,0,0,0,208.9853907,0,0,0,0,0,0
775.12021,0,0,0,0,2801.240191,0,0,0,976.1106912,0
709.10124,0,500.7311518,618.9542915,0,0,0,1049.114364,727.1643097,0,200.4147969
1023.5957,0,457.7060128,0,0,0,3809.303557,503.4824412,0,0,0
1095.05629,0,0,1155.199246,238.7003516,194.2722439,0,0,1169.2009,0,0
895.43826,1093.546702,193.7578485,0,87.2888672,0,1441.828459,0,0,0,0
428.06188,0,0,1020.481676,0,3691.025456,0,0,0,532.9483696,0
449.20362,2205.049502,0,0,0,0,1617.297389,0,0,0,0
1230.99831,0,0,1433.844699,0,0,0,0,1637.724733,0,0
573.02988,0,408.6334356,0,164.0500977,0,0,0,0,0,0
758.91911,71.86217938,384.243901,932.9442817,0,0,0,656.3464573,1310.540546,0,0
932.98516,0,1877.864456,0,0,0,0,2354.394493,0,0,0
619.18123,0,0,3020.424249,0,0,0,0,490.4887757,0,0
437.09486,349.1033946,0,0,0,0,0,0,0,0,0
414.96121,0,1194.58541,558.1028646,0,0,1124.647924,683.5032488,0,655.0663497,0
1282.94647,0,0,478.6105278,0,0,0,0,0,0,0
373.95685,0,392.8071679,0,0,0,0,1175.256633,0,0,0
857.47454,2532.735568,0,0,0,0,1518.381528,0,0,0,0
661.38478,424.4713254,0,0,0,0,374.9542814,0,0,0,0
621.3832,3191.186843,0,0,0,0,4798.107551,0,0,0,0
428.05199,0,591.0461082,618.3749458,0,0,0,802.2136449,0,0,160.8729062
825.2091,0,0,0,0,3527.046875,0,0,0,2518.512313,0
481.18118,0,0,0,0,0,0,0,871.8789557,0,0
1319.72905,3549.880047,402.5328916,0,0,0,3775.951018,0,0,0,0
572.03012,0,0,708.3671333,0,0,0,282.5288135,1453.158203,0,568.0393125
1027.09477,0,1077.685151,0,0,0,0,1329.094988,0,0,0
961.54665,0,205.3302818,0,0,0,0,0,0,0,0
605.07066,0,0,0,96.99018555,0,0,0,0,0,0
1419.01903,0,2421.294215,0,0,0,0,0,0,0,0
727.3485,2139.334278,0,0,0,0,1084.601203,0,0,0,0
963.04735,0,0,1145.461019,0,0,0,164.4210435,0,0,0
463.16803,170.1692132,0,0,0,0,0,0,0,0,0
607.35562,2214.65364,0,0,0,0,2370.134123,0,0,0,0
788.99138,0,0,0,0,0,0,4853.700727,0,0,0
717.14271,0,167.931377,1722.350844,0,0,0,0,1023.000853,0,0
585.29439,0,0,364.9182807,0,0,0,0,0,0,0
695.96867,0,0,0,0,0,0,766.660659,1067.18928,0,127.4146094
1283.14139,0,96.05946847,0,0,0,0,0,0,0,0
812.99241,0,0,0,0,0,0,0,258.3698576,0,0
553.26368,1533.847034,0,0,0,0,1284.732191,0,0,0,0
1283.13268,0,0,1710.164646,159.1856397,0,0,0,1105.470629,0,284.5349141
1009.50867,1781.757726,0,0,0,0,1597.569901,0,0,0,0
813.35508,243.190663,0,0,0,0,0,0,0,0,0
663.08715,0,144.9689177,0,123.4416211,256.8222439,0,477.8930423,0,936.2756454,305.9154687
1127.57595,2030.131326,0,0,0,0,1384.137284,0,0,0,0
582.01132,488.5764312,0,0,1730.709531,0,1663.07057,0,0,0,1083.528875
733.10805,0,0,1385.179091,0,0,0,0,447.0434508,0,0
645.37116,0,140.9595715,0,0,0,0,269.1022973,0,0,0
1225.31486,0,0,0,0,4020.228288,0,0,0,1115.774372,0
701.41369,0,0,0,0,0,653.5714433,0,341.4336679,0,0
762.9687,0,0,693.6490343,0,0,0,0,0,0,0
1017.61324,0,0,0,0,0,0,0,894.890625,0,0
459.2339,0,0,0,0,0,1087.983244,0,0,0,0
709.08709,156.2670423,130.8559241,275.0981174,811.1270215,0,0,411.3799505,361.1319719,0,541.7799218
481.07526,0,0,1993.196615,454.9849805,0,0,0,0,0,0
665.28302,1707.457135,0,123.2905816,0,0,1546.575658,0,165.1458663,0,0
610.16083,1146.443238,1087.804028,203.6557481,0,0,0,0,181.2389117,0,0
649.15563,0,0,0,0,1084.942708,0,0,0,1822.802876,0
632.96954,0,0,1931.229546,0,0,0,0,471.008752,0,0
797.34537,313.9843404,0,0,0,0,0,0,0,0,0
765.07625,0,0,1012.462077,356.6466504,266.4335503,0,228.7976872,377.8925287,333.157269,0
1026.16608,0,0,0,1369.558184,0,0,0,403.2140773,0,1621.394062
657.06891,0,0,0,869.5233838,0,0,0,0,0,191.73025
1475.92924,0,0,831.5336101,0,106.0467014,0,0,2352.110129,0,0
625.31056,1853.415445,0,0,0,0,2876.769274,0,0,0,0
775.90755,0,340.2189896,0,0,0,0,458.1423654,0,0,0
471.26199,0,0,0,0,0,703.6881168,0,0,0,0
385.06392,0,0,0,0,3717.336286,0,0,0,0,0
744.99789,0,0,526.6509332,0,0,0,0,0,0,151.0463125
953.07386,107.6068861,216.1853911,1320.299398,0,164.6850043,0,332.5373994,194.7864789,0,0
967.96621,750.6281975,0,0,0,0,253.5693359,0,0,0,0
780.1188,0,156.9953988,1088.249471,0,0,0,610.589225,1087.555652,0,0
1080.9881,0,0,405.4573025,0,0,0,0,0,0,0
891.0899,0,0,0,70.73001465,0,0,0,0,0,0
675.22357,0,0,178.1554226,204.3846875,0,0,0,0,0,0
581.29249,1133.54404,0,0,0,0,3389.237613,0,0,0,0
758.0863,253.7575187,598.4783838,0,79.58697755,0,269.3142218,880.6519183,0,0,0
1289.73133,1319.487624,169.3418568,0,0,0,3179.545282,822.3073174,0,0,0
634.98344,0,0,0,93.41123045,0,0,1141.178643,0,0,0
811.23101,0,0,0,0,405.5397136,0,0,0,0,0
617.04429,0,0,871.5748426,0,0,0,0,0,0,0
735.44097,0,0,0,786.210586,0,1821.177014,695.1425588,0,0,0
663.07449,0,0,0,0,0,0,0,0,0,0
971.07737,0,0,0,0,0,0,0,0,0,0
755.07455,0,0,0,0,0,0,0,0,990.468467,0
420.02889,0,1353.475891,413.9606391,0,0,0,447.1405863,0,0,0
827.09954,0,0,850.8308377,0,0,0,0,1112.79868,0,0
655.21016,0,0,0,0,697.4298611,0,0,0,809.8421649,0
995.57438,0,237.8656537,0,1645.913477,0,0,0,0,0,0
755.09693,0,0,0,218.2388281,0,0,0,0,0,97.24372656
773.28834,0,0,224.4569363,0,0,0,0,0,0,0
845.25806,0,388.6724981,0,0,0,0,0,0,0,0
387.10236,0,0,0,193.2915625,0,0,0,0,0,0
759.06535,151.0319759,0,350.4450683,0,0,0,0,1171.946425,0,0
823.31129,185.2047325,255.5243961,0,790.7103223,0,287.2942024,356.6393294,212.0360216,0,705.7550001
428.22203,0,0,717.4446818,120.3416016,789.4700954,0,198.0684367,778.0953323,0,270.3620703
1231.00055,0,1170.349681,0,0,0,0,663.5913714,0,0,0
789.27313,0,0,447.1505941,0,0,0,0,203.3054416,0,0
415.09177,0,0,0,77.14851565,0,0,164.3515819,0,0,106.2426172
930.99053,0,0,400.1608887,0,0,0,0,0,0,0
1060.01253,0,0,0,0,319.6288629,0,0,1079.507615,391.2766928,0
1023.57699,0,0,0,593.1580079,0,0,0,1348.582526,0,788.1053282
841.39494,236.5827745,0,0,0,0,3318.432874,0,0,0,0
432.04591,446.1971446,0,327.6296929,0,0,0,0,318.6584009,0,596.0815625
695.14261,0,0,0,0,0,0,0,160.8332551,0,0
1599.01215,0,0,0,0,0,0,0,152.4445832,0,0
599.00478,0,754.3293712,0,0,315.52602,0,770.782449,0,0,0
695.16525,0,94.01498393,358.2315267,0,0,0,194.46291,316.4780706,0,0
538.96392,0,0,1637.908773,0,207.0029297,0,210.70473,379.505983,222.0279806,0
1097.58951,2874.6446,0,0,0,0,1230.137644,0,0,0,0
681.38279,832.1143529,0,0,0,0,1295.605366,0,0,0,0
555.06815,0,943.3020754,1351.089573,0,651.0421007,0,0,0,0,0
648.08397,292.9542744,285.5939836,168.241333,631.9402051,0,0,310.8479656,200.2353392,0,872.4922031
1002.97951,0,0,0,0,0,0,318.660485,0,0,0
709.28525,1065.475145,0,0,0,0,1218.776367,0,0,0,0
413.132,0,0,0,0,0,0,0,0,1791.580503,0
885.21583,0,0,0,0,0,0,0,162.3888697,0,0
661.36939,691.8611898,220.1658359,0,0,0,686.5075812,0,0,0,0
1413.04961,0,0,1898.182048,0,0,0,0,682.1144927,0,0
667.02311,0,0,1296.864705,0,0,0,0,711.3417227,0,0
730.01275,0,0,0,0,411.9854601,0,0,0,819.4616168,0
835.50056,488.7084831,806.3599741,0,161.6281836,0,2710.981959,0,0,0,250.3235782
1007.55863,1883.640245,152.0071655,0,0,0,1608.869963,195.5192219,0,0,0
895.47846,0,0,2100.397637,128.3114551,0,0,0,1058.116916,0,0
1151.06511,0,78.21233344,1230.861003,0,0,0,0,425.263264,262.6598449,0
868.02712,0,0,0,0,0,0,643.7751006,0,0,0
895.5209,0,578.9798217,0,0,0,0,1809.157178,0,0,0
472.03093,0,761.4256615,355.1884223,413.4700782,0,970.7733347,0,0,0,0
585.18161,0,0,0,0,0,1003.859889,0,0,0,0
1143.69989,955.5567098,93.71452025,0,0,0,1721.432412,148.7697537,0,0,0
455.08758,0,106.2332487,0,0,0,0,0,120.9522103,0,155.1887969
639.3238,502.8926646,0,0,0,0,421.0724712,0,0,0,0
879.17984,0,0,958.7521974,0,182.26773,0,0,1975.143913,0,0
989.19813,0,0,0,0,4061.108008,0,0,0,817.1863678,0
721.35722,0,0,0,0,0,525.4089999,0,0,0,0
575.11337,0,139.1871046,164.8184272,119.3615723,0,0,0,0,0,0
839.12321,0,0,0,0,0,0,0,0,0,0
551.24886,271.1818135,322.5801979,590.1611464,0,0,324.8905222,0,372.6545317,0,0
682.01378,466.5588358,527.5433282,782.6977542,0,0,0,0,0,0,0
1095.12315,0,0,0,103.0356543,0,0,0,0,0,0
613.35292,0,0,0,0,0,0,0,0,0,0
814.10438,0,0,519.601671,104.237793,253.9996311,0,0,1780.185028,419.2966486,0
1127.01955,0,0,767.225369,0,534.5277127,0,0,421.5970135,0,0
1437.85509,0,0,0,2159.430508,0,0,0,0,0,0
879.10955,0,432.2815855,1502.269016,0,0,0,0,938.2882466,0,0
571.04637,0,0,143.8848877,0,814.037934,0,0,0,0,0
596.90648,0,161.6705929,638.2613933,0,0,0,1425.711363,0,0,0
1349.79586,0,0,0,1789.696426,0,0,0,0,0,0
737.06267,0,0,1036.040283,0,0,0,0,646.6507244,0,0
745.35837,0,267.003439,176.1688233,0,0,0,429.680055,195.050843,0,0
635.39519,1569.647781,0,0,0,0,2763.437089,0,0,0,0
571.00375,0,0,0,0,0,487.6712068,0,0,0,0
1123.12706,0,0,236.8921441,0,0,0,0,410.0080226,0,0
827.25548,0,0,1652.574192,0,0,0,0,728.4980222,0,0
673.09302,0,0,0,0,0,0,0,0,0,0
617.06719,0,128.8532999,420.9931098,0,269.8607639,464.3150955,0,204.6328496,0,0
849.34943,940.5159706,0,0,0,0,412.0385486,0,0,0,0
1588.9829,0,0,2035.88977,0,0,0,0,457.3066406,0,0
805.36013,337.5809942,0,0,0,0,577.1248458,0,0,0,0
1231.24578,0,0,0,0,1090.474436,0,0,0,615.116678,0
497.24864,0,0,161.0416395,0,0,0,0,176.7484425,0,0
675.34185,0,471.2129385,1426.8302,122.1117481,0,0,905.8826384,438.3906992,0,0
837.26714,0,0,590.1454197,0,0,0,0,0,0,0
797.39785,343.5998687,0,0,0,0,2058.059262,0,0,0,0
543.06656,0,0,0,116.4403418,525.1411676,0,0,175.8229208,0,231.6225938
951.56396,0,230.6556269,0,947.8438477,0,0,0,0,0,0
791.41597,0,0,0,0,0,872.1746505,0,0,0,0
855.43925,0,0,0,0,0,554.9681075,0,0,0,0
795.18645,0,0,176.7103543,0,0,0,0,0,0,0
768.95843,0,0,907.2797313,0,0,0,832.0547649,0,0,0
887.04672,0,0,0,0,0,0,0,139.4997404,0,0
577.21591,425.1448769,0,412.7558051,0,0,0,0,488.4760063,0,0
895.99657,0,0,0,497.0424024,0,0,0,0,0,0
503.25606,0,0,0,0,0,0,0,0,0,0
673.20704,914.8531181,0,0,0,0,742.4352899,0,0,0,0
779.89941,0,0,0,0,0,0,0,281.2955647,0,0
519.22967,1971.273023,0,0,0,0,0,0,0,0,0
767.13047,0,0,0,0,0,0,0,229.9938439,0,0
889.36565,2523.655887,0,0,0,0,327.8304122,0,0,0,0
1265.10337,0,0,0,130.2638086,0,0,0,0,0,0
681.19182,0,0,1036.596924,0,0,0,200.4153581,1529.198094,0,0
1171.58005,0,0,0,0,0,0,0,0,0,0
675.29166,0,0,272.6109213,267.9464844,0,0,0,0,0,0
1033.10027,0,0,722.1755371,91.41700195,229.3334636,0,0,1768.762905,0,0
1127.59926,1158.718612,0,0,0,0,3213.847348,0,0,0,0
503.20009,0,0,0,0,0,4726.866776,0,0,0,0
468.06857,381.6775097,683.2355493,228.0783963,0,0,290.7835886,313.969833,0,1175.438576,124.3426875
691.39062,0,1515.195983,0,180.5075,0,0,0,0,0,643.3477812
1203.08174,0,0,507.2607965,0,0,0,0,1272.856655,0,0
1325.84934,0,1560.763348,0,0,0,0,0,0,0,0
885.03506,0,91.58328939,143.2413194,0,820.5474827,0,0,128.6150489,956.0029439,0
1237.12274,433.3917485,0,0,0,0,0,260.3852877,0,0,0
793.36078,1321.482854,0,0,0,0,1997.614515,0,0,0,0
655.13451,0,0,0,0,1988.364323,0,0,0,2268.953521,0
635.08879,0,0,0,0,0,0,0,153.8174075,0,0
695.34817,1629.915722,0,0,0,0,747.2749795,0,0,0,0
741.00373,0,0,462.0114204,0,0,558.5193257,0,0,584.8834352,0
1039.23952,0,0,0,0,1568.4375,0,0,0,1885.549932,0
577.16834,941.6059527,0,0,0,0,2280.184159,0,0,0,0
1163.04791,0,0,2122.392578,0,0,0,0,1847.534143,0,0
579.22395,0,0,172.4456381,0,0,0,0,0,0,0
385.12351,1955.445001,0,0,0,0,979.9644325,0,0,0,0
683.08014,0,0,127.8325195,0,0,0,0,135.7043859,0,126.9465469
729.08292,0,243.2592384,984.0286866,0,0,0,0,162.0958515,0,0
847.43954,0,0,189.4241265,123.220625,0,0,0,174.9463632,0,0
1085.10675,340.8864249,0,0,0,0,435.7667814,184.7947092,0,0,0
833.02305,129.989448,250.7101946,0,0,0,0,1010.904007,0,0,0
1325.75355,0,0,0,0,0,0,0,0,0,0
497.04679,0,79.34296515,253.4870199,308.8272412,0,0,174.2087523,199.9642998,0,0
763.36679,1771.936411,238.7229199,0,81.4843213,0,2033.786801,0,0,0,0
411.12519,0,0,65.53241645,0,0,0,0,0,0,0
645.05033,0,1158.465395,0,126.2517285,0,0,0,0,0,104.4115469
743.03235,0,0,390.1119249,0,0,0,0,0,0,0
1051.59188,2127.945676,342.5438794,0,0,0,942.7866212,0,0,0,0
610.17841,972.2697387,357.1627085,198.4361844,0,0,2867.180767,0,0,0,0
1377.85754,0,184.747292,0,0,0,0,0,0,0,0
683.13435,0,0,216.7721219,0,0,0,0,0,0,0
477.18588,402.3661159,0,0,0,0,292.1408307,0,0,0,0
533.24606,1099.635958,0,0,0,0,914.756065,0,0,0,0
975.08355,0,588.1789925,588.1281603,187.5268164,0,0,0,492.5886818,0,309.8089688
1240.98437,0,0,625.2744141,0,0,0,0,819.3157635,0,0
1122.89871,0,811.7924415,0,0,0,0,1738.200321,0,0,0
627.32432,0,0,0,0,0,0,0,0,0,0
541.14494,284.0289512,0,0,0,0,0,0,0,0,0
1027.2168,0,0,0,0,1378.653537,0,0,0,1725.444548,0
1187.69192,227.4473693,0,0,0,0,991.5174239,0,0,0,0
572.92243,0,0,0,0,0,0,197.6258315,0,0,0
892.07252,0,0,937.0754395,0,0,0,191.9118386,1135.874951,0,0
749.35712,180.2768771,0,0,0,0,491.2119655,0,0,0,0
1333.77308,1838.452192,0,0,0,0,4700.391602,0,0,0,0
1051.65895,611.0324253,656.6842887,0,0,0,1108.497841,192.3025217,0,0,0
753.05846,0,0,0,0,0,0,505.6056235,0,0,0
785.23147,0,0,0,0,0,0,0,0,0,0
802.88055,0,83.24697448,0,0,0,0,0,0,0,0
599.32676,0,0,0,0,0,623.3151728,0,0,0,0
431.07346,0,0,0,0,0,0,0,0,0,0
1265.11289,0,0,1242.93023,0,0,0,0,1198.961679,0,0
1130.93779,0,0,0,0,0,0,0,142.7725104,0,0
1175.07157,0,0,681.5322672,0,0,0,0,162.174372,0,0
441.22516,0,0,128.2151015,1036.923965,173.1280708,420.4872854,0,65.89241741,0,790.5377813
857.11578,0,0,0,0,627.942882,0,0,0,356.3827275,0
706.98442,0,0,322.7656792,0,0,0,0,0,0,0
1108.98012,0,0,1105.538818,0,0,0,0,919.6238504,0,0
532.05006,1160.554584,0,449.6987034,0,0,0,0,225.5677413,0,180.8648282
1428.98913,0,0,293.1213379,0,0,0,0,346.3282239,0,0
1295.96787,0,0,1507.511068,0,0,0,0,575.5071203,0,0
727.33611,964.5407045,0,0,0,0,1077.40404,0,0,0,0
647.31626,0,0,86.27431236,496.9387988,0,0,0,0,0,1390.925125
555.30342,1840.925989,89.25037742,0,0,0,844.8227796,0,0,0,0
513.01594,0,149.9165908,0,0,0,0,0,0,0,0
1065.1167,0,0,0,0,0,0,0,0,0,0
1449.92584,0,0,458.3830566,0,0,0,0,187.2597904,0,0
657.02811,0,0,0,0,0,0,0,0,1805.230072,0
680.01761,1206.043314,0,0,92.2466992,0,0,1220.758277,0,0,0
545.09488,0,830.242619,1115.809028,0,0,0,0,0,0,0
851.49098,0,715.0155052,560.2256131,224.3118946,391.4980903,0,0,0,0,751.4306874
520.01396,0,0,0,0,0,0,0,0,1377.190161,0
827.20954,0,0,0,0,0,0,0,455.4812599,0,0
1445.01984,0,0,711.8654649,0,0,0,0,634.7753166,0,0
406.00808,0,0,0,0,0,0,0,694.3494611,0,0
651.22893,0,0,0,0,0,0,0,0,0,0
1053.56734,1068.269808,0,0,0,0,3522.516961,0,0,0,0
712.01918,280.5418539,0,0,784.7679102,0,1532.026264,0,0,0,158.3496875
999.08365,0,0,1095.907647,0,0,189.4216437,0,419.7945572,0,0
525.00762,0,0,0,0,0,0,553.9174273,0,0,0
441.04925,0,356.7043112,1248.198839,59.9289209,0,0,311.2485883,0,0,0
775.34209,417.4739353,0,0,0,0,773.9367804,0,0,0,0
821.07758,0,0,1652.558906,0,0,0,0,627.3296949,0,0
735.42388,0,694.2299415,0,0,0,0,0,0,0,0
977.1142,0,0,501.6718343,217.617959,0,0,0,0,0,277.1767187
1275.72309,964.7297082,1481.702406,0,0,0,619.8504317,0,0,0,0
399.22703,0,0,0,0,0,0,0,0,0,0
723.01898,0,0,335.8395183,0,0,0,0,0,0,0
545.03821,0,0,0,0,0,0,0,640.7774924,0,0
1261.66796,497.1500968,697.7613233,0,0,0,0,257.4064434,0,0,0
771.41133,1591.856834,0,358.1072456,0,0,502.0044717,0,672.3954583,0,0
807.33341,0,0,0,0,0,415.8729441,0,0,0,0
893.26428,0,0,259.4432509,0,0,0,0,442.2113825,0,0
1339.03222,0,0,1156.902222,0,0,0,0,2525.278475,0,0
1175.14174,0,0,0,0,558.7068577,0,0,0,2997.121235,0
810.02369,0,0,0,0,0,0,974.3259978,0,0,0
718.09411,0,458.1035037,0,0,0,0,0,161.9192173,0,0
973.58725,178.0918314,0,230.4104004,0,0,0,0,680.2979875,0,0
587.08263,0,0,0,0,0,0,0,275.500173,0,559.3271875
1295.95443,0,0,0,0,0,0,0,258.8563094,0,0
783.30053,269.9154798,0,0,0,0,0,0,0,0,0
1589.02999,0,0,820.0252008,0,0,0,0,1082.898883,0,0
1043.06617,0,0,0,0,0,0,0,93.58849019,443.6649117,0
705.37108,0,0,0,0,0,468.093493,0,0,0,0
1005.24481,0,0,0,0,2191.710927,0,0,0,538.2508775,0
715.37178,2820.231661,0,0,0,0,1455.194053,0,0,0,0
1089.06326,0,0,0,0,632.8029948,0,200.0269763,777.262312,0,0
617.32247,0,0,0,0,0,501.8335732,0,0,0,0
935.50831,0,473.9440424,0,491.4949219,0,0,291.8115331,0,0,0
417.0042,0,0,0,0,197.4720052,0,0,0,0,0
1302.98087,0,0,0,0,0,0,0,313.0068977,0,0
761.40169,305.1865321,0,0,0,0,0,0,0,0,0
779.38503,0,0,0,0,0,0,735.7462098,0,0,0
1289.75135,401.0288994,0,0,0,0,3252.199887,0,0,0,0
1256.93308,0,0,1568.043159,0,0,0,0,849.855716,0,0
827.11792,0,0,382.8769803,0,0,0,0,1532.835468,0,0
873.51864,0,644.2152031,0,0,0,0,0,0,0,0
493.06508,0,100.4521005,217.772244,115.3553711,0,0,0,0,0,0
511.11713,606.6604673,0,0,0,0,0,0,0,0,0
420.04007,0,823.6004122,0,0,0,0,800.2401377,0,362.7450181,0
495.13751,0,0,0,0,0,618.5873767,0,0,0,0
951.64213,317.7996059,0,0,0,0,315.9176346,0,0,0,0
1057.94519,0,0,193.9581842,0,0,0,0,0,0,0
617.26461,1288.585592,0,0,0,0,0,0,0,0,0
410.01329,749.4666413,0,0,0,0,0,0,0,0,892.0299376
875.08384,0,0,0,0,0,0,302.5946782,0,0,0
397.06366,0,0,0,101.0124024,0,0,0,0,0,0
891.46707,0,232.7238066,0,519.8039844,0,0,0,712.7197266,0,0
503.23306,1636.163994,0,0,0,0,973.2587376,0,0,0,0
769.0509,0,693.9106835,0,0,0,0,276.8265586,0,0,0
989.43333,474.0872165,0,0,0,0,0,0,0,0,0
731.31779,376.9786366,0,0,0,0,0,0,0,0,0
1450.97202,0,0,0,0,0,0,0,438.0231903,0,0
774.98185,0,0,1107.37934,0,0,0,0,0,0,0
780.13482,0,0,1061.282308,0,254.0372179,0,0,467.9143592,0,0
1146.88537,0,0,716.5892605,0,0,0,0,399.4599239,0,0
975.12283,0,0,781.0324572,172.2931446,0,0,0,295.3673606,0,238.3460938
871.9789,0,0,0,0,0,0,0,604.7805083,0,0
395.03975,0,740.6351791,195.4743381,0,0,0,151.44889,491.9764265,0,0
1103.93796,0,0,0,0,0,0,0,1574.317383,0,0
1067.11421,178.3123618,0,293.1317546,0,0,384.3662109,188.8968132,0,445.8964843,0
1255.01899,287.5458206,0,0,0,0,0,0,0,0,0
1070.16248,0,0,0,878.7283009,0,0,0,0,0,984.2067345
617.11576,0,0,0,51.7439258,1276.153277,0,0,0,656.1251983,0
855.34413,333.9312604,0,0,0,0,1242.575272,0,0,0,0
695.3314,0,0,0,0,0,2529.201943,0,0,0,0
1237.10214,0,0,453.1721598,0,0,0,0,1149.00581,0,0
1482.91265,0,0,0,127.4472754,231.7749783,0,0,87.73110538,0,0
1083.08957,0,0,0,0,0,0,0,0,2019.35128,0
1111.64528,0,0,0,131.0858399,0,0,0,113.3350227,0,0
614.35532,0,436.6160372,453.3092719,0,0,0,0,342.0789161,0,0
730.01574,0,0,0,0,0,0,0,0,0,0
543.24643,0,710.3255488,448.3418918,0,0,0,0,0,0,0
691.36623,0,290.6627444,0,0,0,1770.256784,497.1133973,0,0,0
1011.17159,0,0,0,0,0,0,0,0,1358.633492,0
743.11154,0,0,360.1448025,0,0,0,0,0,0,0
498.84236,0,0,454.452569,0,0,0,0,0,0,524.0904687
739.06531,0,252.8366205,0,87.268916,0,0,0,0,0,0
417.04046,0,77.92992117,0,0,0,0,0,0,0,0
877.47579,859.7690819,0,0,0,0,0,0,0,0,0
451.18102,279.633936,0,0,0,0,0,0,0,0,0
1473.00452,0,0,121.4793158,0,0,0,0,437.5306691,0,0
805.2782,0,0,0,0,0,614.1597964,0,0,0,0
423.04882,0,0,0,0,0,0,0,0,0,0
709.3303,1398.361587,0,0,0,0,2113.807309,0,114.3763227,0,0
564.11449,0,399.088334,660.19477,0,0,0,499.7442373,0,0,0
1083.5432,901.1338496,0,0,0,0,668.9609375,0,0,0,0
538.02539,2030.920216,0,0,0,0,0,0,0,0,0
1391.83257,811.7994503,0,0,0,0,1111.504703,0,0,0,0
1021.61946,0,0,566.9364285,0,0,0,0,249.445807,0,0
1174.82569,0,0,0,0,0,0,0,0,0,0
465.10025,240.4175194,0,0,0,0,0,0,0,0,0
1033.5462,951.0132052,0,0,0,0,452.8832751,0,0,0,0
412.9662,0,0,0,0,306.0767144,0,0,0,450.4810632,0
995.51358,284.6560944,0,0,0,0,474.3237562,0,0,0,0
603.34225,0,723.6219325,0,0,0,0,0,0,0,0
813.45084,274.153882,0,0,0,0,1126.25,0,0,0,0
655.29787,0,0,0,0,0,530.0828022,0,0,0,0
1457.02132,0,0,0,0,0,0,0,143.2764661,0,0
574.0394,0,784.6378451,417.0413683,0,0,0,0,1347.174941,0,0
443.24052,1035.797031,199.8164961,422.8534207,0,0,0,0,119.0791263,0,0
960.96285,0,385.6682803,0,0,0,0,0,416.5653184,0,0
729.98904,0,0,0,0,1581.721875,0,0,0,2452.609658,0
713.01406,0,0,0,0,0,1703.846012,0,0,0,130.7442969
837.37411,318.9096032,0,0,0,0,0,0,0,0,0
993.14871,0,0,0,0,0,0,0,273.8322291,0,0
983.12065,0,0,0,0,0,0,0,0,0,0
413.09618,0,0,0,0,0,0,0,0,870.2833446,0
879.28633,0,0,0,0,0,0,0,0,0,259.1372656
1278.93756,0,0,228.340549,0,0,0,0,143.3156027,0,0
1075.99587,0,0,791.6035428,0,0,0,0,734.0259592,0,0
661.27212,902.6787196,0,0,0,0,631.0343853,0,0,0,0
507.13522,0,0,0,0,0,287.3312859,0,0,0,0
1073.14287,0,0,0,0,0,0,0,0,619.2901948,0
452.06482,0,0,0,0,0,0,0,0,0,0
406.02193,0,0,377.5577257,0,0,0,0,0,0,0
857.37343,531.1437017,0,0,0,0,0,0,0,0,0
573.30406,391.85737,0,0,0,0,484.1016139,0,0,0,0
550.97938,0,601.1907593,233.4310438,0,0,222.8974353,419.1977877,456.9688118,0,0
1260.96447,0,0,322.181288,0,0,0,0,171.3487811,0,0
1033.11358,0,0,0,0,0,0,0,888.4078323,0,0
903.10308,0,0,264.4971788,0,0,0,0,0,1984.658458,0
572.04616,416.7313675,0,0,464.9975,0,0,0,0,0,1125.321469
1100.05013,1131.206686,0,0,0,0,0,0,0,0,0
781.3269,0,0,433.1140272,0,0,0,433.687848,0,0,0
779.46666,0,0,0,0,291.8788846,0,0,0,0,0
493.1811,171.7509852,0,0,0,0,257.5210989,0,0,0,0
851.0536,0,200.7427626,0,0,0,0,0,0,0,0
721.27975,0,0,567.7172988,0,0,0,0,1195.172678,0,0
1265.66607,0,0,0,1885.141943,0,0,0,0,0,404.5105313
566.06226,0,113.580138,0,0,0,0,0,0,0,0
743.37336,431.2180068,0,0,0,0,0,0,0,0,0
1017.20452,0,0,0,0,1798.541862,0,0,0,2021.275278,0
555.29417,0,0,0,0,0,0,0,0,0,0
1221.68414,1062.542001,0,0,0,0,1420.007556,483.9886487,0,0,0
1061.60006,0,0,0,0,0,0,419.2897587,0,0,0
595.31611,1654.9748,0,0,0,0,430.1703074,0,0,0,0
1145.79071,1993.019972,0,0,0,0,168.2093184,0,0,0,0
1388.96966,0,0,192.8621148,0,0,0,0,0,0,0
561.10516,1118.728913,0,0,0,0,715.1210424,0,0,0,0
919.52345,853.563226,440.0770466,0,0,0,1507.951994,0,0,0,0
417.02948,0,0,0,0,0,0,0,0,0,119.0288125
1203.18466,0,0,0,0,0,0,0,0,0,0
1067.61822,0,592.9295917,0,0,0,0,0,0,0,0
487.29292,453.2247304,0,0,0,0,1155.66874,0,0,0,0
675.26648,0,0,0,0,0,0,0,0,0,344.8747813
557.13448,0,0,0,0,0,0,0,442.518394,0,0
1177.76469,856.9681969,319.1081888,0,0,0,527.1205797,206.5540107,0,0,0
411.01454,0,123.2945025,0,0,0,0,0,0,0,0
523.16153,0,0,0,0,0,0,2834.241549,0,0,0
833.05359,0,0,0,0,244.3161241,0,0,0,0,0
1231.6984,0,717.7789734,0,0,0,622.3155839,0,0,0,0
1071.07134,0,0,347.9303928,0,0,0,0,0,0,238.070375
557.09547,0,517.9951112,338.6006809,187.9539844,0,0,309.2587407,0,0,0
1129.05845,0,0,552.8713515,0,0,0,0,1279.49534,0,0
823.47997,0,567.9737346,0,124.4168262,0,0,317.6694191,165.2685053,0,0
619.37148,0,137.3801164,0,0,0,0,0,0,0,0
895.50839,0,741.2034605,0,0,0,0,623.6937654,0,0,0
1289.82409,0,442.3222776,0,0,0,0,251.1993348,0,0,0
561.0904,502.7370368,0,0,0,0,1686.880191,0,0,0,0
1296.94217,0,0,392.6766765,0,0,0,0,1407.380785,0,0
1111.05127,0,0,1031.871908,0,0,0,0,0,0,0
1221.63864,707.276203,0,0,0,0,0,0,0,0,0
647.22296,0,0,1226.55797,0,0,0,0,654.7517059,0,0
971.36907,0,0,1051.675917,0,0,0,0,333.1336778,0,0
1537.1157,0,0,1384.211073,0,0,0,0,467.1823823,0,0
455.12308,170.7712596,0,0,0,0,561.2386153,0,0,0,0
731.42398,730.5230227,0,0,0,0,866.8467311,0,0,0,0
770.12077,0,89.93232963,0,0,0,0,0,0,0,0
611.09803,87.43443204,348.7765169,0,0,0,0,0,666.2319522,0,0
965.51996,780.708656,0,0,0,0,0,0,0,0,0
384.97303,0,0,0,0,0,0,464.3195776,0,0,0
555.09393,0,0,0,0,0,0,0,0,0,0
1221.13577,0,0,0,805.2174562,0,0,0,0,0,333.7405938
1083.07258,0,0,0,0,0,0,0,0,990.3770381,0
833.37376,0,0,0,0,0,0,0,0,0,0
708.02715,0,0,0,0,0,0,446.1845993,0,0,0
569.16119,0,0,0,0,0,0,0,0,0,0
840.08537,489.4653104,387.7564944,0,0,0,640.8885176,392.1550897,0,0,0
722.08208,0,0,0,0,0,0,0,0,0,1757.2135
435.20626,0,156.1553993,304.1620008,212.5384864,0,0,0,0,0,259.5229922
493.25766,802.664944,0,0,0,0,1145.262027,0,0,0,0
764.02201,0,146.8792178,390.1889377,0,0,0,137.6250677,987.9019729,0,0
522.05798,1088.7696,0,0,0,0,1060.78197,0,0,0,0
497.16838,1113.145188,0,0,0,0,1915.009458,0,0,0,0
871.32988,0,0,0,0,0,0,0,0,0,0
683.25041,0,0,0,0,0,0,0,0,0,0
1260.939,0,0,767.3396403,0,0,0,0,657.4055701,0,0
525.13542,0,0,0,0,0,0,0,199.9511472,0,0
576.08245,492.1939384,91.82107337,0,0,0,236.4053762,0,0,0,420.4176562
782.99573,0,0,0,0,0,0,1191.637415,0,0,0
1303.79355,0,0,0,0,0,0,0,0,0,0
905.9674,0,0,341.3626302,0,0,0,0,0,0,0
414.97633,0,629.0052245,0,0,0,0,0,0,0,0
1302.9158,0,0,318.9498698,0,0,0,0,219.1361749,0,0
390.02981,0,0,0,117.8931641,257.7692926,0,0,0,0,0
829.13456,0,0,0,370.3998047,0,0,0,295.1325653,0,562.1339375
977.47294,0,0,0,0,0,0,0,0,0,0
1041.97225,0,0,476.8244358,0,0,0,0,906.8526009,0,0
1083.05993,0,0,0,0,0,0,0,0,1228.17731,0
644.10591,0,0,0,0,0,0,0,766.2321994,0,187.8424375
1031.10823,0,0,465.7547201,0,0,0,0,0,0,0
1157.85191,0,0,910.1983235,0,0,0,0,1219.163543,0,0
749.46353,1889.831686,0,0,0,0,485.8312346,0,0,0,0
1269.01527,0,0,162.4089627,0,0,0,0,184.7321375,0,0
1276.04056,256.4105883,0,0,0,0,1791.697651,0,0,0,0
1481.9209,0,0,0,0,0,0,0,0,0,0
943.09716,0,0,0,0,0,0,0,282.6769804,0,0
1019.02856,0,0,657.1485189,0,0,0,0,0,0,0
1163.11909,0,0,460.4146593,0,0,0,0,141.2704954,0,0
474.95145,0,146.7644987,0,556.8473682,0,0,0,0,0,0
536.01349,0,0,0,208.2065235,0,0,0,0,0,0
421.08946,0,171.1400618,0,0,0,0,0,187.2035082,0,0
967.54415,0,0,0,201.0704199,0,0,0,0,0,0
453.16567,0,0,237.2199436,0,0,0,0,0,0,0
545.05413,0,610.8864072,0,0,0,0,0,0,0,0
893.07294,0,0,1329.869765,0,0,0,0,0,0,0
980.90545,145.9215812,286.9018046,0,0,0,0,0,0,0,0
702.88173,0,0,0,0,0,0,0,144.4854258,0,0
763.06456,0,350.6028566,0,0,0,0,1643.439356,0,0,0
893.14546,0,0,807.0252821,0,0,0,0,473.6332575,0,0
611.06586,0,0,370.620931,0,0,0,903.5374768,1080.617126,0,0
1171.65242,528.8033048,0,0,0,0,0,0,0,0,0
809.10848,0,0,0,0,566.8994358,0,0,0,278.6942368,0
1089.52865,0,0,206.0958117,0,0,0,0,0,0,0
601.09171,0,0,0,0,0,0,0,0,0,238.3883282
810.00225,0,291.4826496,0,0,0,0,842.1670792,354.9486996,0,0
673.35317,0,0,0,0,0,0,0,107.9503066,0,0
1411.97996,0,0,790.2820096,0,0,0,0,713.6593775,0,0
394.1152,0,999.4432515,0,0,0,0,0,0,0,0
859.5435,0,0,372.8070068,0,0,0,0,799.3461728,0,0
997.03225,0,0,0,0,0,0,0,119.837903,0,0
940.02438,360.5765349,101.7590707,301.5406088,0,0,1277.315712,0,291.436474,0,0
1278.97382,0,0,0,0,0,0,0,343.3997478,0,0
519.28771,0,0,0,0,0,1278.591797,0,0,0,0
418.02827,0,0,138.9764676,0,0,0,0,0,0,0
489.27062,0,0,0,0,0,0,0,0,0,0
961.12427,0,0,0,0,349.7857204,0,0,0,431.7790138,0
564.11963,0,0,0,0,0,0,0,0,606.3397306,0
1091.04149,0,0,735.5856526,0,0,0,0,592.7580474,0,0
893.20286,0,0,457.8018528,0,0,0,0,0,0,0
727.41205,662.5258227,0,0,0,0,268.9211812,0,0,0,0
407.05761,0,0,0,238.9533155,0,0,0,181.7604826,0,911.2102422
811.40885,245.0402205,0,0,0,0,0,0,0,0,0
683.22267,0,0,0,0,0,0,0,150.0736749,367.0940897,0
1377.80776,704.4562362,0,0,0,0,2052.436678,0,0,0,0
463.182,211.3549675,0,0,0,0,229.6904039,0,0,0,0
829.32469,0,0,0,0,0,0,0,0,0,0
1387.82114,0,0,268.3035482,292.034336,0,0,0,0,0,283.157125
622.99638,0,0,385.9236925,0,0,0,0,998.7582575,0,0
1589.0577,0,0,959.4045003,0,0,0,0,691.9681196,0,0
1549.0656,0,0,1156.69652,0,0,0,0,690.5888425,0,0
691.13186,0,0,0,119.8172168,0,0,0,211.2851068,0,0
480.06747,310.0927129,0,0,235.5792969,0,619.6380551,0,0,0,0
569.21117,0,0,227.3283692,0,0,0,0,0,0,0
695.42676,889.9646709,0,0,0,0,1309.773874,0,0,0,0
939.55236,0,0,232.1388075,0,0,0,0,1248.423791,0,0
791.98879,0,0,0,0,0,452.5935958,0,0,0,0
497.11168,0,0,146.6706136,0,0,0,1276.324315,282.2299125,0,0
911.99046,0,0,0,0,1489.699544,0,0,0,521.6841033,0
849.99562,0,0,0,0,0,0,0,0,930.4532383,0
607.09718,0,0,0,0,0,0,0,297.1649278,0,0
1423.3226,0,0,0,0,525.7483507,0,0,0,423.4003341,0
749.12243,0,0,0,0,0,0,0,0,0,0
737.27826,0,0,593.0392931,0,0,0,0,426.601785,0,0
1129.14212,0,0,606.5458985,0,0,0,0,0,0,0
432.05831,0,0,320.8939616,0,0,739.1017682,0,0,0,0
1245.71674,0,764.1981403,0,0,0,1517.807566,0,0,0,0
780.89402,0,286.1935152,0,0,0,0,367.6627088,0,0,0
723.35847,0,0,0,74.70441895,0,0,0,0,0,0
1231.28497,0,0,0,0,1087.403212,0,0,0,0,0
1389.02966,0,0,378.5604519,0,0,0,0,579.6833589,0,0
543.26793,0,590.451052,0,0,0,0,604.1288289,0,0,0
407.19906,812.7121992,0,0,0,0,749.6627518,0,0,0,0
1537.12805,0,0,809.6323514,0,0,0,0,735.3596222,0,0
847.4288,0,0,156.4498969,0,0,873.7678866,0,0,0,0
1165.69057,384.2021052,0,0,0,0,1128.554533,0,0,0,0
1021.68474,0,402.4573787,0,0,0,0,330.5192219,0,0,0
793.40187,1491.936843,0,0,0,0,0,0,0,0,0
791.47799,643.2811809,492.3881087,0,0,0,0,0,0,0,0
763.94805,483.8816718,0,497.1109212,0,0,0,355.6796392,141.2175509,0,0
857.39366,0,0,0,0,0,437.82206,0,0,0,0
771.10844,0,0,0,0,0,0,0,106.8083218,0,339.8123281
741.96754,0,0,0,0,0,0,0,0,448.6687048,0
763.4626,77.42338737,0,0,0,0,0,0,0,0,601.58275
1337.72568,262.296149,194.2586273,0,0,0,1844.532458,453.3758509,0,0,0
731.28849,771.1830752,0,0,0,0,695.873715,0,0,0,0
935.46848,0,0,0,0,0,0,0,0,0,0
939.56643,687.7985343,0,0,0,0,0,0,0,0,0
793.20726,223.1773887,0,1019.806342,0,0,0,998.8546953,350.8220987,0,0
561.07998,1063.313848,0,0,0,0,0,0,0,0,0
1428.9467,0,0,813.8091634,0,0,0,0,784.5359845,0,0
973.03797,0,0,520.535319,0,0,0,0,769.5334256,0,0
845.32381,1491.773645,0,0,0,0,341.199707,0,0,0,0
489.19728,442.2950774,0,0,0,0,1052.523617,0,0,0,0
749.39558,0,0,0,0,0,771.9717825,0,0,0,0
418.04435,0,198.0344972,0,0,458.742882,0,535.1647587,0,0,0
1293.67812,168.4660018,576.4900547,0,0,0,2236.552529,0,0,0,0
611.08118,0,0,742.2991536,0,0,0,687.7493426,218.0614616,0,0
372.13176,0,0,0,0,0,0,0,0,0,0
1435.0326,0,0,165.0247124,0,0,0,0,575.3100895,0,0
1073.13998,0,0,0,0,0,0,0,0,0,0
763.48667,0,0,462.9894206,0,0,0,0,0,437.3825294,0
573.22578,0,0,0,0,0,1489.969984,0,0,0,0
407.17442,267.9592091,0,0,0,0,469.3831722,0,0,0,0
1072.012,0,307.1753739,0,158.6690918,0,0,0,497.0975079,0,0
1143.59185,0,0,0,0,0,268.405402,0,0,0,0
1151.05481,0,0,808.7177734,0,0,0,0,765.176115,0,0
675.35849,0,0,633.5152724,0,0,0,408.3985536,361.6087816,0,0
811.31991,1066.063278,0,0,0,0,1195.748664,0,0,0,0
841.27366,0,0,0,0,395.0011719,0,0,0,1618.694888,0
708.04738,0,0,0,0,503.3229167,0,0,163.3566678,986.9396513,0
636.95508,0,0,0,0,0,0,0,0,0,0
1050.98507,0,0,0,0,0,0,0,0,0,0
627.29595,398.7136339,0,0,0,0,342.1551707,0,0,0,0
1245.78618,0,0,355.5448812,318.3505762,0,0,0,1170.633529,0,122.8710156
1203.09601,0,0,614.5060222,0,0,0,0,656.3523538,0,0
833.34071,201.4268011,0,0,0,0,0,0,0,0,0
947.53964,0,0,0,0,0,0,0,118.888573,0,0
725.13714,0,0,229.2754178,0,0,0,0,0,0,0
761.14497,0,0,0,0,0,0,226.4636449,0,0,0
514.73385,0,0,532.8783366,0,393.1932726,0,365.4978342,0,0,350.8357187
585.19852,1166.807557,0,0,0,0,0,0,0,0,0
1443.94642,0,0,846.7122667,54.9475342,0,0,0,412.5398537,0,442.3839375
599.03586,671.525719,0,0,0,0,0,0,0,0,0
608.99948,0,0,0,0,0,0,0,251.3221667,0,0
563.35138,0,0,0,0,0,1096.611431,0,0,0,0
1433.97604,0,0,121.6821832,0,0,0,0,0,0,0
881.15324,0,0,0,123.3481739,0,0,0,0,0,0
475.14411,365.8478291,0,0,0,0,882.0485712,0,0,0,0
1100.0008,1310.245437,0,0,0,0,0,0,0,0,0
1373.04429,0,0,256.0983073,0,0,0,0,0,0,0
1276.77208,664.4759403,0,0,0,0,0,188.3360729,0,0,0
965.555,377.9540238,0,0,0,0,558.7791941,0,264.8325257,0,0
785.0327,0,0,0,0,0,405.4572625,0,0,0,0
451.20117,250.0543245,0,0,0,0,710.3007299,0,0,0,0
373.99277,501.4108131,0,189.1056451,0,0,0,0,134.4341129,0,0
809.03231,0,0,0,0,0,372.3040193,0,0,0,0
893.34613,716.8432833,0,0,0,0,810.4839638,0,0,0,0
613.10479,515.4750069,0,198.537028,0,0,0,0,0,0,0
529.19511,0,0,0,0,0,0,0,0,0,0
1071.09272,0,0,285.8447808,0,0,0,0,0,0,0
1153.76184,652.0407564,0,0,0,0,884.2759817,0,0,0,0
515.30197,0,0,0,0,0,578.3073088,0,0,0,0
989.189,0,0,0,0,338.0280382,0,0,0,0,0
383.26307,306.5429688,0,0,0,0,0,0,0,0,0
1211.76578,607.5222794,0,0,0,0,1326.342208,0,0,0,0
962.93076,1002.830424,195.0180334,0,0,0,304.0241313,0,113.9305281,0,0
631.24695,0,0,0,0,190.030447,0,0,0,0,0
1449.99483,0,0,427.4152833,0,0,0,0,528.0621415,0,0
865.14552,0,0,133.913642,0,0,0,0,0,0,0
1599.03082,0,0,674.1379395,0,0,0,0,464.0654173,0,0
754.9688,0,0,0,0,0,0,433.6932241,0,0,0
659.20236,0,0,139.3621419,0,0,0,0,0,0,0
1050.96208,0,0,0,0,0,0,227.5875812,0,0,0
632.95247,0,0,566.7422417,0,0,0,0,1133.848991,0,0
907.45869,515.5672532,0,0,0,0,872.0102283,0,0,0,0
919.10347,0,0,0,0,2044.785851,0,0,0,0,0
797.23733,0,0,0,0,607.7769098,0,0,0,2439.414006,0
1303.71824,0,0,0,0,0,1476.85588,0,0,0,0
1069.1208,296.5778139,125.4337615,269.5133735,0,0,0,224.2855044,0,0,811.467875
1076.01349,0,557.0951998,0,0,0,0,327.8261912,0,0,0
705.36043,622.217713,0,0,0,0,0,0,0,0,0
839.09354,0,98.23878454,0,146.5600879,0,0,1335.359568,0,0,0
503.9805,0,0,0,0,0,295.3424908,469.083965,0,0,0
1095.10674,0,0,450.4758029,0,0,0,0,0,0,0
1077.75058,376.6607094,411.0102809,0,0,0,0,0,0,0,0
977.01553,0,0,116.2226427,0,0,0,0,0,0,0
544.92371,0,0,513.5882704,0,0,0,510.6034576,0,283.0640568,0
1109.73756,416.3271225,363.1593415,0,0,0,0,291.7594562,0,0,0
1248.98532,0,188.3860118,0,0,0,0,0,0,0,0
441.05424,0,228.5283623,99.40752493,0,0,0,165.2383779,249.8396027,0,86.24194528
1401.13475,0,604.8229007,0,0,0,0,633.0257,0,0,0
719.39454,0,634.8375671,0,0,0,0,0,481.4597632,0,0
1185.67823,713.5930241,0,0,0,0,1321.950016,0,0,0,0
532.97892,0,0,0,0,0,0,0,0,0,241.7282031
1061.1069,0,0,0,0,565.2880209,0,0,0,656.6110733,0
889.3837,344.161539,0,0,0,0,0,0,0,0,0
1089.33815,0,0,0,0,1512.407563,0,0,0,215.2817171,0
797.1525,0,0,0,0,1491.924045,0,0,0,0,0
545.10843,0,0,0,0,0,0,0,932.8975475,0,0
544.96621,0,476.737826,413.599311,0,0,0,0,219.559286,0,0
1537.15996,0,0,0,149.8417383,527.2891059,0,0,0,0,0
393.95297,0,0,173.5299751,0,0,198.7280787,0,112.4871563,0,0
765.11422,0,686.817928,0,0,0,0,232.2483369,0,0,0
917.98476,402.7698769,202.4991852,0,0,0,0,0,0,0,0
883.09862,0,0,240.0164117,0,769.3283203,0,0,0,612.4564086,0
792.14261,0,0,308.4925673,0,0,0,400.8041073,0,0,0
1253.07253,0,0,0,0,0,0,0,0,0,0
951.89546,0,657.1179305,314.9044325,0,0,0,0,107.6839522,0,0
647.2751,0,288.8000204,0,0,242.3770182,244.5762747,0,200.2446846,0,0
1510.94629,0,0,298.5492622,0,0,0,0,174.9250643,0,0
771.15739,0,0,596.6276719,0,0,0,0,146.8914532,0,0
825.22489,0,0,0,0,1259.492535,0,0,0,0,0
1175.12869,0,0,0,0,0,0,0,142.1506749,490.9774117,0
1303.00597,0,0,326.5562608,0,0,0,0,260.5301622,0,0
610.07003,0,384.6207103,193.2717963,0,0,0,0,481.7633505,0,0
1255.78597,0,119.327394,0,0,0,0,0,0,0,0
767.17111,0,0,523.3207058,0,0,0,0,200.2276874,0,0
1011.30518,0,0,0,0,0,0,0,0,2073.207428,0
515.24838,0,0,0,0,0,735.5552014,0,0,0,0
1231.68481,824.5387859,0,0,0,0,0,162.6371442,0,0,0
651.05419,0,0,0,0,0,0,0,0,224.7176319,0
1143.00809,0,0,0,0,0,0,0,290.8309929,0,0
997.05533,0,0,0,0,0,0,226.2268719,0,0,0
829.46837,0,165.1613664,0,0,0,0,0,0,0,0
965.12597,0,0,318.3614909,0,0,0,0,237.7513597,0,385.1024687
1285.95278,0,0,154.8677301,0,0,0,0,193.0709306,0,0
599.25065,855.1339879,0,0,0,0,0,0,0,0,0
1435.05571,0,0,0,0,0,0,0,204.8524402,0,0
875.48086,0,279.0480493,178.1824138,0,0,456.8281764,0,163.0015328,0,0
437.24478,0,149.8719925,0,0,0,0,0,798.6865358,0,0
683.41039,588.2979121,0,0,0,0,601.1109683,0,0,0,0
874.95823,0,0,444.0614149,0,434.3119358,0,0,368.2600376,0,0
1181.19184,0,0,0,0,924.4507594,0,0,0,711.8241055,0
1643.40506,0,0,0,0,284.123763,0,0,0,353.5859375,0
706.06969,0,0,0,0,356.2710938,0,0,0,496.1009397,0
895.45053,627.3887928,149.2723112,0,0,0,797.9462634,0,0,0,0
434.10424,0,0,0,104.1210938,248.2703126,0,389.8386835,0,0,224.8130938
943.47579,853.4960419,0,0,0,0,509.7820724,0,0,0,0
1297.01529,0,0,0,0,217.5041667,0,0,0,0,0
966.11824,0,0,158.0965305,145.7459375,0,0,433.6308787,197.9502942,0,263.0339375
1062.94937,0,0,0,0,0,0,219.6471805,0,0,0
1295.94099,0,0,381.6374512,0,0,0,0,0,0,0
1085.056,0,0,312.6257867,0,0,0,0,208.5760977,0,0
1061.2092,0,0,0,0,0,0,0,0,407.1136493,0
879.21367,0,0,674.1254748,0,0,0,0,430.0495699,0,0
1017.22745,0,0,0,0,1427.131207,0,0,0,0,0
1238.15123,0,0,346.965115,308.8088867,0,0,0,509.4808396,0,0
517.14847,0,0,0,96.61592775,0,0,322.9090153,0,0,0
781.10236,0,0,577.801256,0,387.9842014,0,0,0,421.8695935,0
837.00003,0,0,0,0,0,0,0,129.3455548,0,0
956.90249,0,0,0,0,0,0,203.1968209,0,0,0
874.98445,0,0,0,0,0,0,1549.448871,0,0,0
1108.99829,0,0,366.0619982,0,0,0,0,682.8872009,0,0
422.20976,0,0,1386.29362,0,0,0,0,373.290892,0,0
1549.03818,0,0,859.8990072,0,0,0,0,658.6316258,0,0
869.30154,0,0,0,0,334.955599,0,0,0,295.5988451,0
480.01913,0,0,0,0,0,0,0,0,0,0
418.05534,0,0,271.6623264,0,1086.4,0,0,0,0,0
1259.70254,0,0,0,0,0,0,0,0,0,0
612.97615,899.0079854,0,0,0,0,0,0,0,0,0
921.59547,899.6459832,0,0,0,0,0,0,0,0,0
1079.07702,0,0,0,0,0,0,0,0,0,0
815.49919,198.2688918,0,215.001336,0,0,330.7738743,0,246.1176572,0,0
1469.8749,0,0,418.9541965,0,0,0,0,1037.598114,0,0
1061.1897,0,0,0,0,796.4300781,0,0,0,0,0
1024.99761,0,0,0,0,0,0,0,669.3614765,0,0
582.02356,0,845.1126344,0,0,0,0,0,0,0,0
1621.43692,0,0,0,0,1080.464909,0,0,0,613.8003851,0
1280.88399,0,0,713.4147678,0,0,0,0,0,0,0
987.10435,0,0,0,54.39624025,0,0,0,0,0,0
1320.98826,238.0265833,0,0,0,0,0,0,0,0,0
468.08974,0,0,0,0,0,983.39908,0,0,0,0
474.07808,0,0,235.088189,0,0,0,0,169.6873887,0,0
851.43987,103.340924,0,546.0346273,0,0,0,0,0,0,0
618.95471,0,0,0,0,0,0,0,0,0,0
935.09153,0,0,0,0,451.713151,0,0,0,0,0
725.0803,0,0,0,0,0,0,0,0,0,0
929.08587,0,0,0,0,0,0,0,305.7405805,0,0
983.55087,0,0,249.2962782,94.6804785,0,0,0,341.4836086,0,0
1155.62332,796.8306831,0,0,0,0,684.8360917,0,0,0,0
933.63144,0,0,350.6210938,526.3943164,310.4932292,0,0,231.8788321,0,0
968.89607,0,0,0,0,0,0,0,537.6433446,0,0
386.9641,0,187.8216066,150.1028239,0,340.962717,0,0,0,0,0
923.9901,385.2364145,0,123.7707384,0,0,0,0,0,0,0
915.24632,0,0,146.0736626,0,0,0,0,0,0,0
551.27658,564.5430379,112.1076975,0,0,0,0,0,0,0,0
1261.03298,0,0,359.154324,0,0,0,0,361.5227205,0,0
1053.55485,0,0,0,0,0,1665.287778,0,0,0,0
485.16672,0,0,0,0,361.5905599,0,0,0,0,0
975.12683,0,0,299.0860731,0,210.7125651,0,0,400.8816876,355.8013474,319.4595625
815.45915,341.7235204,0,0,0,0,379.7810187,0,0,0,0
1095.08597,0,0,196.5521647,0,0,0,0,0,0,0
823.4278,0,0,0,0,0,0,0,0,0,341.0621875
824.94589,0,0,310.8569336,0,0,0,0,0,0,0
1434.91034,0,0,777.4228244,0,0,0,0,203.3196573,0,0
571.96355,0,196.7944426,215.204834,0,281.0784939,0,209.0332225,0,358.9767041,0
1084.6553,0,0,0,0,0,0,0,0,0,0
1320.79454,920.5559147,140.6403255,0,0,0,786.1688168,144.4459603,0,0,0
563.2179,0,0,0,0,0,360.2421361,0,0,0,0
885.07962,0,0,0,239.4991602,0,0,0,0,0,0
1205.71891,912.340587,0,0,0,0,772.8126028,0,0,0,0
825.0292,0,0,0,0,0,0,135.2289797,0,0,0
1373.0287,0,0,472.0158149,0,0,0,0,438.9061016,0,0
650.10883,0,0,0,0,1067.74822,0,0,0,0,0
811.13861,440.6512375,0,0,0,0,0,427.2947478,0,0,0
669.28162,0,0,0,0,0,399.6545025,0,0,0,0
494.96487,0,0,0,417.8519629,0,0,0,0,0,0
1073.11261,0,0,0,0,0,0,0,0,0,0
781.32352,0,0,0,0,334.9844618,0,0,0,0,0
509.2009,0,0,0,0,0,306.8218545,0,0,0,0
847.15386,0,0,0,0,650.1333333,0,0,0,733.4381794,0
783.48381,0,0,0,0,0,520.6249743,0,0,0,0
789.12739,209.5795596,0,0,0,0,0,0,0,0,0
731.20856,422.4208034,0,0,109.8139649,0,535.3817846,0,144.0026206,0,0
1379.06039,0,197.4976455,201.0303955,0,0,0,0,192.1445559,0,0
532.09133,575.1394842,0,0,0,0,0,0,0,0,0
1039.30275,0,0,0,0,0,0,0,0,1489.87217,0
1045.61291,0,0,0,0,0,0,0,0,0,0
383.20442,1224.093698,0,0,0,0,333.1678659,0,0,0,0
1185.1305,0,0,266.1138238,0,0,0,0,173.1912208,0,0
628.02209,0,0,0,0,0,0,0,0,0,0
976.10194,146.0029038,116.5709715,175.0917833,268.0813379,0,0,0,170.1462001,0,0
1465.86184,0,0,0,182.1261719,0,0,0,551.3807358,0,0
724.92158,0,0,0,0,0,0,0,587.9682308,0,0
1287.04906,0,0,0,0,0,0,0,0,0,0
1418.97995,0,0,171.388699,0,0,0,0,0,0,0
877.41464,0,0,0,0,0,0,0,0,0,0
837.23979,0,0,102.8168742,0,0,0,0,0,0,0
1130.12362,594.0388551,0,0,0,0,0,0,0,0,0
1045.14157,0,0,525.9763319,0,192.402691,0,0,160.142232,246.4370471,0
644.15266,349.6316718,0,0,0,0,0,0,0,0,0
837.41741,297.0882536,0,0,0,0,0,0,0,0,0
675.4089,0,0,0,0,0,0,0,0,0,0
517.36787,0,536.2661043,0,0,0,0,0,0,0,0
743.14164,0,0,0,157.7291992,0,0,0,0,0,0
1009.10081,0,0,0,0,0,0,0,434.1731606,0,0
1057.12266,0,0,100.137424,87.3779004,0,0,0,0,0,0
676.96582,0,0,0,0,0,0,0,0,0,1008.078516
1265.65532,0,0,0,431.9823536,0,0,0,0,0,0
785.24227,0,0,0,0,0,0,0,0,0,0
1088.95007,0,0,576.5410563,0,0,0,0,394.3901429,0,0
797.27351,433.6263481,0,0,0,0,0,0,0,0,0
1419.87365,283.6556796,237.3914158,0,0,0,803.8938374,0,0,0,0
1319.00301,0,0,0,0,0,0,0,374.1218725,0,0
791.00838,0,0,0,0,0,0,0,234.8565318,0,0
939.01948,0,174.1427219,0,0,0,0,296.0466043,167.4551523,0,0
637.29485,0,0,0,0,0,0,0,0,0,0
1231.06502,0,0,0,0,0,0,0,589.7426078,0,0
567.10289,685.4698562,0,0,0,0,0,0,0,0,0
1027.55924,1229.478274,0,0,0,0,0,0,0,0,0
424.08946,0,0,158.9746229,0,0,0,0,313.5041288,0,0
1007.13987,0,0,0,0,0,0,0,105.1535181,0,0
923.1335,0,0,0,0,0,0,0,0,259.2842787,0
899.42058,0,0,0,0,0,916.9784129,0,0,0,0
785.4868,0,291.1646377,0,0,0,0,0,0,0,0
1276.00296,410.4512583,0,0,0,0,569.5557284,0,0,0,0
1027.56861,0,114.596434,0,0,0,404.7586349,227.3777459,0,0,0
681.13229,0,0,0,0,0,0,0,0,0,0
801.21568,0,0,0,0,0,0,236.1905748,0,0,0
909.16503,0,0,490.9791803,119.4762305,0,0,0,0,0,0
505.13462,0,0,167.9835748,0,832.5877603,0,0,0,375.7734941,0
1111.06277,0,0,0,0,0,0,0,0,0,0
825.54374,0,664.0052243,0,0,0,0,0,0,0,0
1068.11791,166.1182073,0,0,0,0,320.1100432,0,0,289.9668817,0
849.25616,0,0,0,0,0,437.2558593,0,0,0,0
771.13981,0,0,231.1670193,0,0,0,0,0,0,0
600.17093,0,0,0,0,0,0,0,0,0,0
657.10486,0,125.1479821,0,0,0,0,0,0,0,0
975.13458,0,0,0,168.0219532,0,0,267.7338529,0,0,517.128625
467.22152,0,0,0,0,0,0,0,86.7481581,0,0
1215.66214,0,0,0,0,0,0,0,0,0,0
811.11593,0,0,160.6113688,0,0,0,0,191.6685868,0,0
1091.96135,0,0,300.1040717,0,0,0,0,138.9877126,0,0
596.9995,0,0,0,0,0,0,388.5499691,0,0,0
919.47989,0,0,0,91.7089551,0,0,0,0,0,0
551.13261,0,0,164.2821588,0,0,0,945.0763459,0,0,0
542.03297,0,0,0,0,0,0,0,364.0219789,0,0
1107.00313,0,0,0,0,0,0,0,0,0,0
703.10024,0,0,0,0,0,0,0,279.4802463,0,0
383.17846,704.3243397,0,0,0,0,900.2042043,0,0,0,0
903.56179,0,0,251.710734,0,0,0,0,332.1079658,0,0
983.53109,0,292.6432252,0,0,0,0,357.1796875,0,0,0
799.47867,207.0553616,0,0,0,0,0,0,0,0,0
945.03235,0,0,0,0,0,231.8197471,0,0,0,0
1189.01722,0,0,0,0,0,0,0,0,285.5496772,0
471.24757,0,0,0,0,0,0,0,0,0,0
1431.84638,0,0,0,219.7805469,0,0,0,0,0,0
1094.02441,0,0,0,0,0,947.0279605,0,0,0,0
852.9953,0,592.8727952,0,0,0,0,0,0,0,0
718.12082,0,0,179.1383328,0,0,0,0,288.0436487,0,0
599.01523,706.8272954,0,0,0,0,613.9804688,0,0,0,0
1289.71601,0,0,0,138.4625196,0,0,0,658.5097038,0,0
625.2655,0,102.7442485,221.8437025,0,0,0,0,84.26793658,0,0
983.0981,0,0,0,0,0,0,0,0,0,63.63726172
454.05178,0,0,0,0,0,0,0,140.4232224,0,0
1171.67416,0,0,0,0,0,1035.384252,0,0,0,0
709.18437,0,0,0,0,0,0,0,128.4632615,0,0
982.12891,0,0,0,251.6775098,281.5782552,0,0,0,0,194.1724218
762.08625,0,0,0,70.8068799,0,0,0,127.2023833,0,96.62182032
713.13587,0,0,0,0,0,947.5374178,0,0,0,0
733.46856,726.019151,197.1473291,0,0,0,293.6073962,0,0,0,0
1391.81302,0,0,0,0,0,991.0779195,0,0,0,0
727.42744,381.6145603,0,0,0,0,0,0,0,0,0
604.05212,0,0,0,0,0,0,0,0,0,378.8711562
1213.03571,0,0,487.3623047,0,0,0,0,225.2156596,0,0
593.28412,207.1871543,0,0,0,208.1678386,0,0,0,0,0
1051.58123,0,0,98.17409938,234.918086,0,0,0,360.2880859,0,0
1363.73454,861.7959243,0,0,0,0,943.678968,0,0,0,0
1391.76368,0,0,0,0,0,0,0,0,0,0
1277.86146,301.686921,89.81439319,0,0,0,578.776637,0,0,0,0
959.92136,0,435.1332439,257.1993544,0,0,0,0,127.8755192,0,0
972.88226,0,0,0,0,0,0,299.2188467,0,0,0
763.26171,0,0,0,171.1976172,0,0,0,0,0,0
433.00546,0,0,0,0,701.9882596,0,0,0,0,0
951.04852,0,0,0,0,0,0,319.7944771,0,0,0
1372.98878,0,0,255.1786024,0,0,0,0,152.6958688,0,0
1055.10313,0,0,0,0,0,0,0,135.3149228,0,0
748.11416,0,0,0,0,0,1474.091695,0,0,0,0
410.11955,0,0,0,0,0,0,0,706.0524377,0,0
1379.04948,0,0,782.4032389,0,0,0,0,127.4686635,0,0
1065.54717,0,0,188.6930339,0,0,0,0,0,0,0
789.49589,0,567.0471626,0,0,0,0,0,0,0,0
564.06339,0,0,0,241.6385743,0,0,0,0,0,0
695.20037,756.9080217,0,0,0,0,337.1332237,0,0,0,0
603.31929,0,151.7145921,0,105.0609864,0,0,0,0,0,228.2744844
610.05378,0,0,0,0,0,0,0,0,0,0
969.05846,0,0,224.981703,0,0,0,0,0,0,0
836.07983,0,0,358.2394749,0,0,0,0,467.1744462,0,0
933.3776,493.4878665,0,0,0,0,0,0,0,0,0
965.0806,0,0,0,0,0,0,539.9470336,0,0,0
1039.25022,0,0,0,0,0,0,0,0,0,0
645.0962,0,309.3561158,0,0,0,0,0,0,0,0
687.35791,828.9573424,0,0,0,0,0,0,0,0,0
473.26895,0,0,0,0,249.6241753,0,0,0,237.708107,0
793.34571,0,0,0,0,0,989.3224712,0,0,0,0
797.05214,0,0,0,0,0,0,0,0,0,0
1178.77808,623.5078471,0,0,0,0,0,0,0,0,0
703.98615,0,0,0,0,0,0,0,0,1248.505916,0
1237.09036,0,0,563.4479845,0,0,0,0,0,0,0
1421.8251,0,0,0,569.3894531,0,0,0,0,0,0
1009.53691,173.0122891,0,0,0,0,493.8915501,0,0,0,0
441.04186,0,0,0,0,0,0,0,0,0,0
523.20299,705.0008296,0,0,0,0,0,0,0,0,0
1333.75444,537.088945,0,0,0,0,619.6167249,350.796875,0,0,0
595.0972,0,0,0,0,0,0,0,230.4555232,0,0
1007.60952,0,591.7222009,0,0,0,0,0,0,0,0
1027.11388,0,0,0,0,0,0,0,312.0894977,0,0
858.09507,0,0,0,0,0,0,0,0,710.67012,0
1174.8489,0,0,353.3539497,0,0,0,0,356.8126607,0,0
937.04651,0,0,0,0,0,0,0,0,0,0
723.25063,234.4805034,0,0,0,0,0,0,0,0,0
991.03615,0,0,229.7785374,0,0,0,0,0,0,0
551.18436,0,0,0,0,0,1259.038291,0,0,0,0
1045.50662,0,0,199.543891,0,0,0,0,0,0,0
1072.11935,0,0,204.9083794,0,0,0,0,0,0,0
788.01439,0,0,300.7067328,0,0,0,0,0,0,0
440.04992,0,63.36019577,485.1553819,0,0,0,479.2646194,0,0,0
532.07079,590.8295769,181.5694258,0,0,0,0,0,0,0,0
1230.0406,0,0,552.6182183,0,0,0,0,0,0,0
1413.32332,0,0,0,0,929.8746528,0,0,0,0,0
809.13322,0,0,0,0,319.5909071,0,0,0,0,0
995.98632,0,0,413.7506239,0,0,0,0,75.63187304,0,0
814.11386,0,0,0,0,0,0,0,0,752.0092278,0
777.13701,0,0,0,0,0,535.0948808,0,0,0,0
858.1095,0,0,0,0,0,0,0,628.7746242,0,0
434.04105,0,377.0195672,0,0,0,0,0,0,0,0
1299.07219,0,179.9631003,0,0,0,0,525.0750117,0,0,0
526.08401,0,123.8120687,206.5892334,0,0,0,0,0,0,0
906.04198,0,0,0,0,0,0,0,315.0558742,0,0
553.41506,259.3623134,0,0,0,0,924.9169922,0,0,0,0
415.14207,0,0,0,0,0,0,0,305.9010211,0,0
780.0588,0,0,0,0,0,0,0,169.7209751,0,0
559.30379,0,520.966725,0,0,0,0,490.3642868,0,0,0
691.40255,0,223.5246837,0,0,0,0,0,0,0,0
1276.75839,0,0,0,0,0,412.5929533,0,0,0,0
526.02773,930.7851912,0,0,0,0,0,0,0,0,0
1076.0062,0,0,308.9851346,0,0,0,0,0,0,0
1305.71675,0,0,0,0,0,0,0,0,0,0
649.1771,0,0,0,0,457.4363281,0,0,0,0,0
876.99,0,0,0,0,0,0,0,267.0171825,0,0
771.4026,628.6843888,0,0,0,0,0,0,0,0,0
719.33096,0,0,344.3108724,0,0,0,0,0,0,0
1538.17612,0,0,0,0,501.1858073,0,0,265.7214696,0,0
971.87337,0,0,170.9753418,0,0,0,0,337.247503,0,0
795.29628,0,0,0,0,0,0,0,199.9131354,0,0
1181.16385,0,0,0,0,299.8693142,0,0,0,0,0
1041.98581,0,0,0,0,0,0,0,0,0,0
582.0423,0,0,0,0,0,0,0,0,0,0
871.3523,0,0,0,0,0,365.0629368,0,0,0,0
1183.01849,149.276808,0,0,0,0,0,0,0,0,266.716875
1026.05909,0,0,257.8288032,0,0,0,0,444.8679787,0,0
827.25952,539.8076777,0,0,0,0,0,0,0,0,0
781.14502,0,0,0,0,0,0,0,0,382.4748642,0
458.11528,0,0,243.7749566,0,0,0,0,0,0,0
663.10308,0,0,0,0,0,0,0,0,0,0
1249.64995,0,0,0,0,0,1599.51763,0,0,0,0
670.97158,0,0,0,238.3103906,0,0,0,0,0,0
560.07856,0,0,0,125.8631641,0,0,0,0,0,0
516.73483,0,0,128.2923584,0,0,0,0,0,0,262.3775938
1039.39291,0,0,0,0,0,0,0,0,0,0
1238.78628,437.5384057,237.3938243,0,0,0,0,0,0,0,0
1064.93788,0,152.0464077,0,0,0,0,212.285659,0,0,0
600.9256,0,0,0,0,0,211.6462017,0,0,0,0
793.08802,0,0,0,0,0,228.8709909,0,0,0,0
512.08538,0,0,569.7537028,0,0,0,151.9089379,0,0,0
636.02458,0,0,0,0,0,379.8162521,0,0,0,0
1300.90627,0,0,152.8359375,0,0,0,0,0,0,0
1201.73526,439.4892146,0,0,0,0,1077.113384,0,0,0,0
1045.25869,0,0,186.7693278,0,0,0,0,0,0,0
1155.02056,0,0,168.7311198,0,0,0,0,0,0,0
565.94,0,0,0,0,0,0,0,0,0,0
1072.02408,0,0,349.2054308,0,0,0,0,0,0,0
1402.16052,0,0,0,0,0,0,397.4815517,0,0,0
1333.77124,0,0,0,0,0,0,0,285.8204608,0,0
869.18189,0,0,0,0,0,0,0,0,0,0
661.20493,0,0,0,0,0,556.9630449,0,0,0,0
1264.88883,0,0,515.8638644,0,0,0,0,0,0,0
487.07988,0,0,0,0,196.7424913,0,0,395.2605073,0,0
537.28409,449.5717817,0,0,0,0,0,0,0,0,0
1177.66571,249.7814747,0,0,0,0,0,0,0,0,0
975.15562,0,0,0,0,0,0,0,492.6460394,0,0
616.06247,0,0,214.6061605,0,0,0,0,158.0633159,0,0
385.13985,335.0044248,265.9705234,0,0,0,0,0,0,0,0
921.52454,483.2698424,0,0,0,121.8830187,0,0,0,0,0
519.2203,0,0,0,0,0,320.3868729,0,0,0,0
949.90804,0,112.2774037,205.1483154,0,0,0,0,0,0,0
823.28981,0,169.6592097,0,0,0,0,0,126.1388697,0,172.7078125
779.36407,0,0,0,0,0,0,0,0,0,0
414.0333,0,201.5481212,0,0,0,351.2607936,0,0,0,0
416.0041,0,0,0,0,0,0,213.8725635,0,0,0
753.33893,0,0,0,0,0,0,0,0,0,0
1416.91715,0,0,351.9280192,188.7790039,0,0,0,0,0,0
764.07397,0,0,0,0,0,704.5389083,0,195.700183,0,0
1033.13372,0,0,0,0,537.7144966,0,0,0,0,0
1319.88218,321.2703609,0,0,0,0,524.5348992,0,0,0,0
1266.14315,0,0,0,0,0,0,0,0,0,0
553.22985,206.1485066,0,0,0,0,0,0,0,0,0
921.57691,0,0,0,0,0,0,0,0,0,0
1237.16302,0,0,271.4182129,0,0,0,0,243.7382071,0,0
735.27026,0,0,0,0,0,0,0,0,0,523.1338125
1418.98434,0,219.8114336,0,0,0,0,0,0,0,0
1027.51884,633.8355746,0,0,0,0,0,0,0,0,0
771.1966,0,0,0,0,0,0,0,372.0751088,0,0
1141.6196,526.1304964,0,0,0,0,0,0,0,0,0
1113.02897,0,0,0,0,0,0,0,173.876743,0,0
1247.10887,0,0,0,84.87588865,408.7426866,0,0,0,0,0
990.14698,0,0,0,0,0,0,0,515.8327235,0,0
685.13718,0,0,365.7846138,0,0,0,0,0,0,0
1582.91694,0,0,0,0,0,0,0,207.8050336,0,0
1249.10304,0,0,0,0,0,0,0,284.1980073,0,0
709.13132,0,0,0,0,0,0,270.5809483,147.7809534,0,0
1095.29012,0,0,0,0,0,0,0,0,227.1019871,0
1215.07996,0,0,254.7129178,0,0,0,0,0,0,0
1471.92179,0,0,0,0,0,0,0,301.8734425,0,0
821.11124,0,0,0,0,0,0,0,164.8779297,0,0
1145.77907,174.9764415,0,0,0,0,0,0,0,0,0
1217.68952,0,0,0,559.4515235,0,0,0,0,0,0
1137.01617,0,0,221.6513265,0,0,0,0,0,0,0
657.12241,318.8177544,0,0,0,0,0,0,0,0,0
412.06765,0,0,102.9982774,0,0,0,0,166.6063711,0,0
883.13619,0,0,0,0,0,0,0,0,440.2393286,0
644.03851,0,0,0,0,0,0,0,0,0,0
548.05624,0,0,0,151.6593555,0,0,0,0,0,0
578.09329,0,0,229.4525825,0,0,0,0,0,0,0
907.42641,203.9164996,0,0,0,0,0,0,0,0,0
1347.79057,260.1756257,0,0,0,0,587.2136103,0,0,0,0
1412.95842,0,0,0,0,0,0,0,380.1157783,0,0
572.07268,0,0,383.4727105,0,0,0,0,0,0,0
797.21357,382.3667381,0,0,0,0,0,0,0,0,0
1027.17901,558.0340501,0,0,0,0,0,0,0,0,0
981.13764,0,0,0,0,0,0,0,173.9256947,0,0
800.01699,0,0,0,0,0,0,0,359.3471247,0,0
1232.7551,253.292865,0,0,0,0,396.9341334,0,0,0,0
1045.15,0,68.72353693,312.915446,0,0,0,0,0,0,0
650.35068,972.2088634,0,0,0,0,0,0,0,0,0
1041.15181,0,0,93.9203966,0,0,0,0,253.8712483,0,0
919.23359,0,0,0,0,0,0,0,254.5343898,0,288.1629687
570.91569,0,0,120.6367459,0,0,0,0,0,0,0
1275.78619,0,295.7415165,0,0,0,0,151.2574935,0,0,0
606.99217,0,0,0,0,0,0,414.6968595,0,0,0
1582.05763,0,0,0,0,0,0,0,403.7915719,0,0
1588.94833,0,0,207.0269776,0,0,0,0,436.8769902,0,0
603.4323,0,0,0,0,0,0,308.7947671,0,0,0
719.43207,0,0,351.5777724,0,0,0,0,0,0,0
837.2503,0,0,0,0,0,0,0,0,0,0
961.06674,0,0,203.1045193,0,0,0,0,243.213657,0,0
1100.06166,0,0,0,171.0077149,0,0,0,0,0,0
1377.79305,453.3881015,0,0,0,0,0,336.6602336,0,0,0
1276.05645,0,0,0,156.974336,0,0,0,0,0,0
933.01706,0,0,211.6195068,0,0,0,0,0,0,0
764.51588,0,0,0,0,0,0,0,0,0,0
635.19102,322.0316303,0,0,0,0,0,0,0,0,0
687.26636,0,0,0,0,0,0,0,0,0,0
989.41795,0,0,0,0,0,0,0,0,0,0
639.89736,0,0,0,0,0,0,0,0,518.9861726,0
691.16329,0,0,0,0,0,0,0,0,0,155.5982813
863.27416,0,0,0,0,0,0,0,0,0,0
678.02874,0,0,0,0,0,0,412.5888768,0,0,0
983.56506,0,125.6905315,0,126.7477637,0,199.7720883,0,0,0,0
1259.3985,0,0,0,0,554.8530382,0,0,0,0,0
703.20387,0,0,0,0,0,0,259.4010868,0,0,0
767.30664,292.4873479,0,0,0,0,0,0,0,0,0
859.45974,0,0,331.5624186,0,0,0,0,140.6710839,0,0
826.07432,0,0,321.3206109,0,0,0,0,141.4689354,0,0
603.23946,0,0,0,0,0,0,0,0,0,0
1183.02166,0,0,0,0,0,0,0,0,316.7353374,0
929.07314,0,0,393.3529731,0,0,0,0,285.2662925,0,0
1089.10187,0,0,0,0,0,0,0,0,551.9470675,0
414.05623,0,0,0,0,0,363.7843596,0,0,0,0
1367.17224,0,0,0,0,588.8003254,0,0,0,0,0
758.0474,0,0,0,0,0,0,791.5969988,0,0,0
1538.15328,0,0,459.1968858,0,0,0,0,0,0,0
667.20117,0,0,0,0,0,0,0,134.6354332,0,0
1394.86977,0,0,0,0,0,0,0,198.3104727,0,129.104961
392.06472,0,0,0,139.0111133,0,0,0,0,0,0
1247.09203,0,0,145.5968831,0,0,0,0,0,0,0
811.13372,0,0,0,0,0,0,0,0,403.7925442,0
649.97323,0,144.8152919,0,0,0,0,0,0,0,0
704.10751,0,0,0,0,0,0,0,318.5544156,0,0
1150.74377,0,0,175.972602,0,0,0,0,0,0,0
1589.36998,0,0,0,0,276.3441623,0,0,0,0,0
901.10487,0,0,0,0,0,486.9228001,0,0,0,0
573.30724,0,0,0,0,0,0,0,0,0,0
1434.92085,0,0,0,0,0,0,0,141.1834825,0,0
822.99584,0,0,0,0,0,0,231.004467,0,0,0
388.10233,0,0,0,0,0,0,0,0,0,0
973.08682,0,0,0,0,0,0,0,385.7262906,0,0
847.26957,0,0,0,0,0,0,0,0,0,0
919.13319,0,0,0,0,0,0,0,145.4772424,0,0
846.07776,0,0,124.627889,0,0,0,161.1333443,0,0,0
1274.01085,0,0,0,0,0,0,0,241.0827977,0,0
735.30182,0,329.1834979,0,0,0,0,0,0,0,0
1387.91822,0,0,0,0,0,0,0,0,0,0
487.09711,417.0441787,0,0,0,0,0,0,0,0,0
568.00388,0,0,0,0,153.9512696,0,0,125.7793092,0,0
616.93178,0,0,0,0,305.8511719,0,0,0,0,0
566.28782,178.0481541,0,0,0,0,0,0,0,0,0
1020.06507,0,0,0,0,257.6411459,0,0,0,0,0
718.15934,0,0,0,0,0,0,0,178.3318335,0,0
1344.94548,0,0,147.8855794,0,0,0,0,0,0,0
989.23215,0,0,0,0,0,0,0,0,899.1885757,0
1039.11626,0,0,0,0,0,0,0,0,0,0
1598.99709,0,0,160.558431,0,0,0,0,192.7194175,0,0
839.1372,0,0,0,0,0,0,0,0,532.6638926,0
925.19541,0,0,0,0,0,0,0,0,0,0
1095.17622,0,0,0,0,0,0,0,0,0,0
895.16102,0,0,166.1404351,0,0,0,0,0,0,0
718.1384,0,0,129.1067166,0,163.2556749,0,0,166.9024303,0,0
1428.91479,0,0,395.1980523,0,0,0,0,0,0,0
1303.04337,0,0,0,0,0,0,0,109.1785503,0,0
1277.11029,0,0,0,0,0,0,0,188.4781448,0,0
1587.98788,0,0,407.3215603,0,0,0,0,0,0,0
924.06179,0,0,0,151.2982227,0,0,0,0,0,0
840.00668,257.7676127,0,0,0,0,0,0,0,0,0
373.02088,0,0,121.6922336,0,0,0,412.0403002,0,0,0
1231.32795,0,0,0,0,560.0411459,0,0,0,0,0
1212.9555,0,0,198.813246,0,0,0,0,0,0,0
408.03887,0,0,203.2030165,0,0,0,0,0,0,0
1253.96691,0,115.5208853,0,0,0,0,0,0,0,0
533.18146,0,0,0,0,0,278.3835578,0,0,0,0
781.07987,0,0,0,203.7796485,0,0,0,0,0,0
1085.95062,0,149.3270466,0,0,0,0,0,0,0,0
1018.66638,0,0,0,0,0,0,529.5660195,0,0,0
1357.16109,0,0,220.445733,136.7563868,0,0,0,111.5646385,0,0
765.13878,0,0,0,0,0,0,0,0,0,0
516.29079,0,0,219.7728407,0,0,0,0,189.4144581,0,0
810.50765,0,0,0,0,0,0,0,0,0,483.4401563
431.06895,0,0,0,0,0,0,0,166.6635928,0,0
900.07044,0,121.7567461,0,0,0,0,0,0,0,0
512.10316,0,0,156.8763428,153.1589063,0,0,0,0,0,0
1290.84415,0,0,0,0,0,0,0,256.7441901,0,0
392.24388,0,0,0,0,0,0,0,366.0312006,0,0
677.47767,0,334.4827214,0,0,0,0,0,0,0,0
1344.86186,0,238.1226515,0,0,0,0,0,0,0,0
1051.55363,0,0,0,109.8162305,0,0,0,166.4226785,88.20776722,0
1033.32889,0,0,0,0,0,0,0,0,0,0
1289.68659,0,0,0,0,0,0,189.4634321,0,0,0
1299.05899,0,0,0,0,0,299.8309262,0,0,0,0
975.14164,0,0,283.4552951,0,0,0,0,0,0,0
1337.71471,0,0,0,0,0,925.8249383,0,0,0,0
851.39881,0,0,0,0,0,538.3429276,0,0,0,0
1173.71168,0,0,0,0,0,0,222.0633702,0,0,0
1015.15435,0,0,157.1430664,0,0,0,0,183.3115358,0,0
547.00744,0,146.5116948,0,0,0,0,0,0,0,0
1255.82299,0,0,0,0,0,0,0,0,0,0
513.31414,0,353.6970859,0,0,0,0,0,0,0,0
943.93034,0,0,331.3473036,0,0,0,0,0,0,0
1206.80938,344.8300954,0,0,0,0,0,0,0,0,0
763.32928,0,0,0,0,0,0,0,0,0,0
1147.09525,0,0,0,0,0,0,0,259.0578273,0,0
744.07769,0,0,0,0,0,0,312.5932859,0,0,0
455.15132,214.4941406,0,0,0,0,0,0,0,0,0
1219.0779,0,0,0,0,0,0,0,0,0,0
396.02935,0,144.7250887,0,0,0,0,0,0,0,0
895.39441,0,0,209.0910374,0,0,0,0,0,0,0
1339.05026,0,0,262.6811252,0,0,0,0,268.1851266,0,0
1016.09551,0,0,206.1320394,0,0,0,0,0,0,0
1093.67916,0,0,0,0,0,0,0,304.8326987,0,0
1261.19264,0,0,209.2718642,0,0,0,0,0,0,0
600.20514,0,0,0,0,0,0,337.402305,0,0,0
1299.90834,0,0,0,0,0,0,324.6335473,0,0,0
1275.69626,0,0,0,213.0916602,0,0,0,0,0,151.7789062
826.10403,0,0,0,0,0,0,0,0,0,0
909.18553,0,0,202.2097846,0,0,0,0,0,0,0
1027.23556,0,0,0,0,299.0259331,0,0,0,0,0
1113.69739,0,0,0,0,0,0,0,0,0,0
693.20904,0,0,216.3504367,0,0,0,0,0,0,0
1108.06169,0,0,182.652398,0,0,0,0,0,0,0
936.98591,0,0,0,0,0,0,0,0,0,0
918.01473,0,0,241.2918837,0,0,0,0,0,0,0
1265.08529,0,0,217.2863905,0,0,0,0,0,0,0
522.06903,498.235412,0,0,0,0,0,0,0,0,0
829.27609,0,0,0,0,0,0,0,0,687.0595562,0
853.1922,0,0,0,0,236.5008247,0,0,0,0,0
1101.74692,0,0,0,0,0,235.0846012,0,0,0,0
1230.05885,0,0,350.7119954,0,0,0,0,0,0,0
963.17355,0,0,183.2448459,0,0,0,0,0,0,0
971.01921,0,0,235.4905599,0,0,0,0,0,0,0
1235.06271,0,0,236.7064616,0,0,0,0,0,0,0
918.05467,0,0,220.3745931,0,0,0,0,0,0,0
1431.11058,456.503647,0,0,0,0,0,0,0,0,0
943.43802,0,0,0,0,0,564.0372122,0,0,0,0
599.0551,204.6203333,0,0,0,0,0,0,0,0,0
377.16321,179.5886165,0,0,0,0,0,0,0,0,0
1202.01143,0,306.7513061,0,0,0,0,0,0,0,0
731.14272,0,132.4394651,0,0,0,0,0,0,0,0
1258.04887,0,0,0,0,413.7910807,0,0,0,0,0
797.26284,368.0271709,0,0,0,0,0,0,0,0,0
1381.72492,272.3923188,0,0,0,0,330.4523797,0,0,0,0
1113.04065,0,0,0,0,0,0,0,446.5332525,0,0
1106.72248,0,0,142.531033,0,257.2417969,0,0,0,0,0
727.45266,0,0,314.7247992,0,0,0,0,0,0,0
1175.08906,0,0,176.6014133,0,0,0,0,132.3376434,0,0
950.12545,0,0,0,0,0,0,0,259.2325578,0,0
1162.78794,0,0,0,0,0,342.6209653,159.4214109,0,0,0
1264.93092,0,0,0,0,0,0,0,212.4801227,0,0
1072.05933,0,0,0,0,0,0,0,277.8856556,0,0
1071.98955,0,0,0,0,273.0316189,0,0,0,0,0
507.98089,0,0,227.364719,0,0,0,0,0,0,0
893.28007,0,0,0,0,0,317.9974301,0,0,0,0
1017.44247,0,0,0,0,382.0468316,0,0,0,0,0
930.61532,0,0,278.8583984,0,0,0,0,0,0,0
1097.61835,0,0,0,0,0,0,0,0,0,0
1457.11121,0,0,106.4283447,0,0,0,0,0,0,0
918.03072,0,228.0734039,0,0,0,0,0,0,0,0
1249.09773,0,75.29787552,0,0,0,0,0,122.9274501,0,0
1199.7292,299.3892768,0,0,0,0,0,0,0,0,0
1333.73426,0,0,0,131.7878223,0,0,0,221.6183742,0,0
979.16069,0,0,203.1172824,0,0,0,0,0,0,0
1185.05857,0,0,0,0,0,0,0,283.0900415,0,0
1218.02762,0,0,0,0,0,0,0,229.9408871,0,0
572.08686,0,0,0,0,243.3089627,0,0,0,0,0
1350.98788,0,0,0,0,0,0,0,0,0,0
965.60474,0,253.0024683,0,0,0,0,0,0,0,0
647.25934,0,0,0,159.631543,0,0,0,0,0,0
1231.39057,0,0,0,0,0,0,0,0,565.7828917,0
1109.63046,0,0,0,0,0,286.5498818,0,0,0,0
1151.07217,0,0,0,0,0,0,235.1824915,0,0,0
919.15643,0,0,0,97.77356445,0,0,0,0,0,0
1033.3143,0,0,0,0,0,0,0,0,680.7990262,0
1247.98522,0,0,0,0,0,0,0,0,0,0
1425.74409,0,95.14151172,0,0,0,629.1245375,0,0,0,0
624.2731,0,0,133.8517117,0,0,0,0,133.0569991,0,0
878.01803,0,0,0,0,0,0,361.2069152,0,0,0
1411.96287,0,0,0,0,0,0,0,0,0,0
706.02023,0,0,0,0,423.6866753,0,0,0,0,0
1139.6135,0,0,0,0,0,308.3636154,0,0,0,0
1282.97392,0,0,0,0,0,0,0,290.1415892,0,0
468.11348,0,0,0,0,0,0,0,0,0,0
907.23853,0,0,130.4495849,0,0,0,0,246.2057642,0,0
1209.12548,0,0,0,0,0,0,0,0,0,0
935.3516,0,0,0,0,0,0,0,0,0,0
631.28669,0,0,146.6737739,0,0,0,0,0,0,0
1164.02917,0,0,379.2963053,0,0,0,0,0,0,0
895.11058,0,0,0,0,0,0,0,219.8369017,0,0
1005.52639,255.5856955,0,0,0,0,0,0,0,0,0
971.34078,0,0,0,0,0,0,0,165.1283005,0,0
923.10168,0,0,0,143.0701514,0,0,0,171.213212,0,0
913.123,0,0,0,0,0,0,0,0,0,0
1237.32375,0,0,0,0,198.8808593,0,0,0,0,0
1493.89483,0,0,113.2475857,0,0,0,0,106.2688019,0,0
1204.01075,0,0,0,0,0,0,0,329.778036,0,0
1007.8416,0,0,152.0214708,0,0,0,0,110.8270866,0,0
1304.79475,0,0,0,0,0,437.2272821,0,0,0,0
779.34733,0,0,0,0,0,0,0,137.279507,0,0
1139.62581,0,0,0,0,0,0,0,131.8989691,0,0
1071.66702,0,0,0,0,0,387.484118,0,0,0,0
439.16454,0,0,0,0,0,0,0,0,0,215.3733282
804.50789,0,0,0,0,0,327.5956261,0,0,0,0
784.1268,0,0,0,0,0,0,0,140.2703595,0,0
379.08759,0,53.20719901,0,75.5126416,0,0,0,0,0,0
1040.69409,170.8970029,0,0,0,0,0,0,0,0,0
384.06727,0,0,0,0,0,356.8925267,0,0,0,0
1284.94019,0,0,0,0,0,0,178.9035427,0,0,0
1249.81837,0,84.67391798,0,0,0,278.2531609,0,0,0,0
1074.1677,0,0,0,0,231.1500434,0,0,0,0,0
1185.14935,0,0,0,0,0,0,0,176.1343701,0,0
1281.94963,0,0,0,0,0,0,0,201.4401701,0,0
1033.38331,0,0,0,0,0,0,0,0,458.755548,0
386.99039,0,0,0,0,0,0,412.194887,0,0,0
829.3363,438.4847552,0,0,0,0,0,0,0,0,0
1387.9332,0,0,0,0,428.8840278,0,0,0,0,0
1081.08453,0,0,300.8188747,0,0,0,0,0,0,0
1450.015,0,0,154.6128472,0,0,0,0,169.9724708,0,0
428.16925,0,0,0,0,201.695855,0,0,116.4370303,0,0
1418.90643,0,0,218.7756212,0,0,0,0,0,0,0
1265.61066,0,134.4275666,0,0,0,0,0,0,0,0
618.02403,0,0,0,0,0,0,0,0,0,0
672.07305,0,0,0,0,0,0,0,0,0,0
410.98306,0,0,0,0,0,0,0,0,0,0
801.26058,0,0,0,0,0,0,0,208.3533178,0,0
1018.84311,0,0,0,0,0,0,0,57.83360735,0,0
663.13933,0,0,0,128.4383106,0,0,0,0,0,0
606.22277,265.4032426,0,0,0,0,0,0,0,0,0
1113.92245,0,0,229.2905613,0,0,0,0,0,0,0
940.62827,0,0,255.3321397,0,0,0,0,0,0,0
976.08428,0,156.9040093,0,0,0,0,0,0,0,0
1587.91542,0,0,0,0,0,0,0,0,0,0
1299.08575,0,0,0,0,0,0,0,243.5258913,0,0
1543.02287,0,0,136.0020617,0,0,0,0,0,0,0
1366.82955,0,0,0,0,0,0,0,0,0,0
971.28907,0,0,230.3561469,0,0,0,0,0,0,0
563.17308,290.541828,0,0,0,0,0,0,0,0,0
1431.02082,0,0,0,0,0,0,0,0,0,0
1073.2326,0,0,0,0,0,0,0,0,0,0
1412.02671,0,0,0,0,0,0,0,188.780533,0,0
956.09062,0,0,0,0,0,0,178.4962871,0,0,0
1017.23879,0,0,0,0,0,0,0,0,481.9802423,0
1589.07107,0,0,0,0,0,0,0,204.3731087,0,0
1264.94962,0,0,282.7118327,0,0,0,0,0,0,0
587.31899,0,0,0,0,0,0,0,127.6791189,0,0
1021.39136,187.2715881,0,0,0,0,0,0,0,0,0
786.49031,0,0,0,0,0,0,0,0,0,0
440.01006,0,0,0,0,0,0,255.6032836,0,0,0
824.08977,0,0,0,0,0,0,0,135.3414878,0,0
706.03485,0,0,0,0,349.1997613,0,0,0,0,0
989.23591,0,0,0,0,0,0,0,0,0,0
751.40946,0,0,0,0,239.9221137,0,0,0,0,0
903.48547,0,0,130.3796115,0,0,0,0,156.6747923,0,0
1201.97436,0,0,0,0,0,0,184.2496519,0,0,0
947.11307,0,0,119.4448785,92.74905275,0,0,0,0,0,0
1193.14585,0,0,0,0,0,0,0,118.3046999,165.8462975,0
947.15643,0,0,0,0,0,0,0,179.776874,0,0
626.12412,0,0,0,0,0,0,0,0,0,0
975.22639,0,0,0,0,0,0,0,0,0,289.3599375
1549.07777,0,0,157.1514485,0,0,0,0,0,0,0
430.28585,0,0,241.6160278,0,0,0,0,0,0,0
413.94531,281.4957827,0,0,0,0,0,0,0,0,0
1250.03263,0,0,0,0,0,392.6740851,0,0,0,0
936.59681,0,0,0,0,0,0,0,0,0,217.8457969
975.27147,265.2670942,0,0,0,0,0,0,0,0,0
968.65378,0,0,0,0,0,329.3958162,0,0,0,0
1159.6632,160.2016731,0,0,0,0,0,124.6893661,0,0,0
996.6166,0,0,0,129.9716602,0,0,0,0,0,0
646.03386,0,158.1525115,0,0,0,0,0,0,0,0
826.08517,0,0,0,0,0,0,0,148.7969121,0,0
1582.04253,0,0,188.4059245,0,0,0,0,0,0,0
1156.97937,0,0,244.808865,0,0,0,0,0,0,0
903.2935,0,0,136.1021051,0,0,0,0,0,0,0
1092.03335,0,137.9579299,0,0,0,0,0,0,0,0
990.07663,0,150.2638156,0,0,0,0,0,0,0,0
1147.16158,0,0,154.7113037,0,0,0,0,0,0,0
885.32703,0,0,204.1978217,0,0,0,0,0,0,0
1111.55861,0,164.7428106,0,0,0,0,0,0,0,0
893.30699,0,0,0,0,0,0,0,0,0,0
1291.01865,0,0,0,0,0,0,0,0,0,0
411.18063,0,0,0,0,0,0,0,0,0,0
1284.1297,0,0,0,60.09285155,0,0,0,114.4569323,0,0
810.88645,0,0,98.05666097,0,0,0,0,0,0,0
1372.77215,0,0,0,0,0,0,0,85.43550981,0,0
900.11194,0,0,0,0,0,0,0,0,0,0
1485.82225,0,0,0,0,0,0,0,0,0,0
847.32568,0,0,142.0921631,0,0,0,0,0,0,0
1405.83687,225.0983649,0,0,0,0,0,0,0,0,0
1002.66977,0,145.7720236,0,0,0,0,0,0,0,0
1286.05315,0,0,152.8766683,0,0,0,0,0,0,0
1100.57445,0,0,0,0,0,0,0,0,0,0
948.03491,0,0,106.6554701,0,0,0,0,107.0258109,0,0
680.05434,0,0,0,0,0,0,0,0,0,215.8575782
1383.10937,0,0,141.2830675,0,0,0,0,77.15231285,0,0
1333.07488,0,0,0,0,0,0,0,145.7650193,0,0
379.02678,119.8628232,0,91.08283826,0,0,0,0,0,0,0
811.15208,0,0,111.2555542,0,0,0,0,0,0,0
1265.17686,0,0,181.569119,0,0,0,0,0,0,0
1463.89575,0,0,0,98.0852539,0,0,0,0,0,0
1105.98106,0,0,0,0,0,0,0,145.4370056,0,0
1202.02664,0,152.6158095,0,0,0,0,0,0,0,0
879.15813,0,0,0,0,0,0,0,0,0,234.0008125
794.20805,0,0,144.8629693,0,0,0,0,0,0,0
504.22791,0,0,0,0,0,0,0,0,0,0
1237.08274,0,0,160.6671685,0,0,0,0,0,0,0
568.01485,0,0,0,0,0,0,222.102278,0,0,0
937.37095,207.6595686,0,0,0,0,0,0,0,0,0
1059.75152,0,138.5659988,0,0,0,0,0,0,0,0
965.00211,0,115.8426716,0,0,0,0,0,0,0,0
1328.84592,0,148.4593439,0,0,0,0,0,0,0,0
544.27359,223.6652896,0,0,0,0,0,0,0,0,0
1109.67812,327.0710384,0,0,0,0,0,0,0,0,0
771.4619,0,0,0,0,0,438.693565,0,0,0,0
1009.10631,0,0,0,0,162.8873156,0,0,0,0,0
1121.4635,112.4326345,0,0,0,0,0,0,0,0,0
480.08479,0,0,0,0,0,0,0,0,0,155.3156562
1196.03921,0,147.6697062,0,0,0,0,0,0,0,0
421.16728,172.1856851,0,0,0,0,0,0,0,0,0
1452.37357,0,0,0,0,0,0,0,0,0,0
990.71386,0,0,0,0,0,0,0,0,0,0
1262.80338,0,0,0,0,203.5900824,0,0,102.7682518,0,0
728.04074,0,0,0,0,0,0,0,0,0,0
618.10145,0,0,0,114.8760059,0,0,0,0,0,0
920.00173,0,0,0,0,269.1717448,0,0,0,0,0
1581.9684,0,0,0,0,0,0,0,0,0,0
806.0102,0,124.5080042,0,0,0,0,0,0,0,0
986.86803,0,0,0,0,0,0,0,0,0,0
1061.14893,0,0,0,0,0,0,0,92.47382443,0,0
1283.12744,0,85.46096147,0,0,0,0,0,0,0,0
1100.95241,0,132.6038272,0,0,0,0,0,0,0,0
1181.73249,0,122.2766248,0,0,0,0,0,0,0,0
1184.98437,0,0,0,0,0,0,189.1626122,0,0,0
1288.08635,0,127.0973926,0,0,0,0,0,84.32318658,0,0
948.09672,0,0,0,0,0,0,0,159.923482,0,0
1175.10372,0,0,231.0272624,0,0,0,0,0,0,0
501.95838,0,0,0,0,0,0,253.4966739,0,0,0
1333.14378,0,0,148.6752794,0,0,0,0,0,0,0
735.49806,0,0,0,0,172.1752821,0,0,0,0,0
424.13159,0,0,0,0,0,0,0,0,0,148.2359375
1093.60672,0,0,0,0,0,0,0,0,0,0
1529.8825,0,0,0,128.6193067,0,0,0,0,0,0
455.33028,0,0,0,0,0,270.0130551,0,0,0,0
934.064,0,0,0,0,0,0,0,120.2766268,0,0
704.15061,0,0,152.6595188,0,0,0,0,0,0,0
1013.12947,0,0,0,0,0,0,0,0,0,0
1162.88889,0,0,0,0,0,0,0,134.4449911,0,0
1029.21568,0,0,0,0,290.1038629,0,0,0,0,0
1310.70526,196.0929031,0,0,0,0,0,0,0,0,0
750.04365,0,0,0,0,0,0,155.8015354,0,0,0
1549.01445,0,0,0,0,0,0,0,146.1259518,0,0
936.02608,0,0,0,0,0,0,0,0,0,0
758.20843,147.5140521,0,0,0,0,0,0,0,0,0
1509.15422,0,0,0,67.051001,0,0,0,0,0,0
945.35338,202.0462182,0,0,0,0,0,0,0,0,0
1271.99614,0,0,0,0,0,0,0,0,0,0
1129.71742,0,0,0,0,0,0,0,0,0,100.4932422
1542.81885,0,0,77.35378688,0,0,0,0,0,0,0
1292.65021,228.0859029,0,0,0,0,0,0,0,0,0
998.15399,0,0,0,0,0,0,0,119.4521113,0,0
1367.0861,0,0,123.3149414,0,0,0,0,0,0,0
602.18113,0,0,138.1150988,0,0,0,0,0,0,0
991.60971,0,0,0,0,0,0,0,100.762652,0,0
888.0226,0,0,0,77.15265135,0,0,0,0,0,0
1565.98464,0,0,0,0,0,0,0,0,0,0
920.11592,0,0,0,96.4094824,0,0,0,0,0,0
877.60047,0,0,118.1649577,0,0,0,0,0,0,0
1225.81519,0,0,0,0,0,0,0,111.0130167,0,0
1263.8665,0,0,100.6260851,0,0,0,0,0,0,0
1285.02855,0,0,102.4464111,0,0,0,0,0,0,0
859.43577,179.8427821,0,0,0,0,0,0,0,0,0
826.13727,0,82.73301503,0,0,0,0,0,0,0,0
1599.04479,0,0,0,0,0,0,0,112.5231656,0,0
1475.04487,164.2277205,0,0,0,0,0,0,0,0,0
611.9246,0,77.79595834,0,0,0,0,0,0,0,0
1061.16447,0,0,0,0,0,0,0,0,0,117.89025
963.91398,0,100.0267926,0,0,0,0,0,0,0,0
1361.10535,0,0,92.34097632,0,0,0,0,0,0,0
796.10269,0,0,100.7202284,0,0,0,0,0,0,0
854.21249,0,0,0,0,0,0,0,0,0,0
1167.73989,131.5864992,0,0,0,0,0,0,0,0,0
1074.1135,0,0,0,0,0,0,0,111.1493894,0,0
1053.50365,174.4542312,0,0,0,0,0,0,0,0,0
530.00655,0,0,0,0,0,0,0,0,186.0442,0
1542.79628,0,0,0,0,0,0,0,82.94937329,0,0
1435.11768,0,0,101.9127197,0,0,0,0,0,0,0
798.53292,0,0,124.6137967,0,0,0,0,0,0,0
564.16605,0,0,0,0,0,0,0,96.0631181,0,0
1084.13294,0,74.2931365,0,0,0,0,0,0,0,0
1007.51292,0,0,0,69.9771826,0,0,0,0,0,0
1346.86826,0,0,0,0,0,0,0,101.9914396,0,0
1148.88992,0,0,0,0,0,0,0,0,0,0
1227.79158,0,0,0,0,0,158.076673,0,0,0,0
754.26345,0,0,0,0,168.8199328,0,0,0,0,0
1451.85131,0,0,0,0,0,0,0,86.73279272,0,0
938.56849,96.98478982,0,0,0,0,0,0,0,0,0
991.48827,0,0,68.93400065,0,0,0,0,0,0,0
886.38168,0,0,0,0,0,0,0,0,0,0
1181.84356,0,0,85.15896944,0,0,0,0,0,0,0
885.9813,0,90.51146712,0,0,0,0,0,0,0,0
1012.51634,161.2655558,0,0,0,0,0,0,0,0,0
909.24543,0,0,0,0,0,0,0,0,0,0
882.06602,0,0,0,0,128.802398,0,0,0,0,0
630.07988,0,0,0,0,0,0,0,0,198.6869055,0
904.45286,0,0,74.25541854,0,0,0,0,0,0,0
1509.08813,0,66.5248754,0,0,0,0,0,0,0,0
1034.09117,0,0,0,55.5333008,0,0,0,0,0,0
1591.98825,0,0,58.90941026,0,0,0,0,0,0,0
852.43286,0,0,0,0,0,0,0,0,0,0
978.07725,0,57.07159461,0,0,0,0,0,0,0,0
1203.80649,0,0,63.34990777,0,0,0,0,0,0,0
1078.51956,0,0,55.80929226,0,0,0,0,0,0,0
1140.04551,0,0,0,0,0,0,0,0,0,0
427.06401,0,0,0,0,24467.6645,0,0,0,66072.71558,0
411.08628,0,0,0,0,0,0,0,124.4143963,0,0
445.0619,0,0,109.5732558,0,503.5992188,0,0,0,0,0
467.05003,1488.651661,28739.13471,17728.76879,5451.560518,0,4300.608604,6220.891998,31736.19741,0,9901.700438
498.99214,1423.141818,2285.238689,1888.409844,152.5446338,159.5975043,1805.870349,1557.474648,4889.337495,0,0
467.04547,0,0,0,0,0,0,0,0,0,0
523.01373,0,13608.47374,65821.09017,0,535595.6233,0,0,89131.54883,578355.8116,0
523.01277,0,764.4875683,0,0,0,0,132.7137995,0,0,0
529.02562,0,581.7297738,1058.235799,490.1085547,0,0,546.8741298,1646.228046,0,826.5329376
529.02318,0,0,0,0,356.0054688,0,0,0,0,159.278
566.14699,85340.09424,160931.6419,124876.145,258386.9599,0,91280.36657,220429.1741,108957.1622,0,272302.4066
699.01817,0,0,0,0,9192.036068,0,0,0,15796.93773,0
693.00527,0,135420.3612,62143.25174,0,0,682.025442,101180.696,75174.6878,0,0
585.06188,756331.5667,832593.0819,767098.536,1010148.755,0,691578.9717,748440.6202,843121.8412,1233.302423,756731.2005
693.00415,0,296.3635928,1202.981038,0,0,0,272.4016089,226.2227057,425253.9099,0
693.00551,0,0,59166.477,0,54002.67309,0,0,58730.54633,44608.81193,0
693.00439,0,13487.71855,0,0,0,0,82820.62001,0,0,0
693.00408,0,0,0,0,1142.420313,0,0,0,357.5796819,0
693.00587,0,0,77.13635931,0,0,0,0,0,0,0
563.08045,160.1599835,0,141.1357965,217.3061035,294.1409071,0,851.6208617,628.5705597,1876.859347,211.3269844
563.07916,0,0,0,0,0,0,0,0,219.95655,0
569.08511,0,0,111.8105672,0,0,0,0,0,0,0
554.95532,337.1208,1040.306161,0,0,124.4827691,0,493.3314318,449.2554267,0,0
523.0019,0,0,848.9838326,0,0,0,0,995.0176032,0,0
523.00804,0,0,0,0,0,0,108.6722618,0,0,0
699.01128,321.5855227,771.9563842,9664.91664,0,0,0,2564.21935,4558.137139,0,0
551.01204,1439400.957,402191.5124,309975.9669,1172482.872,119339.3436,1568303.591,226044.8647,388961.4204,0,817720.55
489.03274,0,275.0432683,535.376926,4900.536934,166.1438477,0,622.7851273,313.7277616,0,9544.331187
705.02707,0,0,0,87451.28586,0,0,0,0,0,80490.44772
912.97798,61331.19165,175434.5921,292488.8517,0,103514.8939,75114.47919,63111.67532,323580.4971,24663.42731,0
655.04495,0,0,0,0,161.0763129,0,0,0,0,0
869.01325,72333.51079,12153.15874,0,0,0,36375.65347,496412.7287,0,0,0
581.08576,0,0,120.9920383,50.48405275,0,0,0,0,0,0
597.0586,0,0,0,0,402.8525608,0,0,0,0,0
708.97592,0,0,0,0,728.7786892,0,0,0,266.27089,0
449.04562,803.8087147,250.5620447,715.0944553,8908.564922,2618067.682,1975.353079,2612.393294,341.2262411,1880139.025,7748.99
449.04188,0,337.4750288,0,0,204400.5682,0,0,0,12330.24162,0
443.03184,10964.67233,998.0813962,1281.87831,9492.577583,219.1302083,10630.67599,710.1233756,1215.312265,0,2774.883
427.05392,0,0,0,0,0,0,0,0,1029.079144,0
449.03239,0,0,0,0,13171.79455,240.6248458,0,0,9761.421705,0
544.99513,0,0,0,0,895539.8806,0,0,0,1543153.219,0
449.04056,4122.496682,1393.109974,0,0,981.862066,4693.151341,281.2882503,289.6609474,0,426.168
443.02492,0,0,0,0,4787.675434,0,0,0,957.120839,0
443.03235,0,0,0,1026.846914,0,0,0,0,0,720.2075
449.03453,288.0955303,0,0,404.5854883,0,943.8867188,299.285543,0,0,271.4020938
449.04154,0,0,0,0,0,0,0,0,498.5744452,0
443.032,0,0,0,0,418.143457,0,0,0,0,0
529.02971,0,0,0,189.9784473,0,0,0,0,0,168.320125
659.02721,29543.66538,132675.8168,84744.93968,12470.23522,0,38098.42224,79076.09167,76362.48982,62581.1541,19100.74411
538.97847,0,76842.8929,110544.7162,0,842.5813802,0,63985.43959,112118.5886,0,0
535.03364,0,0,0,0,0,0,152.139165,0,0,0
503.30701,588.3752074,0,0,0,0,0,0,0,0,0
588.95602,148476.0069,52656.62461,85860.45131,7574.501162,1304.58546,152154.5142,29915.53392,100157.4167,0,2222.062648
544.99408,0,0,0,0,0,0,0,0,0,0
659.02922,0,0,0,0,111278.2432,0,0,0,146811.5105,0
538.9777,0,19534.9983,0,0,305.6754991,406.5767116,137703.3401,299.8005711,0,0
538.9788,0,0,86.43025035,0,3874.765538,0,0,0,1519.395664,0
544.98673,0,0,0,0,0,0,0,392.276157,0,0
538.97819,0,0,0,0,0,0,0,0,0,0
659.03032,0,158.2776793,85.02733021,0,0,0,0,95.31178924,0,0
598.92582,0,19311.82514,97096.461,0,1340.636155,0,24461.09342,93224.26271,5330.352836,0
544.99585,101387.3763,206812.3783,158081.4726,921.0345411,4198.995312,127144.165,127003.4702,193892.1452,0,0
699.09257,0,0,0,62.87649415,0,0,0,0,0,0
737.04746,0,0,0,0,24345.79696,0,0,0,23661.6879,0
699.09877,0,0,353.128418,337.6688135,0,0,0,0,0,86.63291408
705.10774,0,0,296.8033176,0,0,0,0,169.350759,0,0
875.01625,117.9389865,8456.540429,14254.88493,88.34456055,1484.028299,0,2343.74563,15510.34442,1099.843198,117.6741328
875.02614,0,0,0,0,847.5957466,0,0,0,0,0
714.98751,201.1767492,0,7319.996636,0,15706.03366,0,0,10290.19487,10671.82923,0
637.03554,0,153.3255128,314.9741617,0,0,0,0,0,0,0
637.03688,0,0,0,0,0,0,244.0484221,0,0,0
653.01683,0,0,0,0,1102.348763,0,0,0,1202.902613,0
659.01678,529.3473451,0,0,0,0,836.9433593,0,0,0,278.286
653.01593,138.8207878,0,0,0,0,0,0,0,0,0
721.0024,0,0,0,0,0,0,0,0,720892.3288,0
520.96975,54733.64201,381956.5498,608089.9696,0,175769.8045,48343.29351,398427.2776,604101.6994,47961.85485,145.967875
544.99629,0,0,0,0,104763.6911,0,175.9556389,0,143819.6436,0
544.99547,124.6509091,11451.14695,4645.083645,0,0,1154.928171,1547.027837,10150.52796,0,0
588.12449,0,0,0,0,1927399.807,0,0,0,1544780.574,0
544.99612,0,0,82.54246014,0,0,0,0,138.049304,0,0
544.99474,0,0,88.36073132,0,0,0,0,0,0,0
721.00442,0,0,99.54320611,0,159.0334093,0,0,0,0,0
637.04792,39767.77866,248262.7306,424258.189,10273.34892,0,15247.7554,427760.9521,362523.1165,0,20302.30738
550.99495,327.1176715,269.9583014,1605.374322,0,0,323.5571289,0,645.7761076,0,0
551.009,5182.694379,523.8279812,0,0,0,1093.952714,0,0,0,0
550.99995,0,0,283.38463,0,0,335.4449528,0,0,0,0
551.00672,0,0,0,0,0,0,0,347.0209404,0,0
551.00061,0,0,0,0,0,319.2718955,0,0,0,0
665.03882,0,0,0,152.538584,0,0,0,0,0,0
585.06176,800.4132328,274.8253211,0,0,929421.0417,0,0,0,633762.3361,1247.086438
505.0023,1154.572698,0,788.4234483,0,567.247092,0,798.5221226,0,700777.7092,0
575.38477,0,0,0,0,0,0,0,0,0,0
847.03096,0,0,72919.13217,0,157123.9306,0,0,30210.37352,147012.8168,0
681.01054,126580.7681,244493.9734,353796.0781,18434.74406,0,129243.0553,178825.4211,368620.5665,0,13992.78539
505.0023,2935.2598,113133.4012,90179.07482,603.4069873,1864.008637,4131.696958,76717.1124,110097.4033,732.2918365,1189.486273
511.01912,233884.9762,89790.2867,67506.83415,197301.7302,1512.350998,267329.5561,47580.23171,80879.50663,0,136815.2335
890.9927,202452.7283,0,0,108.4012305,0,55035.21649,782575.9251,0,0,0
718.96052,8793.37939,646.1045822,0,0,0,6467.097605,0,1511.410898,0,0
829.01946,0,54.03541987,0,0,0,0,0,68.39349905,0,0
829.02057,10630.14846,0,0,0,0,2761.075195,351635.2311,0,0,0
635.38314,0,0,0,0,0,391.4121093,0,0,0,0
589.03187,0,0,0,0,0,0,0,0,1383.295799,0
869.00798,0,0,349.1176487,0,0,0,0,0,0,0
409.18214,0,0,0,170.9010742,0,0,0,77.02739323,0,222.4113906
560.96623,0,0,0,0,63152.38959,0,0,0,178864.8705,0
505.00291,860.1554031,24300.55915,103.4371881,1167.658052,1780.619748,0,90313.41944,0,0,0
505.00314,0,0,0,0,71150.06428,0,0,0,75975.61809,0
835.03268,0,0,237.5109049,0,258.2572917,0,0,233.8573972,661.3124717,0
835.02586,0,0,0,0,0,0,0,144.9776503,0,0
835.10701,0,0,0,0,0,0,0,181.4064972,0,0
835.11153,0,0,0,0,0,0,0,0,0,0
742.99036,0,0,0,1084.498584,0,0,0,0,0,410.7132813
689.06198,0,0,163.4456381,0,0,0,0,125.897053,0,0
461.03468,99.62074805,0,0,748.1481886,140.608507,0,0,0,0,728.3483126
505.00298,0,6016.785528,5329.099799,0,0,0,5208.925588,7561.963892,0,0
629.02376,7352.429359,5068.426213,1895.725152,583.4511719,4016.434679,4827.143735,2318.946242,7189.383678,1022.511889,138.0321718
501.03216,13444.83383,117242.4961,12257.31683,55702.26264,358032.8939,13395.04546,114572.4809,20376.05235,0,81902.10209
566.97482,17933.4085,6677.274684,3780.226183,408.6407031,87784.7889,25201.16869,3038.84491,2417.841426,247989.3413,425.8235625
736.97345,0,0,0,0,323646.866,0,0,8186.424051,281046.5415,0
730.95457,0,0,0,0,0,0,7091.95268,0,0,0
730.95156,0,0,0,0,0,0,0,0,1999.286911,0
560.9604,0,179.6598807,0,0,0,0,44766.52433,0,0,0
681.01022,0,0,0,0,302822.4597,0,0,0,260813.6603,0
674.99567,0,55340.27229,77002.67592,0,2080.976714,0,4675.785388,78210.1298,444.5357223,0
714.97433,0,340.0374809,0,0,0,0,0,0,0,0
637.04757,0,470.2915069,0,0,424883.033,0,207.0472618,0,505567.0752,0
736.95598,0,0,0,0,0,0,0,0,0,117.7912969
736.96115,0,0,0,73.245376,0,0,0,0,0,0
498.98996,158.8995437,2049.434984,833.9840223,0,0,156.0476588,537.0048925,1311.072426,0,0
504.99479,0,0,0,0,0,0,0,638.4575257,474.8034703,0
875.03258,0,515.2300613,0,0,0,0,364.2534808,0,0,0
449.04529,4545.57007,18831.60546,4526.734768,24423.03733,404.2111979,14446.69326,6076.690845,8425.496539,0,28623.27542
566.96755,0,0,0,0,0,0,0,0,0,547.082625
950.93338,0,3544.432144,52366.06364,0,582.5081489,0,420.4805268,63018.59845,0,0
922.94357,0,0,0,0,0,1890.878289,0,0,0,0
545.06848,0,0,0,6319.502529,93988.49037,0,0,0,87354.74508,2842.637797
857.09425,145161.8526,119720.0922,165643.145,120900.8587,17915.02765,128615.4115,78390.00805,171709.4414,21099.04045,114428.1718
890.99598,0,159.5261934,17820.45058,0,472.1911242,0,0,26573.37453,0,0
890.99384,0,18304.33022,0,0,0,0,4736.806099,0,0,0
449.04576,0,0,0,179.0823828,0,0,0,0,0,393.8322813
884.98762,0,0,0,0,0,0,5639.977723,0,0,0
890.99328,0,0,276.3954535,0,0,0,0,0,8812.819294,0
884.98982,0,0,0,0,0,0,0,167.6989221,0,0
406.93404,32293.95119,222071.3128,410751.9093,0,77521.71302,33672.52513,200375.9694,428950.5809,0,0
681.01166,136.9405334,25226.01211,21317.93571,0,3689.32743,252.2368164,2516.970432,31391.65901,4927.118122,0
511.00758,0,0,2532.834744,0,1505.896571,0,969.4157643,499.273388,0,0
505.00408,0,100.1000347,0,0,0,0,1459.471825,0,0,0
511.00877,0,0,0,0,293.8366753,0,0,148.7208515,0,364.8234062
455.05544,0,253.7262989,743.6083984,557.2185889,0,0,0,388.9154593,1425.584154,123.0325547
585.06074,0,0,0,0,172716.9854,0,0,0,0,0
681.01207,144.4310875,2243.855708,0,0,0,0,2701.03622,0,0,0
501.03283,0,0,0,0,0,0,165.6163753,0,410817.7745,0
675.0043,0,124.6115917,0,0,0,0,0,0,0,0
465.01178,0,1101.792825,1685.596625,0,6950.416667,0,5053.310914,2078.317939,304091.9787,0
881.03525,0,0,142.0509033,658.5267578,0,0,0,0,0,860.2263906
681.01085,0,0,0,0,0,0,0,0,846.0766813,0
681.0111,0,125.8864911,62.43830024,0,0,0,0,52.4737317,0,0
681.01167,0,0,200.7663303,0,0,0,0,76.37090215,0,0
881.04203,0,0,0,0,0,0,0,102.9087285,0,0
585.06178,0,2220.793904,825.5515951,792.915469,25165.65052,6146.930716,2740.477723,1092.833168,42092.96889,883.4215
619.03634,396.4381309,105120.7544,87308.72923,130.1456201,0,257.9326429,74214.20583,97305.76644,0,355.8880625
545.06495,0,0,0,0,0,0,1029.613707,0,0,0
529.09474,0,177.4970763,0,0,0,0,0,0,0,0
523.09182,141.584598,0,0,100.8120899,0,0,0,0,0,123.1176484
507.11177,0,0,0,0,0,370.9913395,0,0,0,0
507.11043,0,70.91673454,0,0,0,0,0,0,0,0
736.97309,0,0,0,0,0,0,0,0,0,0
554.94264,0,0,393.1728788,0,144.182921,0,0,0,0,0
791.06368,0,0,0,0,0,0,131.0899211,0,0,0
560.94946,0,0,174.8719753,0,0,0,0,0,0,0
736.96797,768.5751867,0,0,0,0,1337.410054,0,0,0,0
585.06246,0,95.30497509,116.0214844,302.3429004,0,224.8636411,0,100.3427487,0,159.3642344
585.06181,0,0,0,0,396.7234809,0,0,0,0,0
585.06362,0,0,0,0,0,0,0,0,0,0
585.06103,0,0,0,0,0,85.34312037,0,0,0,0
411.0846,229.7995541,0,0,0,169.5244792,0,0,0,0,0
563.06911,229.2726079,587.6659079,874.8112115,0,204.2993923,162.8880679,216.4672803,1706.550485,1004.451512,0
727.00762,0,28362.82074,5050.459526,0,0,274.9945004,12613.1759,5268.814577,0,0
790.89939,0,0,257.0987956,0,0,0,74.20033067,299.7458959,262.7022475,0
1009.07997,0,3581.696535,15067.91041,109.2346338,10337.02334,0,0,15283.44285,5530.080786,0
591.06953,0,0,0,102.9405469,0,0,0,0,0,162.983875
459.27021,17062.52116,0,0,0,0,17241.55921,0,0,0,0
752.93205,0,0,0,0,564.5250868,0,0,0,15571.9349,0
752.93357,348.438468,0,0,0,0,0,4697.403465,0,0,0
752.93539,0,0,0,0,0,0,3623.878964,0,0,0
752.93265,0,0,0,0,0,0,0,0,0,0
617.01092,208.2161573,220.0650762,0,449.6290137,0,539.2829462,0,0,0,318.8943438
585.05061,0,0,1252.734864,0,0,0,0,1343.324664,2553.105072,0
585.04979,0,0,0,0,917.2948784,0,479.6367187,0,497.8829258,1056.302062
585.05166,266.9751106,0,0,361.5225782,0,0,714.7711944,0,0,0
579.04575,165.954525,0,0,0,0,0,148.5123182,0,0,0
471.02733,90935.48756,104865.0438,142843.4777,92010.5872,159919.0465,77695.56292,73836.95197,111377.6416,94060.68553,83851.20863
692.99365,0,0,219.2669678,0,0,0,0,0,0,0
501.03148,0,0,0,0,829.1986761,0,0,0,2344.93365,0
485.0543,0,0,0,194.8678125,0,0,0,0,0,632.3615
399.26741,615.6695417,0,0,0,0,1329.944683,0,0,0,0
501.02907,0,0,138.9175754,0,665.068023,0,0,0,0,0
501.02924,0,103.3561877,0,0,0,0,0,0,0,0
714.9867,0,41459.74862,0,0,0,248.1330438,135443.7126,187.3020916,0,0
599.09608,0,0,0,0,143.4165799,0,0,0,0,0
620.89277,0,0,0,0,0,0,0,0,0,0
615.06651,300.3680863,0,0,0,0,0,0,0,0,0
553.94465,0,156.0854942,0,0,2633.646463,0,0,0,1027.290152,0
625.04682,548.6373237,1108.209829,429.8612196,14548.05959,0,1126.973633,1423.069172,1429.315479,0,6564.6705
500.01351,0,694.3266152,0,0,822.3511719,0,0,0,0,0
637.04594,0,17126.97837,1457.415521,0,784.7947809,0,4174.51667,3378.351427,5863.444124,80.98830472
500.01246,0,0,0,0,0,0,0,0,0,0
763.19001,0,0,297.8015679,0,0,0,0,0,0,0
541.08857,0,0,0,0,0,0,0,0,589.6869904,0
742.98259,728.9185565,0,0,0,0,796.7495888,359.862237,0,0,0
619.03527,0,0,0,0,14646.33429,0,0,0,41579.06681,0
742.97532,0,0,0,128.0648242,0,0,0,0,0,0
643.06247,0,479.9404717,378.5292426,0,0,0,0,0,0,0
637.04858,0,0,0,0,4417.175695,0,933.8060701,0,6471.827757,0
739.07967,454.8791655,123.9118458,0,7435.910093,0,164.1706286,0,0,281.8396172,6717.29257
443.29421,4588.918867,243.2166351,0,0,0,3576.444542,0,0,0,0
637.04883,0,0,0,0,0,0,224.2409692,315.2912876,0,0
637.0462,0,118.7443323,0,0,0,0,0,0,0,0
637.04715,0,0,0,0,0,0,0,0,295.0756058,0
637.04694,0,0,0,0,0,0,148.6815343,0,0,0
637.04804,0,0,0,0,0,0,0,0,0,0
637.04932,0,0,0,0,0,0,0,0,0,0
733.07077,0,0,0,0,0,0,706.900526,0,0,0
384.95101,0,5318.685966,0,0,3310.756944,0,7855.205098,0,755.0751529,0
727.00817,0,0,0,2338.125947,0,0,0,0,0,1586.058484
619.03603,0,0,0,0,0,0,6282.224667,0,0,0
384.95313,0,0,0,0,0,0,0,0,1038.403901,0
368.98663,0,0,0,0,0,0,0,0,0,0
368.98544,0,0,0,0,365.3829319,0,941.7087426,0,0,0
368.98482,0,156.3759226,0,0,0,0,532.8682704,0,0,0
374.99467,85.00753596,0,0,0,0,0,0,0,0,0
625.04106,0,0,158.2653538,67.12490725,0,0,0,0,0,100.656789
1042.98087,0,0,113136.0151,0,11526.93071,0,0,100916.7353,6852.4726,0
582.12228,0,158.236388,0,0,0,0,0,0,0,0
910.93955,0,10456.37411,1498.586426,0,0,275.7556795,8441.728612,911.4483287,0,0
582.11459,0,0,0,0,0,0,0,0,0,0
835.03674,145.6951051,12388.14118,2391.01393,0,0,968.5334601,3879.940961,2103.211111,0,0
440.99558,0,0,0,0,184.7887587,0,0,0,0,0
862.99467,5136.122287,0,0,387.8467383,0,5948.784951,262.4395498,0,0,0
383.94873,0,0,0,0,0,0,0,0,6162.670347,0
863.0072,0,224.1712519,0,0,0,0,0,0,0,0
809.07577,0,0,0,0,0,0,0,125.0562327,0,0
809.07694,0,0,0,39.18975586,0,0,0,0,0,0
487.30758,434.5826535,0,0,0,0,0,0,0,0,0
851.00475,33421.79428,0,0,0,0,2407.854339,390610.7701,0,0,0
488.01881,0,0,0,0,0,0,0,244.997058,0,0
409.05351,0,0,0,0,154713.1131,0,0,0,180725.9717,0
897.0008,0,0,0,0,0,0,0,0,126271.1929,0
575.37265,155151.4896,1154.451579,0,0,0,154758.8377,1414.489944,257.8807728,0,0
758.94252,1179.495022,0,0,51.7260742,0,0,0,0,0,0
619.39921,156669.5423,193.1015445,384.1350708,0,0,152041.1234,269.3483331,108.3491767,0,0
752.93626,0,0,0,0,0,0,0,0,0,0
758.94732,0,0,165.5426703,0,0,0,0,0,0,0
399.07008,0,0,0,0,0,0,125.4522161,50.41259766,0,0
383.09473,0,206.7368434,58.83024767,0,0,0,0,0,0,0
383.09827,0,0,66.55904134,0,0,0,97.16347269,0,0,0
714.98645,1861.619348,8990.726132,0,0,0,2004.846012,144698.3892,0,0,0
897.0022,0,3614.620387,1136.630914,0,0,0,3535.11537,738.6764117,0,0
716.96827,0,0,0,0,20466.66576,0,0,0,28817.44565,0
383.07313,0,92.30839006,0,0,0,0,0,0,0,0
576.92582,0,0,0,0,0,0,659.2430963,0,0,0
897.00029,0,0,0,346.9065235,0,0,0,0,0,0
912.96983,42740.48707,53103.14254,1799.599176,0,0,29255.20487,156072.5989,0,0,0
727.08027,0,0,0,0,5207.246875,0,0,0,1407.612545,0
727.08879,0,0,0,92.71714845,0,0,0,108.3466179,0,147.4088438
727.08852,0,0,0,0,0,0,0,0,0,103.7958203
389.0776,0,0,172.0622084,0,0,0,0,0,0,96.94484376
593.96785,15577.28338,0,0,1408.704556,0,16049.1849,300.0861309,302.931517,0,0
473.06454,0,114.4774612,0,0,0,0,0,0,311.8191519,0
742.98581,61467.3152,34304.83317,70449.7357,6539.076924,7924.725087,65940.0476,14294.44357,77512.77497,102327.4556,3791.999531
841.12484,0,0,0,92.7579199,0,0,0,0,0,0
681.08431,5237.261425,30496.62749,14300.0804,26634.56762,2191.477691,2984.830541,39767.10529,4613.088014,1689.713994,26450.90619
381.05764,0,6172.85759,1028.010037,30428.59329,3564.994271,0,8314.94042,1699.046411,0,35896.59389
700.99737,0,0,0,0,0,0,0,0,0,0
1145.09731,0,0,9869.46597,0,2605.668034,0,0,10976.42607,886.8771371,0
857.0949,3240.886477,44111.18374,15067.94114,92962.92528,0,0,68906.28288,13315.02492,0,62377.00769
582.9379,0,0,135.4376356,0,161.2835178,0,0,0,0,0
1082.98071,0,0,22889.23524,0,7074.022222,0,0,29034.31685,4908.228204,0
409.05217,0,333.7539661,0,0,29543.18869,0,0,176.7974684,21603.48307,0
912.97399,1512.375501,19424.10976,20892.00098,0,1141.922136,448.9713199,16619.30921,33550.15299,32803.45754,0
851.00384,0,2299.123083,18241.21617,0,769.1835396,0,0,24117.05008,0,0
526.98448,69079.09202,71359.86024,105549.2225,179.8938672,467.6532987,62884.67018,51807.25004,111298.5964,0,0
940.97809,26146.32289,4113.213442,2649.756293,123.3903028,0,28798.02488,535.7493909,6182.122429,0,169.8324766
851.00307,0,0,0,0,0,0,526.8931003,0,47945.16441,0
591.348,618.3116012,0,0,0,0,0,0,0,0,0
851.00275,0,7840.280064,0,0,0,0,4899.857654,0,0,0
714.98587,0,0,0,0,0,0,0,167.1259518,125807.1286,0
1051.02621,0,3992.162289,168.1260444,0,0,0,2421.029471,0,0,0
415.06535,0,84.95570123,190.5755955,331.9766504,0,0,161.2919051,109.7523611,0,641.2486797
415.06406,0,0,100.0493639,0,0,0,144.1015915,102.8763845,0,90.626
851.00172,0,862.9724406,2017.02181,0,0,0,1880.79351,918.640007,0,0
409.17417,6363.811912,2736.624137,4978.161533,0,0,1648.224147,7723.20882,5308.489066,0,0
851.00323,0,0,289.1940647,0,0,0,0,259.6549397,0,0
681.08503,3430.354778,5847.942365,360.3664551,22377.90051,3515.137891,1463.495863,3892.538405,420.6279668,7599.66293,20041.52622
869.59162,1638.015158,304.8082583,0,0,0,742.4774234,0,0,0,0
869.59451,0,0,0,0,0,0,0,0,0,0
387.06155,0,164.8012486,0,206.7400879,0,0,1009.942257,0,0,0
387.06622,0,0,0,60.1071338,0,0,0,0,0,0
730.95981,0,108.8134586,12375.13984,0,0,0,0,13485.79958,0,0
730.95909,0,0,0,0,0,0,0,0,28165.46507,0
677.02604,0,0,0,0,0,0,0,0,15201.10088,0
714.98619,0,0,655.4962023,0,0,0,0,16598.69502,8221.145833,107.6961562
681.08357,0,0,0,0,39283.79373,0,0,0,26166.25818,0
857.01371,1577.161574,22721.8948,37415.2965,205.7407227,1859.386024,18644.53105,4073.617342,39247.1791,805.6000906,204.5268594
681.08371,2255.001884,8000.185631,0,9319.849414,0,726.0505243,7894.435605,381.435893,0,12112.31409
707.45208,188980.4047,324.1550158,173.5240207,0,0,189186.9091,927.6481862,862.9637065,0,0
679.0147,0,0,0,0,0,0,0,0,0,0
732.94925,0,0,0,0,0,0,0,0,0,450.5666562
687.01895,2070.503388,516.7450513,267.1343858,0,0,0,0,512.6639142,0,854.9390938
681.08357,4438.193238,3156.570145,0,4844.959355,6678.743576,2559.226023,3000.780051,0,2062.778646,5733.362625
522.00582,0,0,0,0,1169.11276,0,0,0,1922.779891,0
367.97959,0,221.0569342,0,0,315.4822049,0,26748.51901,0,0,0
393.07453,0,0,92.76827667,0,0,0,0,0,0,0
367.97976,0,0,0,0,840.2162327,0,0,0,10040.33203,0
703.00375,0,0,0,0,2192.004601,0,0,0,0,0
687.09393,784.0412058,0,250.4233669,0,0,0,0,0,0,0
687.09154,0,0,351.1323785,0,0,0,302.1891631,344.6940516,0,0
687.09107,0,84.30818638,112.6162991,0,0,0,0,0,0,0
687.09403,0,0,0,65.4630371,0,0,0,0,0,0
459.02158,110.9154193,256.4335578,211.412896,0,0,0,0,351.2231878,0,0
459.02124,0,0,0,0,0,0,0,0,0,0
738.95091,0,0,0,0,41081.87747,0,0,0,38452.10026,0
367.97971,0,0,0,0,0,0,0,0,1496.634851,0
399.03439,0,0,0,49.52271973,0,0,0,0,0,0
907.60661,32186.78861,0,0,0,0,31240.31792,0,0,0,0
746.93417,0,75.0084416,0,0,0,0,103.8695757,0,0,0
708.97503,0,445.5417107,0,0,0,0,0,0,0,0
875.01519,0,353.7101587,0,0,0,0,3559.875329,0,0,0
789.02965,0,0,0,0,0,0,631.9335648,0,0,0
795.03353,0,0,0,0,0,0,0,0,1279.040478,0
687.47655,57000.41863,0,0,0,0,56461.97888,0,0,0,0
789.02561,0,0,0,0,0,402.1832339,0,0,0,0
525.27403,0,0,0,0,0,0,735.9030786,896.8199171,0,0
569.30092,0,0,0,0,0,196.2254317,0,0,0,0
1082.97154,5860.60521,151315.9309,0,0,0,8447.472399,130449.8563,0,0,0
857.00887,891.1405558,0,0,0,0,0,3237.290301,0,0,0
913.61724,23703.17265,4796.771454,0,0,0,14253.95266,1072.832544,0,0,0
575.3093,0,148.6407808,123.7943387,0,0,0,0,0,0,0
437.1655,0,0,601.6289063,0,0,0,277.3639387,0,0,0
806.86574,0,0,7966.036147,0,0,0,0,9735.289372,0,0
465.02348,212.8421772,1730.840011,739.5067819,8960.425508,1436.989844,572.9244449,614.8036433,0,1048.924479,8606.497438
812.88445,0,0,0,0,0,0,0,612.5333267,0,0
614.89488,0,0,0,0,0,0,0,200.7383801,0,0
857.09368,0,0,0,0,91056.00322,0,0,0,29857.94424,0
1027.00852,38036.87094,6944.522239,0,0,0,21740.9108,183479.3572,0,0,0
828.84624,0,0,109.0759481,0,0,0,0,118.7249308,0,0
465.03221,0,276.4719134,0,0,4806.16454,0,0,0,10463.28753,302.9279062
744.95905,0,0,0,0,0,0,0,0,0,111.2203438
613.32593,479.8807038,0,570.0079753,0,0,0,0,0,0,0
620.90289,0,0,0,0,0,0,0,0,195.1537025,0
913.62031,0,0,416.0169339,0,0,0,0,376.9452878,0,305.301625
770.9832,38530.14529,212.4349118,1141.535116,4796.598799,0,40666.03362,0,2170.232249,0,381.0069531
1060.98887,0,0,1306.959629,0,0,0,0,2858.016138,0,0
1060.98771,0,0,0,0,0,0,0,0,0,0
613.3326,188.1500968,0,0,0,0,388.5154451,0,0,0,0
956.94194,2596.044248,1669.956372,7647.647393,0,351.1822157,4574.695261,473.3430249,13625.05104,0,0
619.33603,0,121.6374497,0,0,0,0,0,144.4889859,0,0
551.01318,0,0,0,0,133840.021,0,0,0,243872.3678,0
642.88774,0,0,0,0,0,0,0,43.71163593,0,0
479.05463,0,0,0,0,0,0,432.3311224,0,0,0
795.21707,0,543.267638,21289.27884,0,0,0,0,17719.01284,170.3107875,0
591.02467,0,0,669.41824,0,0,0,0,598.9909019,0,0
449.01989,0,0,444.9637044,0,0,0,0,0,0,0
417.07282,0,0,0,191.5515967,0,0,156.1030999,0,0,0
641.01938,989.4759058,0,60533.38878,1462.099209,10096.74688,1390.295487,243.4458152,37739.31062,114824.4594,1714.215469
526.98337,0,0,0,0,78912.74402,0,0,0,120977.9677,0
577.38929,276228.8818,0,274.6124267,0,0,284514.4957,0,0,0,0
519.20151,10763.04617,0,0,0,0,10578.64816,0,0,0,0
757.0921,224.3341745,0,0,61.2255078,0,0,0,0,0,179.7952969
789.04175,0,0,0,0,0,0,0,0,0,0
757.0958,0,0,0,0,0,0,0,0,0,0
841.47843,512.374516,0,0,0,0,1073.539165,0,0,0,0
934.95017,0,0,3860.65077,0,30187.62596,0,0,856.9816063,23459.83059,0
565.97759,0,0,0,0,240.7224827,235.0836246,0,0,0,0
487.26175,447.4040376,0,0,0,0,586.3746403,0,0,0,0
857.09647,2809.25083,0,248.4358995,256.8585157,0,0,64030.12632,0,0,336.3086562
755.05308,0,278.2764571,1752.770074,0,8667.862849,0,0,0,85970.07264,0
903.02801,0,0,0,0,34677.40569,259.0607654,0,0,22143.73882,0
725.43854,2701.332896,0,0,0,0,3787.405633,0,0,0,0
499.06191,2541.512894,2451.27962,4061.616686,6559.658145,0,1208.256605,3829.662283,2366.183717,0,6673.148531
1281.11323,0,406.12228,6690.536628,0,1539.947526,0,190.9653272,6745.775922,0,0
779.48713,10594.69953,1566.982698,0,1173.909649,0,19971.15615,0,0,0,0
903.0197,0,1698.887582,752.3766954,0,0,0,0,794.5958762,0,0
582.94309,0,0,0,0,0,0,4834.272935,0,0,0
1045.69645,79667.90089,44596.80024,0,0,0,65008.90625,26406.53885,0,0,0
552.98888,0,0,363.069892,0,6123.585069,0,0,156.7195411,8208.548149,0
499.0614,0,0,0,0,2972.489952,0,0,0,567.9091372,0
863.10535,0,0,531.8409831,0,0,0,0,457.3246143,0,0
912.9771,0,0,0,0,9752.674913,0,0,0,14552.34947,0
489.33665,245111.9016,0,279.928521,0,0,259082.6094,0,103.641651,0,0
520.96878,0,0,0,0,0,0,0,0,79225.92211,0
499.06128,0,0,0,0,0,0,300.0166112,0,0,0
795.04541,0,12402.19269,11085.52677,0,0,0,12628.7076,12184.1288,0,0
1001.67283,56500.53426,27548.98604,0,0,0,43881.09946,12110.19195,0,0,0
758.95267,0,0,0,0,29064.02769,0,0,0,103983.1644,0
672.96202,0,0,0,0,0,179.9455566,0,0,0,0
993.10927,146521.481,0,0,0,0,8970.904605,192879.704,0,0,0
700.9582,0,1298.037768,518.9302301,0,537.0420572,0,1254.865524,0,322.3769248,0
619.02699,0,0,0,0,0,0,0,0,0,0
634.99874,0,0,0,0,0,0,272.0630801,0,0,0
415.05341,0,0,96.92249889,0,0,0,0,0,0,114.9080703
520.96782,0,874.7303549,0,0,0,0,20272.90263,0,0,0
755.05361,1109.817011,0,138.4278429,0,0,0,10900.54653,0,0,0
526.98456,381.4943827,1248.61551,5678.041368,0,707.2383247,199.7058491,2027.021832,9364.012473,0,0
695.31028,0,0,0,35.56635742,0,0,0,82.41821601,0,0
746.91701,0,334.4693552,521.5864326,0,0,0,0,84.54133703,0,0
795.04548,0,86.38005656,0,0,2698.971181,0,0,112.2136941,20721.38604,0
755.05645,0,286.8224214,0,0,0,0,969.0543781,248.8975475,155.6469797,0
755.05225,0,252.4216114,0,0,517.5843532,0,0,110.661652,224.7881142,0
752.94696,1244.740597,3381.032928,0,0,0,5283.735609,13081.36912,36245.32516,0,0
755.05173,0,0,145.9966634,0,0,0,0,147.5585072,0,0
535.0974,0,0,0,0,0,0,0,70.43438487,0,83.77825
774.91342,0,1712.662457,0,0,6715.667838,0,3198.475673,0,46300.63298,0
526.97293,1261.792865,0,0,0,0,0,0,0,0,0
392.95043,958.3895274,6273.274013,363.4240654,0,188.7153646,1036.342311,4108.414469,546.8063811,0,0
558.93317,0,0,511.8407932,0,0,0,0,0,0,0
520.96967,0,0,159.9297011,0,0,0,0,169.467928,0,0
526.9842,0,0,0,0,0,0,0,0,711.1389691,0
541.07134,29557.68961,35697.29338,55579.9454,88306.94758,606.9953993,20731.43655,19791.06192,50536.08483,0,61405.02331
709.05459,169.6686774,1006.081528,5536.646037,0,0,193.6614797,2193.992942,8123.141775,214.8041497,0
1076.95565,0,114.9187716,11216.99485,0,0,0,0,10594.48888,0,0
671.10495,0,0,0,0,211.3192491,0,0,0,271.2745132,0
399.08597,0,0,0,417.0501807,0,0,0,97.67133728,0,231.683039
399.08895,0,0,0,0,134.1670139,0,0,0,0,0
1067.00148,0,0,661.9507785,0,0,0,0,2316.13704,25333.8656,0
1051.0367,0,170.760844,0,0,0,0,499.9388537,0,0,0
817.09849,1054.860023,4194.649037,3429.378106,2982.033945,3459.340256,466.7180818,2133.044284,2140.665398,2466.687656,2586.181938
795.04626,0,0,0,0,233.5344401,0,0,0,0,0
533.02759,3685.397954,661.4985382,0,625.250166,282.5374349,3765.249229,0,818.5899924,0,0
773.06388,0,0,0,144.5248242,27396.35139,0,0,0,77842.52828,0
607.02907,458.9750415,0,1371.311496,1373.084141,0,0,320.0309019,299.4570559,0,357.0925625
591.05749,0,0,188.1786838,0,0,0,540.511448,849.3043043,0,0
560.96864,0,2823.11025,20903.65673,0,854.0902994,0,2342.246983,28513.80674,0,0
759.48385,0,0,0,0,0,0,0,0,253.0520551,0
591.05454,0,0,0,0,0,0,0,0,0,0
572.98335,0,0,0,1657.77417,0,0,0,0,0,911.2707968
564.96582,0,127.0089388,0,0,0,0,0,596.1374358,0,0
677.10852,0,0,0,0,0,0,0,0,0,154.9887969
533.01896,0,75.65335025,0,0,0,0,0,0,0,0
572.97991,0,695.9969565,0,0,0,0,0,0,0,0
607.02811,0,0,0,0,252.6791232,0,915.9436881,0,278.171507,0
768.90594,0,0,0,0,1730.368511,0,0,0,485.144319,0
613.04049,0,0,0,0,403.6991971,0,0,0,440.248061,0
607.02794,244.2838773,0,135.2501763,0,0,0,0,0,0,0
613.0399,0,0,0,0,0,0,0,389.6994536,0,0
613.03736,0,0,0,0,0,0,250.4888614,0,0,0
1039.00513,1656.991928,0,0,0,0,198.4778475,0,0,0,0
619.05469,0,0,0,0,389.2137153,0,0,0,0,0
1039.00507,0,0,0,0,0,0,0,0,0,0
550.62504,37510.49468,44145.82717,39423.39084,37253.0032,0,59691.46125,37750.69415,41395.62668,0,38221.05425
588.95753,1446.305327,936.9756519,0,0,23259.93913,2270.431641,0,958.3137609,14586.909,0
399.20439,282.8851804,43.7429334,0,0,0,302.0438682,0,0,0,0
619.0485,0,0,0,0,0,0,10030.24482,0,0,0
774.91588,0,2719.080138,0,0,0,0,0,0,0,0
1001.67044,0,0,4752.542514,3195.415908,355.5184028,0,0,2492.999604,0,4215.709813
619.04839,0,0,1215.760308,0,0,0,0,787.0700652,0,0
557.21619,0,0,0,0,0,0,0,0,1308.071869,0
774.91666,0,0,0,0,0,0,137.5092532,0,0,0
641.03837,0,0,0,1657.513828,0,0,0,0,0,1421.641609
817.09903,0,0,0,164.7544532,0,0,366.2766862,0,0,0
1290.91257,0,0,3608.460625,0,0,0,0,4453.074775,0,0
707.01802,0,203.5034988,11444.39552,0,35498.52869,149.7914011,0,9916.010013,35186.18331,0
561.03674,0,64.8896784,0,0,170.5685547,0,0,153.6530484,0,0
647.03075,21437.46236,2667.993925,3372.294284,11401.56632,249.602908,22793.27889,3086.516031,1132.087248,936.1470222,5235.071359
993.11051,0,0,0,0,145108.698,0,0,0,101561.0264,0
922.92269,461.8331202,46795.47335,0,0,0,6346.529117,64541.46106,0,0,0
1001.67048,0,0,0,0,417.1095052,0,0,0,0,0
1431.91331,0,0,63848.13201,73509.51315,39016.58598,0,0,63057.38527,15510.683,63240.68589
1045.69827,0,0,11787.20983,11126.55423,2758.918099,0,0,6206.042604,0,11570.45646
760.93477,0,0,0,0,35674.38807,0,0,0,28869.71484,0
588.95634,0,0,0,0,0,0,0,0,0,0
950.94785,391.5953056,0,0,0,0,0,0,0,0,0
390.10264,0,88.0172546,0,265.8643409,0,0,0,0,0,346.3608126
412.09285,0,0,0,0,601.6967231,0,0,0,0,0
465.01098,0,21204.51275,48547.3794,0,1513.978537,0,18802.51706,48061.00428,0,0
681.41123,555.5819966,0,0,0,0,1231.428839,0,0,0,0
1127.68148,0,396.8188147,0,0,0,0,152.3914758,0,0,0
761.05618,0,0,0,119.888086,0,0,0,0,0,0
761.06321,0,0,0,0,0,195.8702071,0,0,0,0
701.38586,0,0,0,0,0,0,0,0,0,0
614.34532,0,43366.07412,39573.45592,35222.09563,44766.26567,0,46348.84715,40018.79836,12130.31063,34103.7395
918.99414,0,0,0,0,0,0,531.1991414,0,0,0
918.98542,0,0,0,0,0,0,0,0,687.0578578,0
1077.64376,17719.40758,0,0,0,0,15658.19989,0,0,0,0
582.96094,1344.762341,3822.824003,5005.200087,0,2413.682639,0,5923.779085,3546.589696,0,0
560.9686,0,0,0,0,952.1898872,0,0,0,1122.245443,0
934.95411,176.3046702,0,0,0,0,0,0,0,0,0
733.02582,0,508.6337472,0,0,0,0,0,0,0,0
553.09263,0,0,0,82.85112305,0,0,0,0,0,0
715.46786,730.1087181,273.6744752,0,0,0,0,0,0,0,0
709.45786,0,0,0,0,0,0,0,80.74134076,0,0
702.9944,38757.24378,30683.77639,42959.35786,0,443.6669704,37259.21413,19488.50217,48171.06977,0,0
1236.99429,0,79271.24435,0,0,0,1766.666941,63716.80303,0,0,0
594.97605,8153.197128,291.1082966,276.7200792,1191.057564,0,10934.39579,0,244.352366,0,0
551.01215,379.5854795,221.7859531,0,1379.950635,0,1682.292712,0,0,0,798.1543827
621.40721,94700.04301,0,0,0,0,129332.0987,0,0,0,0
773.0646,0,450.6606116,1752.919244,0,183.3123047,0,5038.00611,787.6668439,0,0
551.01357,0,0,154.3950738,303.4553516,0,0,0,0,0,0
773.06361,0,1397.606823,0,0,0,0,4004.689008,0,0,0
878.99108,0,0,2620.287679,0,8227.957899,0,0,2742.38526,5737.607408,0
884.97871,0,0,1953.323948,0,0,0,0,1397.703125,0,0
548.91618,0,0,0,0,0,0,177.9523708,0,0,0
773.06389,0,0,0,0,1031.223698,0,0,0,0,0
647.43076,136737.4995,24743.24704,95.38361951,16623.71558,0,117351.1224,31339.13937,2270.281392,0,3181.061922
884.97604,0,323.4208566,0,0,0,0,476.2379525,0,0,0
867.54189,657.1455337,422.5974285,0,0,0,680.4532278,386.8302135,0,0,0
891.0063,0,0,0,0,0,0,0,0,4477.685236,0
760.93501,0,269.8512989,0,0,0,0,0,0,0,0
760.93221,0,168.9913607,0,0,0,0,0,0,0,0
421.02173,1258.237443,56711.58232,72074.69344,0,15676.91951,1922.134971,45268.57349,61566.95014,1643.01755,0
891.00512,0,174.7212423,0,0,0,0,0,0,0,0
429.09311,0,0,0,123.1627783,0,0,200.3238707,78.98185943,0,0
429.093,0,0,82.67477076,0,0,0,0,0,0,0
503.99528,254.8805482,0,0,0,3645.175999,0,1806.866723,0,105681.801,0
735.46238,0,0,0,625.637422,0,0,0,148.2416436,0,0
569.06622,0,0,0,0,2467.839106,0,0,0,3415.775843,0
1054.98313,150.6776307,108.4808402,189.7466906,0,0,202.5035336,0,0,0,0
1035.06467,0,0,0,0,0,0,0,96.02494563,0,0
511.02041,16259.71725,1898.481439,127.7033963,55138.32498,853.3415691,24242.95626,0,0,0,38780.82581
569.0668,0,0,0,724.2943164,0,0,826.9897703,0,0,0
636.8783,0,0,0,0,0,0,0,0,0,0
766.94091,882.3688988,12723.49717,255.9207357,0,0,0,8090.358176,2065.352156,0,0
786.95054,9267.489335,578.8626043,225.0950724,0,0,10757.38813,0,527.5043884,0,0
1080.93367,0,0,1575.858317,0,0,0,0,1473.963496,0,0
728.99216,0,0,0,0,529.970855,0,0,0,272.1097996,0
722.99117,0,143.3188387,0,0,0,0,0,0,0,0
661.05796,0,0,0,298.8131445,0,0,0,0,0,156.5438906
1027.01019,0,0,0,0,0,0,0,0,46747.00453,0
421.05174,5235.723374,8993.121657,5733.832832,38048.23833,0,4533.503109,10713.82432,7529.321104,0,23783.33306
647.02156,299.9761477,437.5515242,505.9218208,1393.433008,0,0,710.326578,0,200.1617414,1596.961375
524.94705,0,0,0,0,0,0,268.1875773,0,0,0
687.02903,48060.24071,10872.61064,3885.171061,37404.21678,0,58822.1029,2219.550356,3707.09579,0,23682.72413
641.01777,0,0,0,0,0,0,2324.684396,0,0,0
753.01524,0,0,0,0,0,570.2443976,677.8290533,0,0,0
776.90031,165.2307799,62343.29189,10325.09953,0,0,1134.674753,67166.02537,15637.46672,0,0
647.02464,552.1237901,0,0,303.5989258,0,0,0,0,0,0
641.0178,0,0,0,0,0,0,1051.956838,0,0,0
389.10477,0,0,0,189.5740577,0,0,294.661742,58.00233015,98.09752887,0
641.01895,126.8748012,0,0,0,0,0,0,0,0,0
641.0202,0,0,0,0,0,0,0,0,184.8019984,0
503.11982,0,0,0,0,0,448.4610917,0,0,0,115.8729062
811.01024,0,35369.87318,57575.90229,0,8091.843273,0,6411.756189,52145.03061,4425.409817,0
607.04424,29637.6894,15757.39617,22675.57683,47230.59083,0,25930.62757,8033.795541,21485.88223,0,23368.57225
751.41217,0,216.1532904,0,0,0,3312.230675,0,0,0,0
721.07019,0,427.7686925,0,386.0583594,0,0,1117.922494,0,0,215.19575
1280.95432,0,0,42919.00803,0,482.0828342,0,0,47612.60861,0,0
517.07384,0,119.5381998,0,0,23198.50855,0,0,0,13503.24496,0
811.48128,0,0,0,0,0,0,0,0,0,0
651.00473,324.4542312,8199.010293,88737.88607,0,6769.230881,950.1183953,47384.66932,43329.35488,0,0
513.0936,0,310.8317197,0,0,0,0,0,0,0,0
628.08717,0,0,0,0,0,0,0,0,602.1980865,0
622.08668,0,0,0,76.29914065,0,0,0,0,0,0
461.00707,102.2581582,91.54724644,0,0,0,0,0,0,0,0
622.88159,0,30075.44573,43359.66568,0,0,0,24493.75164,46129.68629,0,0
873.63983,0,0,0,0,0,0,0,0,0,0
399.05781,0,0,0,166.5280078,0,0,137.1982035,0,0,119.3455313
415.03878,79.80926784,0,0,44.29853028,0,0,0,0,0,79.61442187
415.03716,0,0,0,0,0,0,0,0,0,0
501.01729,2838.236069,0,0,422.7308985,0,1530.509509,0,0,0,0
884.96879,0,0,0,0,0,0,0,0,3748.374434,0
517.0744,0,1506.332079,1507.875319,3717.797163,202.8253256,0,1760.926816,657.5683593,0,3633.508718
560.97331,8618.907357,0,0,0,3908.049653,11224.91879,0,0,0,101.4844922
844.98733,0,0,155.3408339,0,0,0,0,421.198304,0,0
891.57109,0,0,0,0,0,0,0,402.8634296,0,0
829.01039,0,0,0,0,0,302.9524312,0,0,0,0
829.01374,0,125.0589533,0,0,0,0,0,0,0,0
763.97084,0,0,0,0,0,0,0,0,322.7251188,0
655.10705,0,0,0,72.45817385,0,0,0,0,0,0
517.07244,184.1289063,1359.326615,1077.167169,1568.268438,0,0,2243.94189,890.506428,0,1064.269703
601.02741,732.607249,26549.8542,16263.53798,0,33344.05191,0,26692.8429,9856.305602,130614.1328,0
636.87476,0,0,6653.896376,0,0,0,0,5243.721,0,0
1327.88502,0,0,0,0,0,0,0,104.5151058,0,0
748.991,0,0,0,240.499336,0,0,0,0,0,0
847.53786,0,0,7159.875705,0,1564.797179,0,0,9436.120241,0,0
407.00976,0,0,641.5481975,0,0,0,0,79.99366468,0,0
566.11886,0,0,1050.395725,0,0,0,0,1797.388054,0,0
523.07923,0,0,0,0,1848.026628,0,0,0,0,0
659.28457,76801.94926,384.5127732,835.8572592,44213.13852,441.8110677,71706.33635,223.7972038,1469.595085,0,39993.84006
763.53409,0,0,0,0,0,0,0,239.4385631,0,0
663.01262,908.3437846,3325.953005,3155.069119,99.8222168,2446.216276,0,2285.736231,3623.438094,1436.256652,0
571.07227,0,0,0,0,0,0,0,127.8557407,0,149.8910782
555.09951,0,0,0,0,181.3679796,0,0,0,0,0
571.07999,0,0,0,229.9842676,0,0,0,0,0,0
802.91592,1080.791465,558.7066119,226.1124267,0,0,490.774517,0,251.0777171,0,0
607.04461,0,1079.723831,463.4047851,303.8893946,101410.9927,6598.377313,0,376.4325306,71891.22617,1445.398375
1089.73114,0,0,901.4648438,461.7209473,0,0,0,242.2404075,0,230.46075
1005.71885,0,175.5682396,0,0,0,0,0,0,0,0
434.99911,0,0,91.49957951,0,0,0,0,127.5438094,0,0
465.01094,0,2230.938219,0,0,0,0,59559.84542,0,0,0
885.48977,0,152.4069809,0,0,0,0,0,0,0,188.8586875
593.10431,0,0,131.8760037,580.9795313,0,0,0,129.3729727,178.444888,275.318625
1121.67189,0,203.0261695,0,0,0,0,0,0,0,0
539.17895,301.8699962,0,0,0,0,220.4179174,0,0,0,0
993.6417,141.7395343,0,0,0,0,0,0,0,0,0
916.95707,0,6320.015026,3682.728597,0,0,0,4924.560915,3556.521435,0,0
1033.01561,314.246474,0,503.8357205,424.9276318,769.1524957,0,0,655.9264735,1020.313179,258.4539766
503.99312,0,15509.82858,3210.491306,0,0,162.5551501,5149.213896,4030.402022,0,0
1417.13071,0,0,2065.27063,0,0,0,0,1526.582254,0,0
855.50893,1891.411072,0,0,0,0,2186.589073,0,0,0,0
582.95341,0,0,0,0,0,0,0,0,927.6950578,0
390.96823,0,0,0,0,14987.47344,0,0,0,96634.01778,0
889.03331,12393.51934,0,0,12748.35497,0,16353.75882,0,0,0,9585.269344
1033.01592,431.7997788,0,0,0,0,0,0,0,0,0
855.51587,1248.893382,0,0,0,0,548.0290913,0,0,0,0
767.45231,2399.115563,192.4980948,0,0,0,1789.050267,0,0,0,0
453.98848,10473.98505,3754.008016,719.518297,28857.2125,892.7330403,11733.13461,1864.359336,761.0777418,0,21715.56059
631.06487,91.94388655,0,140.2523193,134.5773584,203.265191,0,0,165.7789631,249.2533401,0
609.07576,133.7123029,0,0,0,0,0,0,0,0,0
631.06459,0,0,0,0,0,0,0,0,0,96.42796872
410.02469,287.8841952,0,0,0,62210.97934,0,0,0,74779.66078,0
1048.99982,0,548.0079563,31840.11594,0,145.0879883,0,0,36279.59863,0,0
549.07578,0,0,0,157.0264551,0,0,0,0,735.5214843,355.88575
1077.57978,644.207135,0,0,0,0,2474.844804,0,0,0,0
861.51621,136.7270724,57.85174823,0,0,0,0,0,0,0,0
571.05806,0,0,0,0,0,368.5804893,0,0,0,0
565.05794,0,0,0,0,192.2439887,0,0,0,0,0
565.04835,0,0,0,0,0,0,0,0,0,0
517.08506,0,406.0233536,0,976.8363379,0,0,343.2196782,210.5298655,0,911.5784375
873.06813,0,0,1139.886122,0,0,0,0,638.5480741,0,0
766.93693,0,0,0,0,0,0,0,0,493.2944406,0
533.06115,0,0,0,0,328.0737848,0,0,0,1686.047073,0
517.08492,0,0,137.5093858,202.1441406,0,0,459.6383238,0,0,158.0963594
517.08526,0,0,0,0,0,0,0,194.2468849,0,0
533.06375,0,0,0,0,0,0,0,184.1881799,0,0
533.0641,0,0,0,0,0,0,0,156.1239616,0,0
513.06143,0,0,134.7031115,0,552.6529948,0,0,100.730512,0,0
588.96711,293.3316769,0,0,0,0,274.5032638,0,0,0,0
481.01269,750.4901826,0,1763.091038,179.180625,48730.93239,1064.571135,0,3066.194571,34541.23415,328.6300781
535.0434,0,0,0,0,0,0,0,0,0,0
926.91697,0,0,429.2674967,0,0,0,0,0,0,0
691.43996,0,223.7222488,0,0,0,0,0,0,0,0
767.45461,394.8449945,0,0,0,0,428.8319284,0,0,0,0
574.96849,0,335.6783934,0,244.6545118,0,0,688.2167389,107.4764018,0,2930.324234
845.07196,0,261.6420748,172.4984267,59.2135791,0,0,1868.069075,528.137547,0,0
751.47977,106.9860257,0,0,0,0,0,0,0,0,0
1258.97992,191.8878596,21421.08932,0,0,0,1105.397461,20932.54254,0,0,0
606.92155,0,1774.424913,5063.816433,0,703.2096897,0,691.0325746,7258.750433,0,0
544.93378,797.4482164,50848.98474,34857.37956,0,0,325.7471217,37891.14476,42048.74345,0,0
749.35312,118098.8561,0,0,0,0,124291.4358,0,0,0,0
813.12284,0,0,143.3639458,0,288.5705729,0,0,0,0,0
813.12351,0,0,0,0,0,0,0,0,0,0
813.12156,0,0,0,0,0,0,0,0,312.8584975,0
639.31738,408.253768,0,0,0,0,3074.468519,0,0,0,0
1088.99648,123.3608614,2594.921336,0,0,0,0,3076.380589,0,534.5425725,0
631.02133,0,1488.469337,0,0,0,0,514.5672958,165.6794156,0,0
1553.14214,0,0,832.6385973,0,0,0,0,1090.507893,0,0
645.32778,0,0,0,0,0,0,0,0,0,137.9266875
588.95913,0,0,0,0,0,0,998.47459,0,0,0
377.05999,14048.7128,22562.81098,22929.5287,31701.46006,8561.074327,12706.41766,18671.93241,23359.69369,4029.531901,21495.54561
631.02057,0,0,0,0,0,0,0,167.9137164,0,0
1088.98163,0,189.4142183,0,0,0,0,194.005492,0,0,0
377.07857,2021.789235,0,0,0,301.694184,1334.328922,0,0,0,0
513.04273,0,163.1179304,0,0,0,0,204.6710435,0,0,0
890.32832,353.4662957,20606.79448,39683.99531,20458.1099,26877.23611,1134.101922,0,40135.16925,13776.75911,16509.73688
631.45726,0,0,168.7763536,0,0,0,0,106.9969591,0,0
491.05255,0,0,0,0,0,0,0,0,0,0
845.16209,0,0,141.7976346,0,0,0,0,0,0,0
371.07795,0,0,0,28.53654541,0,0,0,59.77197884,0,0
371.07881,0,0,0,0,0,0,0,44.90128066,0,0
552.99018,1063.050436,0,0,93.1244922,0,1082.169382,0,0,0,0
1129.12569,0,0,0,0,76018.55395,0,0,0,68214.34086,0
644.99392,124.7086646,4715.819737,794.2581923,0,0,142.4066097,3441.951153,161.8399673,0,0
735.0088,263.9172688,0,0,0,0,290.5480571,0,0,0,0
703.39724,291.446315,0,0,0,0,0,0,0,0,97.53953904
552.98649,0,0,0,0,0,0,0,79.20816854,0,0
576.94507,733.7245403,344.1184817,1092.881348,0,0,255.4307155,2119.556892,129.5355024,0,0
1039.26604,0,0,0,0,139765.5366,0,0,0,112617.8379,0
934.95021,5237.460142,800.8517063,0,0,0,5115.159128,2797.843054,0,0,0
511.01943,209.1541586,0,0,0,47882.40998,0,0,0,42051.19514,0
928.9329,0,0,1089.847968,0,0,0,0,2244.742484,0,0
1215.00259,0,1219.972536,0,0,0,0,1078.544961,0,0,0
574.9665,0,0,0,0,0,0,0,0,1383.277061,0
756.92521,0,34862.93247,32854.80632,0,1182.539887,0,27521.60528,19077.3125,301.3089051,0
574.96974,143.9705562,0,0,0,0,0,0,0,0,0
973.55492,0,0,341.5188396,0,0,0,0,183.4714819,0,274.7547187
928.93194,0,119.4084308,0,0,0,0,0,249.3892899,0,0
928.92989,0,86.29694092,0,0,0,0,0,0,0,0
1105.63168,0,0,242.6560872,170.1252344,0,0,0,571.0101241,0,241.3792969
1393.86064,83721.21713,28492.80152,0,0,0,64876.31656,50595.57557,0,0,0
1023.0412,0,0,309.535319,0,0,0,0,218.6322192,0,0
471.02589,2236.309873,3610.70231,856.1804472,0,0,0,0,1233.837025,0,0
1073.00789,0,365.8709739,4278.624458,186.799336,3976.610851,0,0,12059.28229,7416.717278,0
389.96117,29932.21571,39933.58125,10583.4289,0,7564.960091,32013.69547,36309.28071,12587.50045,0,0
368.42184,11470.10035,53563.20485,0,0,0,69976.70595,47707.7201,0,0,0
780.94743,4010.824357,630.8582724,0,0,0,1590.33676,573.4083771,558.0348596,0,0
595.29944,880.7123635,0,0,0,0,465.5714947,0,0,0,0
595.30089,388.2194933,0,0,0,0,0,0,93.36525911,0,0
899.46888,65345.60727,0,0,0,0,71398.08923,0,0,0,0
873.06086,320.6713565,267.2637318,347.1482205,0,5044.867253,230.5411699,1253.459468,1142.630044,10829.98964,127.5757578
601.30924,0,0,127.9234076,0,0,0,0,0,0,0
554.98369,0,0,0,0,0,344.4588816,0,0,0,0
465.01178,0,0,0,0,0,0,0,0,0,0
503.99371,0,0,0,0,2242.175781,0,0,0,5362.950549,0
567.05213,0,0,0,0,144303.5142,0,0,0,88078.61164,0
557.06618,0,5912.752637,7364.520888,996.895469,113088.5062,0,0,5620.352304,73041.51342,945.8168752
665.36762,306.4458483,0,0,0,0,979.8023359,0,0,0,0
503.99826,0,1111.198793,0,0,0,0,0,100.9549669,0,0
875.01323,0,0,0,0,0,0,0,0,0,88.57844528
950.91472,0,4372.336057,5490.845106,0,0,0,0,1682.398735,2717.812132,0
993.1089,6747.128284,2243.076735,870.1376004,4256.899219,285.8127604,2176.773386,2595.387086,1125.579336,0,2997.534422
993.10938,5183.883435,0,525.7567817,3626.123477,1315.858507,12967.0259,0,826.9667227,847.8551291,1247.010812
1073.00813,7400.643875,5347.795102,0,0,0,0,4460.531211,0,0,0
405.05537,3709.543799,2195.845044,4105.7213,8124.941719,96890.21884,4943.984272,0,688.0426228,65244.64617,9929.811563
582.10934,0,0,0,0,0,0,132.7456586,0,0,0
1005.02146,0,0,1440.490126,0,1988.372873,0,0,686.4655854,881.5412987,0
977.13064,0,0,0,0,134.351378,0,0,0,0,0
1076.9503,0,41813.74412,0,0,0,3005.872559,39591.54092,0,0,0
872.98759,0,0,0,0,0,0,0,0,0,0
525.26605,13720.71903,295.6007237,3622.576023,0,0,11382.95066,435.9084158,4412.224597,0,0
1401.15579,44388.97337,48855.0147,0,0,0,38959.85997,40853.05038,0,0,0
1243.01101,11729.05451,63916.29081,0,0,0,14667.96831,44601.99103,0,0,0
543.98623,478.1910433,247.591713,0,0,0,335.9244192,572.0142907,0,0,0
999.01631,0,109.0133483,0,0,0,0,0,0,0,0
1026.25283,0,12171.45743,16122.60419,44107.36272,26495.34805,805.2391808,0,17160.42902,0,37841.33053
780.92039,1732.89823,4136.12754,749.4485948,0,0,1036.436524,3754.487179,594.2381453,0,0
758.9368,0,0,257.4329427,0,0,0,0,0,0,0
718.97194,0,0,0,0,0,0,0,0,0,0
718.97096,0,0,173.8126899,0,0,0,0,0,0,0
563.30144,31091.92257,69.52587589,0,0,0,31264.82823,0,0,0,0
780.92168,0,0,0,0,3509.934332,0,0,0,4544.563377,0
557.06673,14114.67628,17414.0199,19068.41467,33429.96599,251.7394314,12279.5845,19238.48151,17376.70635,0,19279.18522
414.93421,0,0,0,0,1721.21888,0,0,0,13080.47334,0
427.0748,0,0,0,0,0,0,0,0,725.4536345,0
950.91786,0,170.0145226,1489.79872,0,0,0,0,1245.836185,360.9014662,0
610.90461,390.8437845,160.8707463,828.7264269,0,0,181.8542224,0,198.5350573,0,0
671.44167,148.4620956,0,0,0,0,0,0,0,0,0
878.99097,3781.961836,0,0,0,0,2069.425421,281.8394956,224.7196895,0,0
950.91672,0,0,241.3107639,0,0,0,0,262.3993028,0,0
594.92718,0,168.8533359,0,0,0,0,0,0,0,0
935.60089,0,0,0,0,0,0,0,228.4379697,0,0
449.05594,0,0,2812.444445,4362.991407,0,0,1750.631188,1142.52858,0,0
616.90393,0,0,0,0,0,0,0,0,0,0
616.90523,0,0,0,0,0,0,0,115.5000742,0,0
918.98368,13554.70561,1661.662769,7142.047363,4840.923779,0,15942.00267,1663.743735,11288.36931,0,4981.463031
637.30074,0,0,0,0,1549.046626,0,0,0,585.4449445,0
878.99946,0,0,0,0,0,281.2950504,0,0,0,0
847.05618,0,133.7827957,129.7297363,0,12672.30642,0,0,0,2300.725997,0
621.33321,0,0,207.3548381,0,0,0,0,111.6155063,0,0
643.30587,0,0,0,0,0,0,0,0,0,0
879.01213,0,2125.804328,976.7833117,70.9266699,2385.863108,517.7920436,1280.803663,2689.449169,1732.649796,0
993.10753,0,0,0,0,0,0,0,0,0,0
1343.86066,0,0,29767.8568,40992.83344,8253.900456,0,0,26168.36206,1184.922328,32642.02275
421.048,0,42.69486915,0,0,0,0,0,0,0,0
651.35373,65677.7061,0,0,0,0,73635.36138,0,0,0,0
414.93961,0,107.953113,0,0,0,0,0,0,0,0
758.11643,0,0,38505.75461,0,47946.50247,0,0,27829.09909,41889.33492,0
557.08413,1216.433766,0,0,0,0,0,0,0,0,0
619.04689,0,0,0,0,58856.84809,0,0,859.3661,58129.88593,0
387.08051,0,0,0,0,0,0,0,0,0,0
387.08389,0,0,106.9089898,163.5914893,0,0,0,103.5795528,0,0
721.30483,0,0,0,0,0,204.118177,0,0,0,0
387.08511,0,0,0,0,0,0,0,0,0,121.0161953
653.08786,3279.057574,8948.970404,6144.757365,23090.5641,2611.036719,1813.907509,7849.600054,5331.161924,160.0658826,17444.20488
1027.02554,0,0,0,0,3402.985243,0,0,2957.572649,1176.987432,0
847.05869,2005.434821,0,0,0,0,554.7760588,0,0,0,0
764.96771,0,0,218.7413059,69.64967285,0,1210.659565,0,476.9645224,0,0
899.53848,2903.701328,0,0,0,0,1549.89651,0,0,0,0
613.05122,0,0,372.2711995,0,881.276096,0,329.8065052,811.6639513,0,0
401.06019,0,0,315.6715019,1049.596675,0,166.0602386,166.1469871,143.7944892,0,792.3240937
1005.05057,0,0,0,0,302.8620877,0,0,0,339.7370641,0
1058.97265,0,0,0,0,0,0,0,348.3510433,0,0
789.43139,0,329.0866685,122.8362359,95.9636426,0,0,0,0,0,0
789.43539,0,0,0,0,0,0,0,122.498838,0,0
525.28794,0,0,603.6083713,0,0,0,0,612.9580078,0,0
681.06225,0,0,0,0,0,0,0,791.1142949,0,0
613.05122,0,175.5150618,236.1585015,0,329.5605794,0,0,0,0,0
557.236,0,0,0,0,0,269.6183183,166.2667466,433.3958539,0,0
899.54213,0,0,0,0,0,393.0549445,0,0,0,0
393.18268,0,123.7301452,343.352756,0,0,0,0,448.356433,0,0
1015.00781,0,0,135.6099853,0,0,0,0,0,0,0
601.03797,277.8670233,2829.195792,5485.741401,0,6196.608898,135.3490954,2722.264774,2866.421603,0,0
393.18156,0,0,0,77.5145996,0,0,0,0,0,0
607.0394,3510.894618,600.5867283,869.6081746,4691.729732,0,6270.738718,295.5838683,1384.719294,0,2285.598539
702.99326,0,0,0,0,16761.6678,0,0,0,49661.41542,0
890.35442,0,0,15116.9101,31784.85231,16943.03906,0,0,17463.51147,16969.76342,36034.45997
629.02028,0,0,0,0,0,0,0,0,0,0
1060.99874,0,34551.65865,0,0,0,3037.141087,46126.49807,0,0,0
999.10965,0,0,304.7863634,0,0,0,0,141.3850252,0,0
564.94751,0,0,0,0,634.0731337,0,0,0,1200.169384,0
564.94679,0,0,0,60.77140135,0,0,0,0,0,0
783.03528,18388.16315,2302.80809,813.9752469,16423.49669,0,22131.82139,0,835.9830028,0,6457.435883
792.06147,0,2052.185104,642.6390517,0,0,0,950.7331567,2130.911294,0,0
1149.66108,0,0,259.853163,0,0,0,0,660.6870427,0,0
919.59533,0,0,3662.498847,1773.697812,0,0,0,3202.49016,0,894.200461
1017.63853,0,0,0,0,0,0,0,394.7962446,0,0
1095.02854,0,0,1054.254639,0,571.6767361,0,0,3031.808915,1020.202616,0
989.24689,0,0,0,0,9872.563607,0,0,0,6286.353544,0
509.00437,770.7445122,1981.855445,549.2870008,3071.131226,0,854.3664808,488.5941754,507.9853763,0,505.7994844
582.08823,0,0,0,0,70170.71858,0,0,0,84143.90252,0
675.07275,0,276.3883483,260.8135037,256.3709863,6578.199458,0,0,629.7414953,1054.258945,251.0536718
601.03617,0,2332.543867,3167.695991,0,457.853342,0,1441.847386,5016.628313,1078.328521,0
734.92513,0,2631.742487,21602.97483,0,0,0,874.0612817,24485.06176,0,0
570.96365,402.2967195,145.2043712,0,139.6334473,0,0,0,0,0,0
413.2334,0,0,0,0,0,0,0,80.86833715,0,0
734.94515,0,0,2531.586047,0,0,0,0,2034.760928,0,0
1242.99949,0,0,2397.337294,0,2446.160634,0,0,5016.56967,582.076653,0
727.36688,1119.795147,0,0,0,0,0,0,115.4430751,0,0
894.97615,0,196.4513037,0,0,0,0,282.9027112,0,0,0
775.1858,417.956409,0,89.88559299,0,0,0,0,0,0,0
753.19683,0,0,117.6239828,0,0,0,0,0,0,0
1057.06664,63.80256153,0,0,0,0,0,0,0,0,0
597.91542,0,0,0,0,192.2648654,0,0,0,206.4375849,0
1042.99427,0,484.2579083,0,0,0,0,787.3078589,0,0,0
1089.72082,0,0,9339.253418,7695.981934,2280.883659,0,0,5586.555497,0,9832.216532
503.2791,2954.94635,0,0,0,0,2279.281044,0,0,0,0
1242.99829,991.7599039,3205.792513,0,0,0,495.7287726,3437.443031,0,0,0
811.03153,0,0,0,0,0,0,0,0,672.3378057,0
503.27927,2428.360516,0,0,0,0,1809.248176,0,0,0,0
601.03587,0,0,0,0,4158.750195,0,0,0,4475.006709,0
972.91381,0,0,1668.704888,0,0,0,0,1039.363801,0,0
985.68791,0,0,0,0,0,1068.669279,0,0,0,0
1039.61101,0,118.565196,0,0,0,0,0,0,0,0
393.02966,0,0,0,0,501.5622396,0,0,0,371.2781929,0
1333.86413,0,0,0,0,0,0,0,422.816363,0,0
1327.85066,0,0,0,0,0,0,0,121.3170738,0,138.7338125
703.00778,0,0,0,3690.710186,430.7126302,0,0,0,829.1289062,1876.645453
839.08263,12679.73567,9466.865252,20298.48714,25398.21818,0,5662.497983,5603.108254,26259.33931,0,16472.47283
691.03799,0,207.2896796,189.0225694,0,0,0,271.2630338,143.1325282,0,70.04576562
471.02836,0,0,0,0,29102.57023,0,0,0,43706.5745,0
1258.96747,0,10663.74141,0,0,0,308.7167712,6751.807279,0,0,0
559.95455,0,0,0,0,0,0,471.5479579,0,0,0
457.03101,0,0,0,0,0,0,462.2459487,0,0,0
532.9931,21735.15876,2022.670761,4557.290908,1380.357158,0,26544.20595,636.4053605,3370.9554,0,0
1017.28531,0,0,199.1685249,0,0,0,0,0,0,0
1023.28922,0,0,0,0,0,0,399.397432,0,0,0
727.06365,0,0,0,875.6750782,4896.715603,0,0,0,2079.695638,967.9770313
923.64173,0,0,147.8632948,0,0,0,0,0,0,0
955.59562,173.0247684,0,0,0,0,0,0,0,0,0
1537.17349,40473.49324,33121.3039,0,0,0,37582.60151,26268.16207,0,0,0
935.60536,0,232.1617379,0,0,0,0,0,0,0,0
607.04271,0,0,0,0,3270.029449,0,0,0,178.0702417,0
1061.67027,0,0,545.5016141,0,0,198.7242753,0,549.8013375,0,0
1371.8772,0,0,0,158.815586,0,0,0,311.6767702,0,0
607.04466,0,0,0,0,1166.853885,0,0,0,0,0
1109.7477,68109.21251,22098.13949,0,0,0,55437.22204,8843.475344,0,0,0
1261.77889,56976.09538,18095.38732,0,0,0,47666.89762,34675.6624,0,0,0
1123.00033,4939.022833,0,0,506.9788233,0,4010.752955,0,0,0,61.21707422
563.28661,2193.493432,0,0,0,0,6743.307515,0,0,0,0
836.83847,0,0,506.8621013,0,0,0,0,80.41617013,0,0
559.27026,0,0,0,0,0,0,0,0,0,85.9801484
1203.27408,0,0,0,0,88973.39549,0,0,0,74078.12409,0
621.40408,1854.344442,0,0,0,0,9531.044203,0,0,0,0
491.15877,0,0,0,0,0,185.2215512,0,0,0,0
517.02706,0,0,0,0,0,0,0,0,0,0
823.03012,0,4965.33698,9232.373277,0,0,0,2630.749381,11036.33753,0,0
693.08239,0,2307.298049,29030.06569,956.2217967,42290.2513,490.2890111,627.7951733,28546.1529,22817.47017,1399.577719
663.00186,7853.944258,16811.62308,24348.28923,299.0218164,6951.503299,10558.15219,13112.03852,29249.61548,0,0
1021.6719,0,0,192.152086,0,0,0,0,0,0,0
507.23702,614.9630635,0,0,0,0,0,0,0,0,0
1127.74451,169.5693273,0,0,0,0,0,0,0,0,0
887.065,0,0,0,0,0,0,0,0,0,0
517.02982,0,83.00323521,0,0,0,0,0,0,0,0
794.88158,0,78.77853,163.0883653,0,0,0,0,0,0,0
973.62098,232.1244988,0,0,0,0,1186.876696,0,0,0,0
467.34845,1207.830139,0,0,0,0,1136.645071,0,0,0,0
711.27379,0,0,1333.694607,0,0,0,0,480.9278827,0,0
817.01556,282.1431658,2653.378403,2914.28616,0,0,331.966617,3995.770866,2155.189997,0,0
489.043,0,0,0,0,0,0,0,0,0,0
749.05099,0,0,0,349.1476563,0,0,0,0,0,605.9758125
749.04884,0,100.8271904,0,0,0,0,0,0,0,0
492.97506,0,1355.124718,10049.76093,0,0,0,1133.934087,8741.77188,0,0
495.09361,0,0,0,0,0,0,0,121.2146954,0,0
1221.80676,24979.27256,7207.233177,0,0,0,17568.27179,2228.327274,0,0,0
687.02726,0,0,0,0,23327.10462,0,0,0,19946.52913,0
390.96877,207.8620713,0,0,0,0,0,3665.73892,0,0,0
479.11852,0,0,0,0,463.6284722,0,0,0,0,0
479.11663,0,0,0,0,0,0,0,0,0,0
471.04044,0,1245.494632,0,1618.5,1686.807118,0,0,2128.85443,0,8041.979501
921.45091,0,0,102.6258274,0,0,0,0,0,0,0
1015.08997,59851.20962,7443.360885,78.17711722,0,0,52796.1076,12960.68234,0,0,0
481.00154,422.6946038,3146.109255,19831.61593,0,496.8960503,2619.618061,23577.94367,6318.988139,0,0
390.96779,0,0,0,0,0,0,0,88.25252177,0,0
606.90759,0,0,0,0,263.2340929,0,0,0,1423.291454,0
606.91102,0,154.6092192,0,0,0,0,0,625.7369956,0,0
604.92624,0,197.0830798,658.4507514,179.930166,5207.009331,0,0,413.603837,17351.14068,144.9164375
870.95538,0,0,458.5029026,0,0,0,0,163.6742732,0,0
396.97455,0,0,0,127.9365991,0,0,0,0,0,0
396.98075,0,0,0,0,0,0,225.3615409,0,0,0
564.93595,0,0,0,0,0,0,0,0,0,0
993.027,17365.08167,11412.42794,0,0,0,14121.64836,12235.99807,175.9884172,0,0
439.0481,0,0,0,0,176.4948026,0,0,0,257.7499717,0
439.06192,1887.414702,1111.272203,323.4472656,4018.594258,285.9845703,2189.39191,456.4402266,436.7845258,304.6145833,4550.31075
432.00507,0,323.1704371,0,0,30241.2786,0,0,0,33074.53267,0
665.07125,675.1654626,179.4233369,0,0,0,0,0,0,0,248.0088125
511.00473,0,96.44818227,0,0,0,0,0,0,3029.015455,0
633.12603,0,0,0,0,538.4776693,0,0,0,290.5459693,0
1177.78557,0,0,376.4763862,0,0,0,0,109.3752349,0,190.0815625
1177.78553,0,252.0692341,0,0,0,0,211.9428566,0,0,0
708.98388,0,93.17238423,219.3241713,0,0,0,0,329.8333416,0,0
708.98312,211.90765,0,0,0,0,0,0,0,0,0
485.10701,0,0,0,0,0,0,0,0,305.6821784,0
485.10797,0,0,0,0,0,0,0,0,0,0
966.88936,0,0,0,0,0,0,298.7892752,0,0,0
632.9864,0,0,89.21296521,0,0,0,0,0,0,0
563.30001,0,71.9657784,0,0,0,0,0,0,0,0
1077.66512,0,0,0,179.9803125,0,0,0,0,0,0
598.92308,0,0,0,0,658.033572,0,0,0,3117.855441,0
650.98232,0,0,0,0,318.7911676,0,0,0,402.4463316,0
1256.94592,0,0,514.9701335,0,0,0,0,670.5321647,0,0
833.46057,0,0,143.1544325,0,0,0,0,160.5319175,0,0
966.90742,0,6481.751246,0,0,0,0,10962.4812,0,0,0
598.9189,0,0,0,0,0,0,0,2178.851859,0,0
474.98703,0,228.2541879,10310.55393,0,961.1839193,0,5593.652286,1535.08349,0,0
500.02621,75.07193722,2326.115366,0,285.7103174,0,0,797.6257929,0,0,1047.826555
415.23102,0,0,0,0,0,0,0,0,0,85.26782816
1045.70935,0,0,211.0738526,0,0,0,0,125.9465981,0,0
1045.70909,0,0,0,0,0,0,277.5720916,0,0,0
667.26024,0,0,0,0,0,0,0,0,295.736781,0
594.9385,346.3470686,475.8086896,336.7796224,0,223.6358073,576.3872328,818.2578126,189.006873,0,0
1104.952,1166.725958,34500.89832,0,0,0,2877.14836,40752.48341,0,0,0
657.00893,0,0,0,0,60174.23438,0,0,0,34173.79993,0
744.96859,0,0,0,0,21256.58971,0,0,0,28317.97727,0
823.03248,1137.644082,532.8974909,0,0,0,535.2399774,0,318.3847409,0,609.9032813
707.43813,3728.697041,0,0,0,0,16814.83511,0,106.6110438,0,0
578.96733,0,0,158.1525065,0,0,263.4390676,0,0,0,0
573.0484,0,0,0,0,873.0736329,0,0,0,0,0
594.93722,0,0,0,0,0,0,0,0,211.9893145,0
819.4726,3136.768356,7348.164374,0,7392.713545,0,2015.057155,6116.945506,0,0,1158.431594
573.04706,0,0,0,0,417.9850694,0,0,0,0,0
965.11188,2549.232906,7203.269208,20774.2836,15234.75863,12383.79467,2251.394172,2960.943456,19446.22505,1928.031547,16619.01513
573.04657,0,0,0,0,0,0,0,0,0,0
1475.94076,0,0,55973.14625,0,0,0,0,52654.90508,175.8175668,0
591.04287,0,12512.04027,851.2627225,0,1526.080273,0,8766.337426,1621.175163,0,0
817.02099,105.5565456,969.3743769,0,0,0,0,209.2304301,0,0,0
1026.24095,21682.24094,17171.0113,0,0,0,21955.13716,35033.54765,0,0,0
857.46278,297.3258435,0,0,0,0,1460.337222,0,0,0,0
437.03107,0,1224.173792,414.6625434,0,0,0,692.8859065,0,474.6627604,0
437.03566,0,0,0,0,0,0,0,0,4204.727808,0
834.85925,0,0,65.33657498,0,0,0,0,0,0,0
841.17216,0,0,0,0,469.3996962,0,0,0,0,0
481.00071,0,0,0,0,30320.84888,0,0,0,4280.83707,0
461.03058,0,111.1455498,0,0,0,0,0,0,0,0
408.92114,0,25083.29659,19968.07772,0,0,0,21499.72397,19154.84993,230.0524088,0
811.00851,0,0,0,0,0,0,0,0,32249.81499,0
791.25064,0,0,0,0,0,0,0,0,0,216.2833594
416.0277,0,0,0,0,0,0,0,0,0,0
578.92489,219.1322594,0,0,0,0,0,0,0,0,0
765.02577,138.5682557,6020.646353,10321.49864,105.1732617,0,1288.706671,16794.95359,6927.501805,0,0
785.58675,0,0,0,0,0,510.5909745,0,0,0,0
439.05542,0,0,0,0,257.9006944,0,0,0,0,0
817.54095,0,0,0,0,0,0,0,0,0,0
1064.95667,0,170.6256351,0,0,0,0,0,0,0,0
1105.71809,0,0,21825.9304,24311.96315,8093.669195,0,0,13654.67421,786.7368659,20878.62528
889.61834,0,0,36280.21893,10331.31816,1589.169314,0,0,22123.94798,0,18235.12569
1391.78888,58136.05911,0,0,0,0,59912.58676,0,0,0,0
591.34061,0,0,0,0,0,0,0,0,0,0
783.05083,6010.867793,646.7380895,0,1613.447715,135.6670464,4980.339458,416.9254526,588.2283178,0,372.089
531.03468,0,98.04903779,0,0,0,0,0,0,0,0
445.09183,0,85.87231595,117.1530083,1290.482598,157.203201,0,282.2443727,90.72557975,460.374717,595.8479374
943.5626,279.1257346,0,0,0,0,0,0,0,0,0
949.56919,0,57.93006494,0,0,0,291.5526572,0,0,0,0
1275.68577,0,0,0,0,0,0,0,0,0,171.697125
1038.9935,0,0,0,0,881.7193577,0,0,0,0,0
1054.97187,0,0,164.8030056,0,0,0,0,112.0231532,0,0
1054.97437,0,119.2240702,0,0,0,0,0,0,0,0
403.03937,799.021709,398.3479438,0,0,74187.46181,731.917352,0,0,52854.26611,0
405.93403,0,1661.719097,42066.07153,0,224.2290364,0,3988.959951,41257.74145,0,0
696.93993,0,486.582894,1254.102607,0,0,0,4941.192838,1944.511373,0,0
604.9277,0,0,0,0,0,0,0,0,0,0
389.9605,0,0,0,0,1749.283073,0,0,0,39323.5004,0
811.01132,0,461.2738209,0,0,0,0,29285.39113,0,0,0
1181.29096,0,0,0,0,10781.97702,0,0,0,8065.705701,0
977.05883,0,0,0,0,0,0,145.1051593,0,0,0
650.87679,0,0,173.3175592,0,0,0,0,0,0,0
579.05815,0,0,0,0,0,0,0,68.32252519,0,0
906.97401,0,0,0,0,0,0,28139.88382,0,0,0
787.52265,7902.442495,974.7414925,0,0,0,7536.561267,372.4237411,0,0,0
830.96674,0,0,0,0,0,0,0,0,0,0
829.59961,0,0,718.1427951,137.9497852,0,0,0,343.9388969,0,180.0033438
510.01141,0,0,0,277.8623535,0,0,0,0,0,0
702.99517,0,103.4121693,1864.432536,0,0,0,0,4094.420231,0,0
906.97893,0,4220.822086,5408.110243,0,3073.168663,773.0209704,0,0,9066.143229,0
829.60496,328.3056554,504.7947661,0,187.9441016,0,626.5989926,0,0,0,0
966.91819,0,0,12461.36003,0,0,531.1631374,0,9574.055232,0,0
555.2555,0,0,0,0,0,188.1716695,0,0,0,0
561.26774,0,46.59298912,0,55.02754885,0,0,0,0,0,0
1089.72026,0,0,0,0,0,0,0,0,0,0
1105.6942,0,0,0,257.1960157,0,0,0,0,0,0
694.95459,0,0,0,0,0,0,0,0,0,0
1193.6888,0,0,0,117.3669141,0,0,0,0,0,0
884.99478,277.6596896,0,0,0,919.0104167,0,0,0,3402.307745,0
783.04676,572.8328868,1408.502726,766.1862522,308.5638916,0,681.1825658,2817.588992,262.9061264,0,130.5997031
407.98709,0,205.4461273,170.8797336,0,0,0,0,170.5094689,0,0
376.04346,352.8796667,0,0,0,0,0,0,0,0,0
477.07854,0,0,0,0,11172.47947,0,0,0,4420.507699,0
892.979,0,0,0,0,0,0,0,164.1324664,0,0
497.98671,521.4863886,6106.645131,0,22343.09121,5103.394444,812.5864514,7290.369411,0,0,35033.89163
376.04439,0,0,0,0,76.00091689,0,0,0,0,0
557.05515,408.7583656,0,0,0,0,0,0,0,0,0
563.06322,0,0,264.8144938,108.2266309,150.052908,0,0,158.431208,0,0
841.03511,0,0,0,2672.64728,0,0,0,0,0,1898.793086
563.06041,0,0,0,0,0,0,0,0,0,170.7627656
1221.80944,0,0,0,0,0,0,0,0,0,0
475.97033,0,109.5357314,0,0,0,0,272.1789334,0,0,0
1264.98505,0,0,9701.171739,0,924.6457682,0,0,10515.08392,409.3598703,0
465.03991,438.371595,0,0,528.278633,0,364.0097142,0,0,0,288.5420313
983.05667,0,0,0,0,0,0,0,0,0,0
595.03388,0,0,2346.565647,0,1355.125412,0,4760.774288,105.0073057,213.2708333,0
804.90955,0,0,0,0,0,0,0,0,0,0
481.00122,0,0,0,0,23810.32491,0,0,0,9834.702899,0
973.54744,0,176.7390601,0,0,0,0,0,0,0,0
898.97264,83.5489059,0,0,0,0,0,0,0,0,0
814.86123,0,637.3047235,6445.267999,0,0,0,605.4369586,5321.082192,0,0
785.94268,2544.516809,0,0,42.90993164,0,1367.144274,0,228.0534266,0,0
739.38937,632.0215708,0,0,0,0,0,0,0,0,0
977.67014,0,0,24091.24338,18745.45227,5042.503798,0,0,16639.18366,801.3016587,16883.72141
471.04522,0,0,0,0,0,0,0,0,1320.23596,0
1435.81349,50412.39253,0,0,0,0,57205.60002,0,0,0,0
566.92563,0,0,493.3929851,0,0,0,156.9687597,346.5672222,0,0
839.11071,0,746.4948955,156.4607747,564.2944727,0,733.2370991,2545.990718,0,0,1455.493406
1033.00649,0,0,2877.568821,194.3094629,238.6937066,0,0,747.0629451,327.6380209,124.7391484
431.0351,231.2753906,4116.611963,540.1029324,2904.108086,85450.42943,0,2548.368396,1192.267269,60318.19962,3652.947422
441.28807,215.0337735,0,0,0,0,0,215.1142868,109.5081215,0,0
528.96556,0,292.0964939,0,0,0,0,0,151.7929687,0,0
465.03516,0,0,0,93.5011328,0,0,0,0,0,0
839.01488,1574.797497,3016.21506,7213.149903,95.1246875,1230.891699,957.5878907,1894.236792,5529.854579,203.4474071,0
1479.8442,48555.23406,0,0,0,0,50467.09447,0,0,0,0
598.9083,0,0,0,0,4310.36276,0,0,633.9777368,16194.1209,0
891.07008,0,6591.218343,0,0,0,0,22408.45254,0,0,0
465.0401,0,0,0,112.353584,0,0,0,0,0,0
632.98211,0,0,158.6299099,0,0,0,232.4059599,0,0,0
783.05081,305.3375796,0,0,0,0,1743.902395,0,0,0,0
702.99522,0,0,261.2612983,0,147.4475803,0,0,0,0,0
1026.99719,333.7307799,238.9876941,0,0,0,0,0,188.8466549,0,0
1055.02124,0,146.4983824,0,0,0,0,0,0,0,0
1239.06691,0,0,105.4282023,0,0,0,0,0,0,0
569.07759,0,0,0,0,0,0,0,0,563.0992414,0
512.99595,0,0,131.7557373,0,0,0,0,0,0,0
437.03841,187.1322421,0,0,258.0258692,0,847.7905272,0,0,0,0
783.0489,77.98178235,0,0,0,0,0,0,0,0,0
421.06215,0,0,204.3229438,0,0,0,0,174.8189898,0,0
1033.00528,0,0,0,0,0,0,0,818.0449713,396.9857903,0
1061.00898,217.5743051,1087.803202,0,0,0,0,7298.536433,0,0,0
619.38421,1787.758712,94.54673718,0,0,0,0,0,0,0,0
1005.0376,0,3269.4595,0,0,0,0,2793.633625,0,0,0
772.90531,0,0,218.5076497,0,0,0,0,0,0,0
447.00116,332.0165411,16807.69449,19914.2829,0,3201.116363,0,21705.13196,18414.93473,157.3291299,0
971.61716,202.7802475,0,0,0,0,0,0,0,0,0
895.59312,0,0,19227.92217,11354.99615,11751.8038,0,0,22633.64014,457.1851788,12447.77508
1553.14518,0,0,255.8346219,0,0,0,0,134.3580523,0,0
940.9653,2437.853688,0,0,0,0,3274.723582,0,170.4319868,0,0
1067.29067,0,0,0,0,62212.42162,0,0,0,49901.10626,0
1083.0105,0,0,0,0,0,0,1427.592203,0,0,0
777.03753,0,0,0,0,0,0,0,0,463.1099694,0
465.02209,0,564.1178585,0,0,0,637.5324836,4438.527846,634.3149722,398.3384851,0
881.02376,0,0,0,4647.689107,0,0,0,0,0,2172.422094
1258.96628,0,0,0,0,603.3729383,0,0,600.0820807,0,0
1093.77424,0,0,0,0,0,690.4855058,0,0,0,0
689.10282,0,0,284.8822972,0,0,0,0,325.7277986,0,0
1039.02558,0,18175.22627,0,0,0,0,16683.67922,0,0,0
465.01846,0,0,0,0,673.1184462,0,0,0,5155.656533,0
1245.80046,0,0,0,0,0,0,0,110.7809286,0,0
595.03921,0,0,0,0,0,305.5903192,0,0,0,805.2269375
689.10362,0,0,173.3967556,0,0,0,0,0,0,0
689.09928,0,0,0,54.02521485,0,0,0,0,0,0
465.02124,0,220.1065232,0,0,0,0,7973.817877,0,0,0
711.08456,0,0,0,0,0,0,276.9594098,0,0,0
579.06366,0,0,0,0,280.3820096,0,0,0,193.560561,0
595.0409,0,0,0,0,0,0,0,0,0,0
824.85522,0,1452.0609,39445.00079,0,0,802.6519839,193.9133856,33283.54548,0,0
461.10485,0,274.1300206,0,430.0435938,0,0,220.4390083,0,0,301.3890546
533.21481,30886.06321,0,992.2708604,0,0,68451.18529,0,424.9155335,0,0
1193.02252,246.1136269,0,295.9586589,0,0,0,0,0,0,0
1079.03717,0,0,0,0,221.7473741,0,0,0,2819.648437,0
471.02836,203.8592108,76.20077049,65.10658773,2026.028653,89.64211697,213.0241313,0,0,0,104.4170313
653.08917,175.2818722,950.0913895,1364.866035,2648.517217,5102.893002,418.6510074,232.7169323,1409.055392,1052.26404,2835.487781
956.92907,991.594355,1127.554663,2382.779188,0,197.1367621,1159.066561,437.3306776,4522.668958,0,0
1193.02095,0,0,0,0,0,0,0,0,0,0
477.08323,0,132.8459308,0,118.120415,0,0,0,0,0,155.95825
797.20686,0,0,0,0,11032.32997,0,0,0,8486.105526,0
687.02894,0,0,0,0,0,0,0,105.7163272,0,0
687.03091,0,0,0,0,0,0,0,0,0,0
477.08142,0,0,0,64.6438965,0,0,0,0,0,85.17432032
674.99416,0,2256.503703,0,0,0,0,41469.00139,0,0,0
993.03553,0,0,1788.473158,0,0,0,0,2394.224251,204.9070567,0
1061.01189,1023.509264,0,0,0,0,352.9971988,0,0,0,0
1349.81281,0,0,0,0,0,0,0,214.4804193,0,0
1334.87879,0,0,0,0,0,0,0,139.0111625,0,0
659.43275,349.8204853,0,0,0,0,0,0,0,0,114.8053984
734.94567,0,0,0,0,0,0,218.7220374,0,0,0
1117.10445,0,0,118.4328071,0,0,0,0,233.5725253,0,0
801.5772,0,333.7056653,0,0,0,1413.093956,275.7249768,0,0,0
783.03927,0,0,0,0,303.6672309,0,0,0,0,0
598.90881,0,1057.151565,2804.906915,0,0,0,304.9706257,0,0,0
1085.15951,0,0,0,0,0,0,0,328.7764661,0,0
383.10079,0,0,0,63.0542334,0,0,0,0,0,0
743.0584,4412.823908,817.5193156,1158.662516,1673.42123,42123.9974,13157.37212,809.6616646,1402.487119,34800.60881,0
734.93152,0,0,150.8449978,0,0,0,0,0,0,0
782.90913,0,0,0,0,576.7847439,0,0,0,0,0
772.90174,0,0,0,0,0,0,0,0,0,0
1036.98684,0,140.546875,0,0,0,0,0,0,0,0
1005.03652,0,0,0,0,0,0,0,106.7659093,0,0
446.07754,0,195.4372484,0,0,0,0,0,209.2912567,0,110.4735938
983.20633,0,0,0,0,56108.4477,0,0,0,43651.95052,0
519.26705,9364.617654,0,0,0,0,6624.662495,0,0,0,0
437.01671,580.0115286,11356.86616,17945.50931,0,2690.57257,940.1083728,7445.403427,17487.77238,4303.278023,0
446.07158,0,0,0,0,0,0,0,0,266.2832881,0
593.05737,0,0,0,0,26013.15017,0,0,0,48424.80639,0
469.10677,0,172.9086944,0,0,0,0,212.8902189,0,0,0
370.96609,0,55.85887773,0,0,0,0,0,0,0,0
471.02828,0,0,0,0,2735.215799,0,0,0,0,0
471.02827,384.2813537,0,0,674.9384326,0,476.5266757,0,0,0,0
675.00824,0,0,0,0,181.8279406,0,0,0,0,0
675.00786,0,0,0,0,0,0,0,0,0,90.53145312
471.02645,0,84.64455521,0,218.2041699,0,239.3712737,0,104.3803278,0,237.6216562
1481.91009,0,0,158.6923015,43996.73358,4960.070638,0,0,5350.493028,365.5569803,11251.15962
801.57775,0,0,0,0,177.3736002,0,0,0,0,0
877.48505,0,105.7688842,0,0,0,0,0,0,0,0
747.48088,0,0,0,0,0,0,0,111.7451296,0,0
1043.00452,0,17915.93192,0,0,0,310.8785208,24192.84626,0,0,0
883.49015,600,0,0,0,0,0,0,0,0,0
471.02701,0,0,0,0,0,179.3818874,0,0,0,0
837.01568,0,291.5085494,332.6523302,0,0,0,0,0,0,0
771.39329,0,0,0,0,0,0,0,0,0,0
1027.08461,0,26152.46561,652.6129828,0,234.8709419,0,26320.35906,854.9703694,0,60.00277734
598.90855,0,0,0,0,0,0,617.1015529,0,0,0
837.01038,0,0,0,0,0,0,104.1582322,129.0581858,0,0
582.10264,0,6657.83311,1477.124593,0,4852.908854,0,2404.143719,5337.449269,0,0
965.03875,0,282.7471002,637.587416,0,0,0,0,976.2000841,0,0
837.00967,0,0,0,0,0,0,0,0,0,0
598.91263,0,0,0,0,245.791428,0,0,0,0,0
598.90759,0,0,0,0,0,0,0,0,0,0
792.96561,1097.459036,0,0,60.1742334,0,799.6910979,0,112.359103,0,0
685.02682,518.3643183,0,2773.338487,0,36617.68199,0,0,3165.172703,49780.48692,0
811.0102,0,0,0,0,0,0,1100.954131,0,0,0
811.01312,0,0,330.8013442,0,0,0,0,364.198712,0,0
811.00991,0,250.9783179,145.8174845,0,0,0,0,150.001539,0,0
1339.89573,0,0,0,0,0,0,0,0,0,0
935.589,18605.10129,8641.500539,0,10864.02936,0,16084.0846,12678.05024,0,0,2587.912281
487.18612,0,0,20488.84332,9802.028233,4231.680035,0,0,18646.99735,398.9408968,13866.18109
541.07197,2565.504615,6042.469361,15029.86516,15948.64245,2200.007574,1513.636603,7140.770769,13363.73955,0,7528.650641
799.00544,390.3692098,129.3660852,261.7753364,0,0,0,0,0,0,0
689.05859,0,0,180.0310194,0,0,0,0,0,0,0
745.08166,0,0,0,0,368.7368056,0,0,0,0,0
591.24078,0,0,406.2109376,0,0,0,0,0,0,0
591.24433,0,0,0,0,0,0,118.4328782,0,0,0
900.23795,3231.938744,7052.256363,5217.944838,20134.84021,1792.004427,3387.808825,4887.296759,4228.229529,0,12386.89059
1243.78681,186.4229985,0,0,0,0,0,258.3100828,0,0,0
1136.94355,0,0,1017.121256,0,0,0,0,1606.128214,0,0
495.00568,0,1861.244464,1176.942708,0,377.6484376,0,0,1928.596717,0,0
591.04209,0,0,0,0,2680.891905,0,0,0,2472.832003,0
889.591,0,760.4739504,0,0,0,0,0,0,0,0
657.3477,0,562.4812596,383.8400065,0,0,0,787.3272742,863.7696796,0,0
1193.02618,0,311.1376833,0,0,0,0,0,0,0,0
969.01077,0,1037.149007,2087.866604,0,0,0,476.7532681,1979.745884,0,0
374.98969,0,82.39916245,914.9733955,6397.256387,0,0,129.5262995,463.4396385,0,2318.484438
389.9605,0,0,0,0,3171.144878,0,0,0,2340.300272,0
979.61737,0,0,16232.20469,23814.8229,4307.966602,0,0,12845.46671,326.0378736,10336.19344
890.32795,15822.77254,8529.284557,0,0,0,18124.66936,25106.42864,0,0,0
869.0254,6333.892147,993.2431462,0,0,0,8257.623972,42549.81637,4358.64913,0,0
543.40309,0,0,0,0,0,0,0,0,0,0
755.06698,0,0,0,1055.431963,0,0,0,0,0,995.5495782
1094.98841,0,0,1434.295085,623.9017578,474.4148221,0,0,2918.70718,520.2750793,344.2071406
739.32511,5023.010768,0,0,0,0,9174.995195,0,0,0,0
1264.98481,797.128768,7500.81404,0,0,0,1159.849044,1683.731919,0,0,0
530.96611,124.58554,237.9550182,120.8022054,0,0,0,0,108.4808396,0,119.0852734
651.33976,332.5592851,0,0,0,0,0,0,0,0,0
615.05719,0,0,0,0,0,0,0,0,852.5546593,0
617.01328,0,94.7116684,2078.024231,111.7738184,540.0426541,0,1229.635587,323.1075146,446.0242442,1405.345766
419.02596,0,3409.27067,9557.630575,0,0,0,34293.06184,4637.959393,0,0
755.06448,0,637.2848088,709.3125542,0,0,0,228.1396968,103.4027888,0,0
615.05833,0,0,400.1547716,0,0,0,0,183.2578619,0,0
431.03515,0,0,0,0,80065.38889,0,0,0,54070.28739,0
730.97467,0,0,0,0,0,0,0,0,0,0
730.97284,241.7967195,0,0,0,0,0,0,0,0,0
741.97937,0,0,0,0,7305.703754,0,0,0,6537.304093,0
739.29878,0,5031.530819,450.500434,0,0,0,3200.208694,279.6025515,0,0
867.99905,0,0,0,0,0,0,0,649.4488728,0,0
807.06603,0,94.72067319,0,0,0,0,359.1350557,0,0,0
488.99762,0,931.1592575,161.4982097,0,196.6742621,0,215.6784499,395.5815615,0,0
1023.63967,0,0,9527.062989,25224.869,3061.109104,0,0,13459.44097,0,11520.68947
631.03394,0,0,0,0,0,0,0,146.8138597,330.6208107,0
755.06901,0,0,338.5973849,0,0,0,0,0,0,0
949.13779,0,62.31408767,1029.117106,0,528.3458768,0,0,975.1034292,0,399.0459219
755.06397,0,0,0,58.31641115,0,0,0,0,358.305112,0
1264.98109,893.6082514,5165.5777,0,0,0,3116.357653,744.8861193,0,0,0
538.95329,3263.999058,5450.339904,24470.96178,0,436.5302734,1569.939299,1290.880473,26612.29522,0,0
737.0602,0,0,1554.831598,354.9027344,586.662283,0,0,0,0,152.3777344
537.01687,0,0,0,0,48761.3418,0,0,0,44190.50317,0
703.06572,0,0,0,0,56615.07016,0,0,0,34404.45205,0
893.45674,1056.250942,0,0,0,0,1171.982936,0,0,0,0
875.09969,0,0,0,1827.258555,391.5816407,0,0,0,0,278.2926094
391.18113,35306.72712,4579.394579,1262.052009,889.3883838,0,39613.23777,6107.525855,2178.565813,0,0
981.08958,0,0,1127.886651,0,0,0,0,212.2614715,0,92.66003904
607.33112,342.1975941,0,0,0,0,0,0,0,0,0
737.06002,249.6131775,0,0,884.5702442,501.4034722,0,0,0,0,642.6477187
880.92605,0,0,0,0,0,0,0,0,0,0
743.06482,0,0,1712.592801,283.1864844,1077.075326,0,0,483.0580993,2063.442595,0
783.40652,0,0,0,0,0,1487.809056,0,0,0,0
918.99605,0,0,0,0,1733.212847,0,0,0,36829.19285,0
583.26815,1608.996111,0,0,0,0,1724.731163,0,0,0,0
949.13518,0,0,219.9968533,0,0,0,0,0,0,0
949.13909,0,0,0,0,0,0,0,0,218.1063462,0
488.99312,0,205.5957331,0,0,0,0,0,0,0,0
397.03323,0,0,502.4884712,214.5248828,0,837.5199938,0,340.1852255,0,0
488.99889,0,0,0,0,0,0,0,0,0,0
495.00779,0,0,0,0,0,0,0,0,0,92.29692184
613.339,0,0,0,0,0,0,0,0,0,0
537.9704,0,6367.584068,544.4951172,0,0,0,10928.18216,633.1101165,0,0
874.01177,0,0,0,0,0,0,248.2220567,0,0,0
869.08616,65.08134852,0,0,0,0,0,0,0,0,0
717.45029,159.3293349,0,0,0,0,216.4181229,0,0,0,0
907.04824,0,0,0,0,0,0,157.5022432,0,0,0
931.05641,0,0,1779.727702,0,0,0,262.7257117,777.7735116,0,0
596.94779,0,0,0,0,0,0,0,0,0,0
1095.00562,0,9662.314262,15102.36781,1669.690698,1503.335547,1947.396279,0,22824.56114,357.8500623,1364.464703
783.03018,0,0,0,0,0,224.8101614,0,0,0,0
1259.33386,0,0,0,0,49788.58385,0,0,0,41862.53923,0
906.97095,0,0,645.6384006,0,0,0,0,257.072587,0,0
619.04412,0,492.5478096,0,0,3536.438628,0,851.2731667,0,1130.681074,0
597.04904,0,0,0,0,0,0,768.7127166,0,270.1839051,0
767.05533,0,0,206.8584663,0,0,0,0,0,0,0
1311.88267,0,0,136.6146647,0,0,0,0,389.965091,0,0
737.06053,0,0,0,0,0,0,0,0,0,0
781.23423,0,0,177.2611356,0,0,0,0,0,0,0
1305.88341,0,74.36483294,0,0,0,0,155.7576384,0,0,0
647.05144,397.9900442,331.6459212,221.3769803,473.7327735,542.7590494,0,248.9241568,0,364.7072012,575.2550313
1289.9061,0,0,0,0,0,0,0,0,0,0
647.05018,0,130.5785085,0,212.9456641,993.0616102,0,0,0,1144.164459,333.678625
1218.99806,0,0,0,0,0,0,0,798.000445,0,0
1305.88314,78.19011857,0,0,0,0,0,0,0,0,0
743.06893,0,0,0,0,0,0,0,0,0,0
851.5692,0,0,28622.23267,0,9960.253863,0,0,31789.88143,266.0556783,0
803.52685,0,0,699.0285102,0,0,0,0,112.5115334,0,0
754.11853,0,0,0,0,0,0,0,0,0,330.4403125
1132.94978,0,0,463.3661567,0,0,0,0,1508.907091,0,0
803.5269,0,0,0,0,130.9259006,0,0,0,0,0
931.05696,0,251.4094853,0,0,0,0,166.1426942,0,0,0
931.0575,0,137.3706145,0,0,0,0,0,0,0,0
960.89889,0,0,0,0,0,0,0,651.6783525,0,0
501.06636,216.5494331,297.2422594,0,0,427.842296,259.9343133,0,0,696.3118207,0
619.04556,0,0,120.0272624,0,0,0,0,0,3783.834578,0
650.88682,0,0,4114.271301,0,0,0,0,2776.335746,0,0
641.04583,0,0,0,0,0,0,0,0,0,418.7825938
739.24471,0,0,0,0,254.5735677,0,0,1183.37547,1159.577559,0
647.04969,0,0,0,0,201.0650391,0,0,0,0,0
596.94416,488.065231,0,0,64.6744043,0,0,0,0,0,2358.25111
891.56064,0,0,24856.56822,589.2127247,8584.295551,0,0,25971.26357,854.6268965,1922.010797
739.09053,0,0,0,0,0,0,0,0,0,0
845.59413,0,0,228.6794433,0,2659.895204,0,0,0,1322.271683,0
1280.94641,433.4249516,14844.6116,0,0,0,0,10127.71071,0,0,0
653.08848,184.5106126,0,0,293.5076368,0,430.0724712,625.9525836,0,0,191.5522969
501.0664,197.3949634,189.1499473,0,117.0472168,0,306.4726563,230.1596342,0,244.0063972,0
501.07036,0,0,0,360.7260157,0,0,0,294.2681468,0,228.7970625
515.35179,36084.25429,0,0,0,0,44477.10999,0,0,0,0
690.9592,0,98.1684181,165.6332872,0,0,0,0,156.4847211,0,0
497.97611,0,0,0,590.0490039,0,0,257.3729115,0,0,407.7325938
501.06637,0,0,0,0,0,0,0,0,0,0
879.07648,13512.92174,1700.860441,4009.695082,18911.34912,0,11298.45587,354.0722269,4316.601328,0,7793.289438
674.98391,0,0,0,0,0,0,0,0,0,0
696.97349,432.9378457,0,0,0,0,0,0,0,0,0
913.05136,0,9878.331744,15462.96319,0,0,0,11955.78541,14958.37227,0,0
637.11518,0,0,0,185.7601172,0,0,0,0,0,0
1104.9557,0,0,0,0,389.852908,0,0,137.3015106,4148.311651,0
653.08755,0,0,0,0,268.7101346,0,0,0,0,0
999.00229,0,0,381.5060764,0,0,0,0,466.8082724,0,0
1393.85218,0,0,0,35560.01786,4914.150738,0,0,4196.844096,0,9896.297422
885.57455,0,0,0,0,0,0,0,0,0,0
496.98832,0,0,2624.886258,128.0485254,0,0,1501.223101,2479.404124,0,0
408.99992,0,298.8607171,0,0,0,0,0,269.0612639,0,0
1264.97616,0,0,0,0,0,0,0,0,289.4587296,0
566.98612,0,0,0,0,17779.30829,0,0,0,52301.40268,0
463.21432,1284.80289,0,0,0,0,3043.9044,0,0,0,0
377.05046,0,0,0,0,0,0,223.4912013,0,0,0
774.94439,323.8291275,0,0,0,0,0,0,0,0,0
969.01262,0,0,993.5762804,0,0,0,0,1213.561239,0,0
1465.91447,0,0,9610.541124,23789.1404,1199.578754,0,0,18140.91195,0,6326.176922
973.64186,0,0,13760.87766,15846.38275,5046.456901,0,0,9091.107607,0,12847.57105
603.06949,2448.471403,0,0,1745.223623,0,3114.827123,0,0,0,2319.636469
961.6653,0,0,0,0,0,0,0,0,0,0
503.98414,0,81.86565975,0,0,0,0,0,0,0,0
503.9878,0,0,0,0,0,0,0,0,0,0
739.29333,1932.854743,0,0,0,0,1003.851537,0,0,0,0
672.97573,0,0,0,0,0,455.0540193,1755.456877,0,0,0
885.66718,200.460298,152.3855325,0,0,0,0,0,0,0,0
695.37537,52949.35329,0,0,0,0,58768.274,0,0,0,0
1231.66034,553.882052,217.8432588,0,0,0,1902.251619,0,0,0,0
1037.99612,0,0,198.9385172,0,0,0,0,0,0,0
901.63987,0,147.4023437,0,0,0,486.2038446,0,0,0,0
428.06231,0,0,0,0,869.7496528,0,0,0,76809.43252,0
963.61968,32518.3736,7601.495873,0,366.5468848,0,36514.33265,5565.112469,0,0,0
829.09999,0,0,20836.80869,509.8803907,21616.15775,0,330.9927676,17030.55681,6643.109149,1699.127312
370.99839,163.626279,0,0,0,165.6985894,0,0,54.52521756,0,0
757.95216,0,0,0,968.2587697,0,0,0,0,0,544.5738203
937.06453,0,0,261.3515897,0,0,0,0,0,0,0
679.41618,36809.26936,0,0,0,0,38030.29662,0,0,0,0
925.04805,782.6644082,742.5097776,0,0,0,2199.146741,0,0,0,262.4039062
771.02819,0,0,0,0,0,0,188.0495243,0,0,0
739.29777,0,0,0,0,360.3910808,0,0,0,0,0
1299.83504,0,0,11494.07144,18799.60017,1412.370573,0,0,10792.83826,0,11725.72908
647.00005,0,3731.789278,10724.99098,0,0,0,1963.437771,10874.56003,0,0
460.0339,0,0,902.5505576,0,0,0,0,416.840913,0,0
899.52668,433.3210903,141.6367667,0,0,0,0,0,0,0,0
748.99937,0,0,0,0,0,0,0,0,0,0
553.40033,0,0,0,0,0,0,0,0,0,0
1075.95159,0,0,573.0112305,0,0,0,0,356.6297468,0,0
704.02798,0,0,0,0,0,0,0,0,0,0
711.3525,157.542675,0,0,0,0,0,0,0,0,0
890.3605,2091.888067,13346.94713,0,2771.546895,0,3597.751182,29736.26768,0,0,4954.310594
1065.72513,0,0,17142.62185,13083.52744,2630.093468,0,0,10859.94619,200.5078549,11729.02327
891.06837,0,156.953772,0,0,0,0,0,0,0,0
460.03271,0,0,401.5853746,0,0,0,0,215.4257874,0,0
739.09568,0,0,0,2719.202974,0,0,0,0,268.4874604,931.92175
687.48925,0,0,0,0,0,0,0,0,0,0
785.14429,2638.618225,1199.339245,0,0,0,3710.472246,1798.739635,0,0,0
711.29716,0,0,0,0,157.4830187,0,0,182.8215487,0,0
723.32301,0,0,0,30.23185791,0,0,0,0,0,0
476.00014,0,0,0,0,0,0,0,0,0,0
737.046,2454.96977,23267.34799,0,228.4503614,6871.183247,2398.869809,8658.572595,1677.590784,9346.544837,198.1766875
438.00636,0,0,278.3481988,0,0,0,0,472.5234128,0,0
1006.83779,0,0,9800.357388,0,0,0,0,9229.327785,0,0
597.06549,0,498.2195168,0,0,0,0,0,238.322587,0,0
1318.90344,0,245.0757704,0,0,0,0,0,0,0,0
575.91967,1839.723166,494.7707055,0,0,0,0,1518.193069,0,0,0
597.06391,0,0,0,0,285.5927734,0,0,131.6924941,288.2690784,57.85052344
765.02696,0,0,0,0,0,0,294.7212059,0,483.865022,0
463.21477,0,0,0,0,0,276.7348633,0,0,0,0
582.10341,0,0,0,0,1189.823959,0,0,0,5087.25668,0
393.02513,0,11924.35485,29043.70759,0,414.8073892,0,13815.64669,26557.45058,0,0
1236.97974,0,0,0,0,343.3726346,0,0,0,0,0
403.0307,0,0,0,108.3800977,0,0,0,0,0,0
1104.93943,130.8165618,6864.987802,0,0,0,0,5518.791151,0,0,0
447.23705,0,0,0,0,0,0,0,0,0,0
589.0174,0,0,0,0,0,0,0,0,0,0
835.04052,0,0,0,0,0,0,403.6310914,0,0,0
897.63662,130.6040428,0,0,0,0,0,0,0,0,0
897.63181,0,0,0,0,0,0,0,83.62972829,0,0
962.95747,2020.250242,0,0,0,0,1940.079821,0,0,0,0
765.02439,0,0,0,0,0,0,1733.279239,0,0,0
644.88001,0,0,666.0279846,0,0,0,0,1203.874561,0,0
893.10196,0,0,0,609.1276954,0,0,0,0,0,110.95
681.16318,0,0,3002.491835,0,0,0,0,1828.398351,0,0
409.04299,303.6536228,258.5866325,438.8209907,0,190.7643229,781.8312346,648.2494972,222.0307308,0,0
603.0694,295.7587545,156.6873202,0,361.0658399,0,287.7456826,0,0,0,520.2588126
897.08605,0,0,0,95.21805665,0,0,0,0,0,0
1325.8433,30829.84237,362.4216593,0,0,0,36102.20935,239.3323213,0,0,0
1133.76894,0,0,0,0,0,0,0,0,0,0
747.98389,0,0,0,0,0,0,0,152.6391416,0,0
802.98857,0,0,0,0,0,0,0,0,0,0
1175.02381,0,100.8900499,5607.633233,0,0,0,181.9491221,3437.307123,0,0
595.02825,0,0,0,163.4497657,0,0,0,0,0,144.7964062
425.2945,2190.987633,474.8334033,1404.028985,0,0,2130.48187,0,70.20810671,0,0
607.30461,2284.641489,0,0,0,0,756.79081,0,0,0,0
517.24135,2570.926836,0,0,0,0,2081.137515,0,0,0,0
603.07782,0,0,0,0,0,0,0,0,0,0
914.99247,0,28152.18537,996.1460503,0,0,0,16310.50774,2591.02052,0,0
1280.96152,168.9641005,5593.912349,0,0,0,352.3799857,4100.084294,0,0,0
891.07173,0,0,0,0,0,0,695.9293781,0,0,0
505.07593,0,0,0,212.5241797,0,0,0,0,0,0
505.07607,0,0,0,65.91265135,0,0,0,0,0,130.5559844
469.32068,2895.904228,138.9925949,0,86.67401365,0,2878.559416,0,0,0,0
511.07562,0,0,0,0,0,0,0,0,0,0
891.0718,0,0,0,0,0,0,0,0,311.636549,0
1142.90065,0,116.0535252,788.0495877,0,0,0,0,1391.852465,0,0
442.98663,0,1087.551273,1014.743768,155.2810987,32113.84427,0,30161.28218,350.7399192,5300.76922,156.5980938
1072.99747,0,0,0,0,0,0,958.0727491,0,0,0
459.03416,0,229.3676788,0,0,0,0,0,0,0,0
647.03356,8603.861795,1603.510149,1882.343194,10901.87775,2377.067513,9830.704564,522.751547,2208.496452,1378.318671,5077.908094
761.07204,136.0923932,0,0,191.2296094,0,0,0,0,0,0
1072.99777,0,69.61181939,0,0,0,0,228.9256458,0,0,0
397.14891,0,0,0,0,0,0,0,0,0,0
1045.30935,0,0,0,0,425.3441514,0,0,0,657.211348,0
458.01009,0,0,0,0,313.9101346,0,0,0,1641.231488,0
669.06512,0,0,0,82.6548047,0,0,0,177.0573453,0,0
443.06145,276.1393459,0,135.8431125,362.5349414,0,0,780.2581607,271.6329238,0,437.2692812
1413.0005,0,5644.519136,0,0,0,0,3953.486908,0,0,0
547.21398,0,0,0,0,0,0,0,289.8852601,0,0
1054.99573,0,377.7285756,828.9432509,0,127.6158637,1705.569208,0,2092.549273,0,98.73421096
547.21829,0,0,85.88800049,0,0,0,0,104.608349,0,0
563.18925,240.2410295,0,0,0,0,0,0,0,0,0
563.18522,151.6446004,0,0,0,0,0,0,0,0,0
817.12853,0,0,159.2032199,0,0,0,0,0,0,0
811.18876,24280.02645,0,0,0,0,1653.417403,24264.04593,92.33643816,0,0
511.23119,130.4785934,0,0,0,0,458.3748201,0,0,0,0
805.01251,0,0,0,0,387.9901042,0,0,0,2454.19452,0
663.04612,0,0,0,0,7562.941559,0,0,0,7548.622028,0
953.11452,0,0,0,148.4543213,0,0,131.3403175,0,0,0
559.94717,0,0,0,0,0,0,0,0,0,188.7252031
937.14034,0,0,0,0,0,0,545.0246267,0,0,0
575.91978,0,0,0,0,0,0,171.2720839,0,0,0
659.18166,0,79.95799583,766.9626126,0,0,0,181.0842164,1305.307982,0,0
953.11749,0,0,0,0,0,0,0,0,0,0
783.35932,1579.107837,0,0,0,0,1072.276136,0,0,0,0
581.04521,0,0,0,0,0,0,0,0,0,0
596.93648,0,0,0,0,0,0,0,0,0,0
542.95458,0,4975.234183,16722.55838,0,1760.475174,0,14168.43974,9299.567247,3214.622254,0
965.47473,645.3414685,0,0,0,0,474.3120888,0,0,0,0
596.93309,828.8718197,0,0,90.67751955,0,0,0,0,0,224.6907813
443.0583,0,0,0,0,0,0,436.5318881,0,0,0
1309.73128,32350.84942,4981.841791,0,0,0,24209.09719,9961.059367,0,0,0
537.96998,0,0,0,0,0,0,0,0,10061.28261,0
786.94035,0,131.1499593,0,0,0,0,0,106.3591649,0,0
550.62688,0,0,0,0,31348.49115,0,0,0,32580.51172,0
703.00727,0,2249.642854,0,0,0,0,1069.628442,383.8903036,0,0
582.13379,0,741.4109951,1345.070041,0,0,0,0,0,0,0
731.22032,0,0,129.268419,0,0,0,0,0,0,0
533.07424,937.9425125,0,0,166.3663868,0,967.1506989,0,0,0,64.68409766
479.22247,302.4956184,0,0,0,0,0,0,0,0,0
1233.82881,0,0,0,0,0,508.9112355,0,0,0,0
961.22723,0,0,0,0,731.9394531,0,0,0,0,0
961.22349,0,0,136.9267307,0,0,0,0,0,0,0
585.23489,0,1988.182348,16074.34009,0,1038.924197,320.3138363,1455.232635,15137.92427,916.9617301,0
465.04234,0,0,0,0,0,0,0,0,415.9755435,0
1465.93923,0,0,371.1925185,606.7529004,0,0,0,0,0,0
477.03714,0,0,0,0,315.2164062,0,0,0,0,0
1015.00569,0,83.6319138,119.7536892,0,0,204.9144095,0,242.6865111,0,0
473.12057,0,0,123.4735108,0,0,0,0,0,0,0
1459.92423,0,0,0,0,0,0,0,82.83222905,0,0
866.96704,0,9862.567293,0,0,0,884.1682771,12697.61079,0,0,0
685.03854,0,106.2021185,1170.062364,0,3039.189193,0,0,155.4023561,0,228.7150703
672.97216,0,0,272.6275499,0,237.9796224,0,565.7531328,680.4667845,0,0
577.1086,0,0,0,0,0,0,0,0,0,0
577.11288,321.1085799,0,0,0,0,0,0,0,0,0
952.90219,0,123.4032185,0,0,0,0,0,0,0,0
679.38352,1935.514761,0,0,0,0,3802.980674,0,0,0,0
629.00857,0,86.72847969,7489.05679,0,471.2495227,0,8734.686359,862.6468923,0,0
835.53226,806.0119607,1314.146281,0,0,0,0,0,0,0,0
756.93355,0,1313.29745,662.660102,0,561.4577257,0,698.9668162,0,874.4254133,0
1049.70244,755.6383435,401.6633436,0,0,0,0,0,0,0,0
873.06331,0,0,0,0,0,218.5004626,34600.24743,210.7258208,0,0
1002.99372,0,0,5227.138374,0,213.4138889,0,0,1663.073836,0,0
738.96467,0,0,11327.39562,0,18627.54939,0,0,13657.04549,12269.83203,0
749.00315,0,0,0,0,0,0,0,0,284.8245301,0
697.06333,0,0,0,0,211.6639757,0,0,137.3521929,0,0
693.08212,12027.7192,8023.950585,2103.685303,1363.271719,0,11009.70747,2699.50642,6192.201048,0,715.0625625
973.53973,0,0,410.2733833,0,0,0,0,302.9207378,0,0
889.60164,0,690.4095092,0,561.9089453,0,0,0,649.9986031,0,0
548.99668,3489.355789,0,0,5490.65606,7953.63112,4825.599327,0,182.382213,8643.502378,2506.977094
903.00388,0,0,0,0,0,0,453.5465656,0,0,0
928.97756,0,800.7236865,0,0,0,1454.302014,2512.444539,0,0,0
1175.24063,0,0,0,0,33653.36419,0,0,0,30249.9623,0
703.49299,29781.1291,4460.060104,91.36574979,298.3345313,0,25795.93676,637.6191792,1729.211333,0,0
691.05009,0,115.5642854,166.9337701,0,0,0,0,539.0376162,0,0
620.91736,13212.93619,649.5574794,117.7414686,448.8536426,0,8523.529168,0,0,0,4031.535375
718.98349,0,0,0,0,899.5335938,0,0,0,0,0
579.05711,1607.805984,198.2790333,0,685.6467774,0,0,0,591.7979999,0,1236.498203
1444.95253,0,0,577.5171033,0,0,0,0,1099.402603,0,0
542.96563,0,1504.791459,0,0,0,0,895.1202816,0,0,0
685.03987,0,0,0,103.5635352,0,244.1420642,0,0,0,0
752.97055,0,6028.596579,0,0,0,0,0,2567.199565,0,0
898.98574,0,0,0,0,0,0,0,0,248.791327,0
1010.85955,0,0,0,0,0,0,0,200.2426325,0,0
647.07408,151.22015,0,232.3158638,1660.72168,0,0,778.0814125,224.5387411,0,800.181414
1177.77285,0,0,994.098504,1219.516382,162.4099392,0,0,225.7418599,317.9245925,318.025211
914.9566,0,0,0,0,337.8326823,0,0,0,0,0
685.03375,0,0,0,0,0,0,0,0,0,122.2955078
1098.98102,0,0,10345.11296,0,0,0,0,17689.39592,0,0
419.02654,0,0,0,0,25520.66897,0,0,0,4245.985988,0
939.97203,3210.854155,0,314.9430339,0,0,2655.161672,0,154.0976686,0,0
525.97849,0,6829.823841,9931.961412,0,219.9628038,0,2138.840443,13012.08547,0,0
869.01835,0,80.12282521,0,0,0,0,0,0,0,0
1237.352,0,0,0,0,1489.660894,0,0,0,954.7371632,0
657.01126,0,0,437.6665039,0,2844.619184,0,0,903.7745747,1114.629388,0
858.93902,0,0,165.0177002,0,0,0,0,0,0,0
709.45302,0,0,114.1345758,0,0,0,0,478.2120747,0,0
929.57486,3672.408463,0,0,0,0,12746.6435,0,0,0,0
687.08701,0,0,0,0,0,0,0,0,370.2682009,0
575.04816,0,0,0,0,9398.288498,0,0,0,50953.49372,0
658.02149,169.2286539,0,0,0,0,241.1975997,0,0,0,0
674.99425,0,280.2766608,0,0,0,0,0,0,0,0
658.02588,0,0,0,0,0,0,0,0,356.8977016,0
537.9718,0,947.2168688,0,0,0,0,585.8907797,0,0,0
651.23991,760.9681278,0,0,0,0,1087.241519,0,0,0,0
820.98697,0,0,0,0,0,0,0,0,182.1392946,0
774.92423,0,0,0,0,407.0709201,0,0,0,16055.27525,0
944.91839,0,0,888.6545139,0,252.3231553,0,0,0,0,0
516.27265,0,0,19519.82891,0,0,0,112.0685431,22367.22044,0,0
762.9321,0,0,0,0,1373.793424,0,0,0,384.5919384,0
883.97036,0,10148.61436,10741.55773,0,3593.682161,2774.86914,0,6252.582675,3047.387172,0
921.60582,24262.04055,1147.641332,0,0,0,28839.1874,340.8279897,0,0,0
753.49645,0,0,66.47515869,0,0,0,0,0,0,0
663.0493,0,0,0,0,0,0,0,0,527.624717,0
657.25513,462.2224835,0,0,0,0,0,0,0,0,0
1023.61399,0,2393.979869,0,0,0,3250.434211,0,0,0,0
1048.99508,3864.313243,5159.371573,0,0,0,3835.717337,7596.508702,0,0,0
879.56098,0,200.2175877,0,0,0,0,0,0,0,0
467.05833,4011.993432,1943.764103,2000.38189,169.4664063,3188.351085,7249.256605,1275.372873,810.451073,392.6270664,664.855375
762.93193,0,125.7682971,0,0,0,0,0,0,0,0
1088.98466,0,0,0,0,0,0,0,0,3535.899117,0
688.95415,0,0,1166.051459,0,0,0,0,126.6920243,0,0
657.01341,441.667191,0,0,0,0,753.6280068,0,0,0,0
543.98758,0,0,0,0,0,0,0,0,0,0
913.00749,1726.169939,0,0,0,0,0,0,264.7389241,0,0
982.89203,0,0,648.2052409,0,0,0,0,0,0,0
875.04023,0,0,0,235.3909863,0,0,0,0,0,0
830.86616,0,114.9642866,20828.47066,0,0,0,87.86437384,19967.38451,0,0
739.14445,0,0,1017.44024,0,0,0,0,0,0,0
1415.90278,0,0,0,0,0,0,0,162.5191109,0,0
647.06619,0,0,198.1212429,197.9551172,165.2586806,0,0,0,281.1743093,0
1421.91746,0,120.339005,0,0,0,0,0,0,0,0
1187.63717,557.1710108,120.1291938,0,0,0,315.4204872,0,0,0,0
902.0218,119.0370575,0,0,0,0,231.2302888,0,0,0,0
913.00746,0,0,0,0,0,0,0,0,0,0
879.54789,0,974.7972823,0,0,0,1195.241674,0,0,0,0
799.45478,175.8257743,0,0,0,0,575.4785157,0,0,0,0
647.06643,0,0,0,0,0,0,0,0,0,0
1245.77457,27892.60374,640.2714125,0,0,0,31288.18213,2519.117768,0,0,0
1371.87248,753.435253,80.71524515,0,0,0,613.2903988,0,0,0,0
612.93434,2178.21417,159.7079299,0,0,0,1731.714484,191.6638884,0,0,0
1421.89065,0,0,6254.204305,16502.19257,227.8730252,0,0,12866.60076,0,5036.908906
815.42324,244.1298742,0,0,0,0,0,0,0,0,0
460.21211,0,0,20817.71824,0,0,0,0,19563.47382,0,0
913.01115,0,0,0,0,0,0,0,318.1224288,0,0
1089.71109,0,225.4194306,0,0,0,560.3941714,0,0,0,0
567.27235,0,121.9647958,0,0,0,0,114.2895072,0,0,0
988.86997,0,654.2933761,905.2736681,0,0,0,0,1042.824404,0,0
1039.02999,536.5304031,0,0,442.810625,0,574.7915811,0,219.5590141,0,216.6247813
1094.99213,0,0,0,45.51080078,0,0,0,0,0,0
513.34089,149.9173465,0,0,0,0,0,0,0,0,0
879.54566,0,0,0,0,0,0,0,791.3875595,0,0
600.15512,0,2421.395418,12638.10509,2536.035723,2975.762413,290.4568513,0,15539.78971,0,4519.151125
865.11997,0,68.88820454,896.6796469,0,0,0,92.35514967,847.9859203,0,0
588.9843,0,0,657.358941,0,0,0,0,0,0,0
792.88104,0,0,0,0,0,0,0,0,0,0
1355.89139,0,0,0,84.5742383,0,0,0,0,0,196.5812813
1127.58786,26926.16199,0,0,0,0,22535.02154,0,0,0,0
698.99835,236.3128803,6209.680598,1659.7602,127.722793,5999.964128,0,360.663289,13584.23208,1465.705503,0
1089.70882,0,0,0,0,0,0,0,0,0,218.2165938
669.05152,0,0,0,0,0,0,0,0,0,0
925.00008,0,0,0,0,0,775.3349609,0,0,0,219.8435938
651.39169,22564.58189,0,0,0,0,28475.28899,0,0,0,0
847.21925,0,0,216.5462511,0,30833.48598,0,0,0,23889.07677,187.7655
1377.87738,0,156.6441118,0,0,0,0,0,0,0,0
934.98547,2155.235101,435.2473639,0,0,0,3929.790193,0,0,0,0
606.92667,928.6148369,0,0,0,0,0,0,0,160.0839843,136.0965782
921.51751,4745.181382,0,0,0,0,2548.014289,0,0,0,0
606.92512,0,431.6960315,0,0,0,0,0,0,0,0
511.05554,0,0,118.1428223,295.3156055,3322.159277,0,0,174.4712718,873.8462693,0
487.00609,4356.992429,0,0,0,0,6762.53639,0,0,0,231.3744531
1427.95672,0,0,0,0,0,0,0,80.48532063,0,0
877.46397,22910.20382,0,0,0,0,30857.54462,0,0,0,0
606.92066,0,0,0,0,391.7392252,0,0,0,216.13536,0
963.00869,220.2728498,0,0,0,0,0,0,0,0,0
1353.75594,24263.82363,2345.874677,0,0,0,17595.25195,12266.83337,0,0,0
628.00221,0,0,0,0,0,0,0,0,388.4444067,0
606.92194,0,0,0,0,0,0,0,0,0,0
636.03927,1150.749136,930.8067485,19452.0593,194.3591895,0,368.447317,14582.48283,6106.859178,0,0
909.07246,0,109.5910899,0,0,0,0,0,0,0,0
1175.03805,0,482.9253977,0,0,0,0,0,0,0,0
372.23938,24906.81395,552.6464963,0,0,0,23305.87464,840.556544,0,0,0
713.97983,0,268.109351,0,0,0,0,9222.599088,0,0,0
736.97928,0,0,0,0,0,0,338.8718286,0,0,0
504.96392,9507.734669,355.8457391,0,0,6821.832552,3821.865825,25563.0478,0,0,0
1253.11975,0,0,208.6064724,0,0,0,0,0,0,0
913.05289,1083.01254,10941.48433,0,0,0,235.9180716,12942.32604,0,0,0
628.00455,0,0,0,0,0,0,0,0,0,0
811.40117,3349.983822,0,0,0,0,1767.322163,426.069539,0,0,0
1286.9591,1712.167692,1108.706282,0,0,0,1203.227591,112.0885384,0,0,0
406.93396,0,0,0,0,5166.648351,0,214.6249033,190.0488405,37267.06312,0
1175.03864,0,0,0,0,0,0,112.1477993,0,0,0
937.48054,0,0,0,0,0,0,0,0,0,0
1079.02669,0,0,0,0,0,0,0,0,0,0
769.15531,182.0115804,0,0,0,0,0,0,0,2120.403193,0
758.09655,0,0,0,0,22200.75317,0,0,0,18640.99966,0
1011.10642,0,0,0,1690.694346,0,0,0,0,0,540.6712656
847.04291,1077.763274,0,0,0,0,0,5526.772277,0,0,0
899.5268,0,0,0,0,0,0,0,0,0,0
1371.88804,0,0,6410.641086,13388.82603,1172.86339,0,0,2794.780533,0,10794.8103
774.94645,0,0,0,0,0,0,0,0,0,0
792.05732,0,0,0,0,386.818099,0,0,0,279.0765965,0
469.0751,1100.954006,3198.192281,4400.288642,8264.583574,330.8236979,1565.649979,1301.991936,4950.443026,292.9337352,5632.471141
1305.80639,0,0,0,33451.34057,4940.510243,0,0,4773.791016,0,10034.15134
541.10378,0,0,0,0,0,0,0,181.5087644,0,0
789.32968,748.5581098,0,0,0,0,338.0412212,0,0,0,0
663.44009,0,0,0,0,0,0,0,144.7328792,0,0
726.9974,0,2300.074195,0,0,0,0,1256.795212,0,0,0
817.20392,0,0,1013.29027,0,0,0,0,396.4345518,0,0
752.95959,6748.367308,0,0,0,0,1154.926295,0,0,0,0
543.98687,0,151.6495399,0,0,0,0,0,0,0,0
746.96367,0,0,0,0,0,0,0,0,0,0
783.32188,0,0,0,0,0,0,0,0,0,0
562.94453,0,195.3792598,0,0,0,0,315.6608331,0,10739.22455,0
657.36537,972.5144842,0,0,0,0,655.1349712,0,0,0,0
891.07415,0,0,865.7740343,141.1835938,778.1176432,0,0,0,2227.706833,0
929.59618,6478.686567,0,1521.566284,0,0,7859.608116,0,2829.143011,0,0
657.36596,0,0,706.7989095,0,0,0,0,578.3107323,0,0
688.9355,0,0,10666.36856,0,0,0,269.4546141,0,0,0
689.04678,0,0,0,0,0,0,0,0,0,0
897.02398,9351.603983,5955.988928,2209.939684,0,0,0,5293.874575,3477.050633,0,0
899.01803,0,292.6425182,111.3614909,0,0,0,0,844.8490283,0,0
934.98534,0,0,0,0,0,0,0,0,955.5629529,0
1005.70087,0,0,10632.8751,5677.611856,1508.479297,0,0,6723.026114,732.9842617,6559.774266
1055.58451,205.6278692,1055.263061,0,0,0,0,0,0,0,0
768.93992,0,0,0,0,113.4385851,0,0,0,0,0
927.51968,1582.65148,0,0,0,0,4705.649774,0,0,0,0
377.06109,2580.61558,439.3252253,1931.421088,10029.89776,0,3055.231651,3608.044458,4043.359832,0,9655.026328
463.14855,0,0,0,0,0,0,0,0,0,0
893.00691,0,0,387.9084337,0,0,0,0,0,0,0
893.00866,0,0,201.1166856,0,0,0,0,161.2468107,0,0
529.07222,1962.838807,3543.132477,760.668023,0,22332.35857,1338.806152,383.8311804,1303.311721,14034.79954,0
919.00991,5959.951605,2645.853773,789.7871097,247.1948633,0,176.439633,723.0396813,3906.026009,0,171.6517344
713.97908,0,0,0,0,1107.208941,0,0,0,1138.952955,0
467.05541,0,0,0,0,1494.299306,0,0,0,2307.252265,0
925.00067,0,0,0,81.78726075,0,0,0,0,0,0
1061.02547,0,0,0,0,8599.922526,0,0,0,4795.659137,0
421.00957,0,0,0,0,0,0,0,0,531.8881907,0
699.0277,4791.264017,11450.8959,0,575.9486719,307.8221571,8064.543123,4629.614558,901.6487342,317.623981,3046.140875
627.28139,0,0,1283.404995,0,0,0,437.1011564,0,0,0
1153.77361,30144.23159,5729.243038,0,0,0,20080.45575,0,0,0,0
657.22348,501.6723243,0,0,0,0,725.8332905,0,0,0,0
427.30044,23860.56824,0,0,0,0,22697.41972,0,0,0,0
643.02002,0,592.6812931,0,0,0,0,0,0,0,0
775.51265,0,0,102.6543172,0,0,0,0,0,0,0
696.95146,0,91.69973399,398.4295383,0,511.4317058,0,428.4656946,484.1441357,0,0
799.40905,405.8063641,0,0,0,0,621.86544,0,0,0,0
775.15204,0,0,0,0,178.9110134,0,0,0,0,0
711.15693,0,0,0,0,0,0,0,0,0,0
1224.97793,0,0,17211.45058,0,0,0,0,20826.60949,0,0
725.037,0,0,0,105.8136524,0,0,0,0,0,0
1111.10644,0,0,6458.160061,12318.16137,703.6873264,0,0,8139.64395,0,7449.882203
1261.78594,0,0,0,23375.35201,1642.690234,0,0,2340.368028,278.3864641,4417.730562
493.01068,8880.664996,1472.441023,1463.767632,2940.346074,0,7769.074347,165.8481204,1108.649674,0,274.0984375
1105.0007,0,0,0,0,0,0,0,0,972.8235394,0
487.00537,0,0,0,0,1113.701389,0,0,0,2395.589306,0
673.27545,0,0,0,0,0,1444.307823,0,0,0,0
547.24308,0,0,0,0,0,0,0,97.14985905,0,0
1101.1298,4131.030628,10834.84954,1054.296495,3729.77626,0,2885.25203,9106.701578,1147.52973,0,3049.092438
713.97917,0,0,0,0,0,429.3856908,0,0,0,0
885.01595,1409.846291,0,0,0,0,3097.093339,0,0,0,0
715.4845,0,111.6614383,0,0,0,0,0,0,0,0
560.98696,1658.712528,0,0,0,0,2636.29225,0,0,0,0
1067.63822,0,791.4160276,0,0,0,1271.627981,0,0,0,0
527.02589,774.5983822,855.0542801,0,64.3825,490.2773438,887.5230263,0,0,0,0
1071.55205,1221.791154,0,0,0,0,1192.365697,0,0,0,0
939.61827,0,0,6750.665921,11244.64269,2064.123633,0,0,6931.437982,0,6294.720313
695.17718,0,0,0,0,0,0,2872.376209,0,0,0
962.99691,618.7738869,0,0,0,0,0,0,0,0,0
621.14057,0,0,0,0,735.3848959,0,0,0,1962.292006,0
1466.92194,0,0,6271.564575,0,0,0,0,5366.331568,0,0
593.09476,295.4558213,0,0,0,0,0,0,0,0,0
592.93247,0,290.8842504,457.8663873,0,0,0,976.0977916,170.7433495,0,0
561.14912,0,0,0,0,0,290.6616982,0,0,0,0
715.33192,0,0,0,0,0,0,0,0,0,0
1067.63554,0,0,0,0,0,0,0,273.2686536,0,131.2976094
617.20209,0,0,0,0,0,524.9447471,1423.619933,0,0,0
1099.58759,0,0,0,0,0,0,0,258.1138252,0,0
605.17976,0,0,155.6263021,0,23243.59822,0,0,0,4112.047328,0
938.94161,388.4673932,1343.349454,1513.856934,0,0,196.9576095,1144.484356,775.5807827,0,0
739.3925,876.155282,0,0,0,0,364.3091849,0,0,0,0
532.96643,0,10271.12069,5624.21083,0,0,0,7374.9749,5883.902097,0,0
910.93831,0,0,1262.007921,0,157.6128147,0,0,995.9430875,210.453493,0
533.03803,0,0,0,0,1570.084505,0,0,0,390.0326654,0
745.39481,0,120.8705665,0,0,0,0,192.7156366,468.2661689,0,0
560.98083,0,0,0,0,0,0,0,318.3036739,0,0
879.07418,0,0,0,0,19369.12346,1234.864926,0,0,10402.1282,0
780.93386,0,0,0,0,0,0,0,364.3703273,0,0
972.90471,0,0,0,0,0,0,337.8817296,0,0,0
432.98873,0,233.3510892,15494.63559,0,0,0,1372.479628,15191.85602,0,0
929.58015,294.6021848,0,0,0,0,903.6364618,0,331.9317148,0,0
527.02158,0,0,0,277.6941748,0,0,0,0,0,0
701.01091,0,278.2266703,460.8083767,0,257.1463759,0,0,184.4375123,0,0
745.40155,0,0,0,0,0,0,0,228.5959751,0,0
681.21253,0,535.1431413,1216.428643,0,0,0,0,887.8354554,0,0
1281.8367,0,0,0,0,0,0,0,0,0,0
1005.68814,0,0,125.1789686,0,372.2038629,0,0,105.0236971,0,0
568.96835,0,0,0,105.0547071,0,0,0,0,0,0
881.07799,0,0,0,0,0,0,0,0,183.135077,0
563.33673,21046.47973,0,0,0,0,21948.52174,0,0,0,0
653.00494,0,0,829.5493435,0,4117.262326,0,0,1020.601192,536.2943841,0
695.17782,0,0,293.6244167,0,0,0,0,0,0,0
961.5292,0,0,0,0,0,852.6131271,0,0,0,0
1027.54336,0,106.5178058,0,0,0,0,0,0,0,0
701.01358,0,786.926584,0,0,0,0,366.2878346,0,0,0
989.71672,0,0,150.8814969,0,0,0,0,0,0,0
874.98798,110.8735481,5028.311206,12380.91368,0,310.5179037,0,3161.643332,10455.91149,0,0
841.23176,0,0,0,0,29664.82643,0,0,0,18206.73964,0
918.97346,0,0,1964.701877,0,3247.378299,0,0,1014.156744,2359.98913,0
533.03387,0,62.80162,0,0,0,0,0,0,0,97.20806248
803.1878,0,0,0,0,0,0,0,87.70599905,0,0
828.87017,0,0,0,0,0,0,0,155.0051301,0,0
866.97068,0,460.3001582,2263.973443,0,0,0,8680.441601,2091.945486,0,0
576.95389,0,0,0,0,6495.668121,0,0,0,19193.1557,0
801.16858,0,96.71954681,768.3663466,0,0,0,0,1978.335443,0,0
775.45794,22946.21184,0,0,0,0,19035.23967,0,0,0,0
889.62206,0,0,0,0,6451.367188,0,0,0,3419.365659,0
621.12267,0,0,0,0,5995.206858,0,0,0,1940.881227,0
905.01446,0,288.0389666,553.4061958,0,0,0,0,237.5055874,336.5598675,0
668.95023,0,0,0,0,0,0,0,131.2604332,0,0
955.06885,0,0,0,0,0,0,0,0,0,0
627.28593,803.6261407,0,0,0,0,295.0300421,0,0,0,0
394.04508,0,0,0,0,0,390.8560084,0,0,0,0
701.01133,0,0,0,0,0,0,0,0,0,0
636.89661,282.323173,1525.655974,2558.006307,0,0,394.6086811,3523.052087,0,0,0
495.038,112.419265,257.1695025,840.1174859,0,622.6261937,0,0,429.8387065,0,220.9672578
381.06586,0,274.3205881,119.0694851,0,500.2754774,0,0,0,0,0
873.06159,0,0,0,0,801.886046,0,0,0,452.6431159,0
1102.93729,0,0,0,0,0,0,0,214.6160997,0,0
743.3515,0,0,0,0,0,0,0,0,0,0
769.10523,0,0,0,0,24170.57713,0,0,0,18755.28284,0
1153.2597,0,0,0,0,1091.690256,0,0,0,527.330531,0
473.98871,0,0,361.4995388,0,0,0,251.8984181,402.9143468,0,0
706.99971,0,0,0,0,0,0,0,0,0,0
950.95134,0,0,2508.189942,0,0,0,0,2716.641466,0,0
629.00839,0,0,0,0,0,0,620.3951984,0,0,0
724.91139,0,0,18182.99748,0,0,278.5652241,0,12429.65923,0,0
851.02091,0,0,0,0,0,0,0,264.4906794,0,0
677.16124,0,0,0,0,0,0,0,0,0,0
885.01601,0,0,0,0,0,0,0,0,0,0
851.02228,0,189.4201735,0,0,0,0,0,0,0,0
629.00952,0,0,0,0,0,0,0,0,0,0
420.05529,0,0,0,0,0,0,0,0,0,0
905.00723,0,0,0,0,0,0,462.1251548,0,0,0
513.07696,329.703125,1857.435763,2352.331692,205.9941992,11437.16107,587.3072059,329.8563583,3379.769445,7222.844033,0
570.96612,180.7941959,147.8079707,784.8623318,0,0,511.0719445,0,299.7032609,190.3400843,0
1029.72878,0,210.4564321,0,0,0,396.3052014,0,0,0,0
445.0588,0,0,0,71.74230955,0,0,0,0,0,0
1290.94653,0,0,598.7215712,0,0,0,0,660.625717,0,0
511.03065,0,0,0,0,1008.532552,0,0,0,2247.699884,0
562.94561,0,0,0,0,0,0,1150.39749,0,0,0
562.94534,0,72.40674129,0,0,547.510905,0,0,0,462.4515116,0
1142.94476,0,0,1321.720893,0,0,0,0,2196.857051,0,0
761.04737,0,0,170.3344049,243.9517774,0,0,0,168.6836432,948.2306103,0
471.32675,19516.69078,0,0,0,0,21563.24712,0,0,0,0
845.59177,0,0,14186.27625,1697.820361,1105.881966,0,0,7278.910737,0,5015.397266
763.21671,0,0,0,0,0,0,0,187.7108757,0,0
427.06921,304.315326,176.8813626,0,0,0,0,715.7042465,0,0,0
1046.99997,0,0,0,0,0,0,0,697.1049496,0,0
763.21682,0,0,0,0,0,0,0,211.8522053,0,0
823.00614,0,3757.782257,12108.24194,0,0,0,684.9131537,12649.56889,0,0
726.95747,190.5123928,0,0,0,0,0,0,0,0,0
562.94385,0,0,160.5080702,0,0,0,0,0,0,0
1387.88639,1392.001694,18657.37951,0,0,0,21342.68444,0,0,0,0
663.00591,0,0,0,1194.202695,0,0,0,0,0,111.6658672
1265.14213,0,0,0,909.965664,0,0,0,262.9963657,0,335.3850313
610.09528,6355.506672,357.6354966,854.6061741,6791.888828,1226.228863,6188.25221,849.0546295,1004.122491,0,5588.195625
1401.36217,0,0,0,0,617.4393338,0,0,0,183.5575606,0
1082.99906,606.348918,1826.414494,0,0,0,537.742907,5928.441214,0,0,0
842.99301,0,0,473.1489801,0,0,0,270.4511912,346.7830919,0,0
767.22567,0,0,247.870931,0,0,0,0,155.2399872,0,0
767.22351,0,0,0,0,0,0,0,0,0,0
900.995,0,0,212.6807319,0,0,0,0,0,0,0
1397.01749,0,0,83.97488063,0,0,0,0,0,0,0
511.03289,0,0,0,0,1260.058464,0,0,0,2296.070879,0
473.97792,0,0,16600.05695,0,171.0611328,0,9738.250773,2275.703898,0,0
906.99631,0,0,0,0,0,0,0,0,0,0
1258.99736,0,0,0,0,0,189.3132709,0,0,0,0
671.3681,373.9992913,0,0,0,0,0,0,0,0,0
715.964,0,653.6515529,424.600586,0,0,231.1913805,0,0,0,0
1062.97297,0,0,0,0,0,0,641.8853651,0,0,0
510.98115,440.8203125,2823.899564,162.3303358,0,1184.39082,273.1706929,2522.77893,552.6115506,2043.444407,0
767.22408,0,0,0,0,0,0,0,0,0,0
829.24497,0,1505.889954,2288.085422,8622.693711,677.7075954,618.1984478,660.4495668,3151.56606,0,10187.63584
1253.00119,171.9387445,0,0,0,0,0,0,0,0,0
537.12175,0,66.78315521,0,0,0,0,0,0,0,0
680.00379,4931.893805,9457.739456,0,402.916836,0,9219.071649,9206.894107,0,0,597.9333438
531.33235,0,0,0,0,0,0,177.7150758,0,0,0
811.0495,0,0,0,84.52796875,0,0,0,0,0,0
649.44639,0,1478.644627,0,0,0,0,0,0,0,0
551.25272,668.7417035,81.1811673,0,0,0,497.3976151,0,838.3838632,0,161.4335938
1243.03585,269.8984202,9602.104007,0,0,0,673.6495683,4349.199954,0,0,0
758.97912,3903.898783,0,2408.987631,0,0,1914.863692,0,0,0,0
721.97291,0,257.8264235,610.0712077,0,0,0,0,243.7937846,0,0
644.06317,0,0,0,0,8614.455165,0,0,0,33080.37211,0
727.04597,0,2083.494752,4997.134115,0,3733.205382,0,4596.306969,1760.288172,0,0
703.06682,1580.603913,2872.036966,4639.759739,6579.551387,1813.680078,1316.339009,1669.809986,6265.596803,0,4505.941938
1303.72819,19611.55635,0,0,0,0,22279.04844,0,0,0,0
495.03467,0,0,0,153.3382715,0,0,0,131.5550027,294.7378849,0
1143.61338,1644.02043,279.8846338,0,0,0,1759.361585,0,0,0,0
845.01304,267.586361,0,0,0,0,0,0,0,0,0
567.00139,601.9001659,0,1498.898438,492.9250489,1486.738151,0,506.8985149,1202.410255,0,290.5098438
653.07221,0,0,0,0,283.2427518,0,0,0,272.2502548,0
802.08446,0,0,0,0,0,0,0,0,0,0
829.09758,7386.83032,4775.382285,1201.047011,963.2591309,0,5670.220574,6851.294961,966.3465685,0,3145.788219
615.10945,0,0,0,0,0,0,0,0,0,0
1158.91854,0,0,0,0,0,0,0,0,0,0
645.31646,0,0,0,0,0,0,0,0,0,0
621.12418,0,0,0,0,0,0,155.798451,0,0,0
610.99117,0,0,0,0,0,0,0,0,0,0
769.22426,0,0,0,0,0,0,0,0,950.2533968,0
1237.80736,0,0,0,0,0,0,0,138.0096667,0,0
1120.95137,0,0,4848.628256,0,0,0,0,5747.738578,0,0
785.15641,0,0,0,8154.126641,2060.203472,9145.521999,0,1121.458861,0,7022.541251
543.28903,0,813.7478552,611.5869412,9547.191504,616.3298611,595.9598067,1801.652634,2593.297543,0,9897.961375
978.92186,0,0,0,0,0,0,0,0,0,0
1048.99376,0,0,0,0,0,0,0,0,361.2702388,0
438.02224,0,123.7002133,0,0,0,0,345.1347076,0,53818.12161,0
869.02452,0,0,0,0,3094.528126,0,0,862.3788074,3702.576993,0
767.05333,0,0,0,0,0,0,0,0,0,0
403.01102,0,0,484.6837701,0,0,0,0,457.9240384,0,0
975.09868,10400.81519,9204.739899,0,0,241.9539062,6978.545603,6106.145866,0,0,0
1061.02875,0,0,0,1269.686104,0,0,0,0,0,104.0596718
557.26761,0,219.1136287,0,0,0,0,0,0,0,0
529.03951,0,0,0,0,2660.939258,0,0,0,1109.303499,0
652.99348,144.8153692,0,0,0,0,0,0,0,0,0
685.02607,777.3114543,1981.023737,4074.789768,80.07657715,0,914.8710295,3489.609626,5109.898388,0,0
457.13473,103.9123687,0,0,0,0,0,0,0,0,0
557.26105,0,0,0,0,0,202.2923649,0,0,0,0
891.01689,0,0,0,0,5095.30625,0,0,0,0,0
394.95139,236.7096412,322.7890985,178.3131172,0,0,0,498.0088471,0,0,0
1265.81959,23965.30102,4356.067641,0,0,0,10895.41077,1611.788357,0,0,0
876.96667,0,2960.940759,2361.523356,0,0,0,1457.182704,1395.488529,0,0
865.09965,0,0,176.4357097,0,0,0,0,282.4337916,0,0
890.37318,4130.532667,15082.73658,0,306.7167969,0,2995.892218,5627.171527,0,0,0
463.14761,0,0,0,0,0,0,0,0,0,0
649.08266,1024.097933,4108.986268,387.8896078,1315.166582,0,1948.016268,7257.648515,602.9162876,0,1697.049563
391.04017,1219.315075,1228.139415,0,0,21063.64158,1193.514983,221.8455871,0,12776.23655,0
769.13546,0,0,0,0,1302.194879,0,0,82.4824219,922.3688859,0
725.23789,0,0,0,0,0,0,111.4341352,0,0,0
814.88865,92.82882504,0,0,0,0,0,0,0,0,0
657.31725,1085.054186,0,0,0,0,501.3514083,0,0,0,0
845.56639,0,0,180.5159912,0,341.3277343,0,0,203.6057654,263.2861187,325.21825
562.20174,0,0,0,0,0,1579.958111,0,0,0,0
1193.01586,0,0,0,0,0,0,0,0,0,0
586.91946,194.4065784,212.9428202,392.1432563,0,0,0,364.5325263,0,0,0
675.0855,0,0,389.9874674,0,616.5287978,0,0,877.9873912,614.0152004,217.9256875
1111.61278,622.6542796,0,0,0,0,0,260.379235,0,0,0
899.9421,0,0,0,0,0,0,0,0,0,0
437.02699,0,280.6655244,0,0,625.9684028,0,0,0,477.3738678,0
563.25622,1537.186325,0,0,0,0,2241.297852,0,0,0,0
1011.28782,0,0,0,0,0,0,0,0,0,0
537.10916,1002.307799,181.3474406,544.7663031,0,0,0,0,0,0,0
394.95378,0,0,90.59844972,0,0,0,0,0,0,0
1399.9108,0,0,0,0,0,0,0,0,0,131.028125
848.98644,0,0,239.9389649,0,0,0,0,0,0,0
1221.67735,21984.0573,431.4254098,0,0,0,17696.99329,3698.184677,0,0,0
1553.12311,0,0,130.9235026,0,0,0,0,386.4098596,0,0
855.48658,0,0,0,500.4977832,110.3404731,0,0,0,0,92.999
657.32051,242.8535157,0,0,0,0,0,0,0,0,0
943.06659,0,0,0,0,0,0,0,120.7934014,0,0
550.95104,368.9146329,2508.743146,6991.871501,0,0,511.0493936,1915.030786,5670.956722,0,0
701.19013,0,0,0,0,0,0,0,0,0,0
943.06229,0,0,0,0,93.05221354,0,0,0,0,0
1149.74584,0,0,6960.334385,9032.500112,981.64796,0,0,3141.92698,0,6082.852438
525.9742,0,0,0,0,0,0,0,0,10178.08766,0
1387.86296,0,0,0,0,0,0,0,672.7919304,0,0
763.12641,0,0,0,0,0,0,0,0,0,110.324289
811.19065,0,0,0,0,0,0,0,0,2207.985338,0
1231.73345,18228.93155,4644.144507,0,0,0,14043.84843,2356.01052,0,0,0
1061.02846,0,0,0,0,0,409.8983861,0,0,0,0
1271.04073,2845.338859,0,0,0,0,7135.940789,0,0,0,0
1017.29603,0,0,0,0,393.2836806,0,0,0,0,0
956.94105,780.7085868,0,0,0,0,0,0,0,0,0
489.04962,116.8346152,0,169.7991401,469.8112695,156.9745768,0,404.5691039,0,0,744.8246719
817.11517,0,193.2280244,218.1771105,587.9228126,0,0,626.190246,0,0,1131.637391
711.2504,0,0,0,0,0,0,0,0,0,0
677.01513,0,1262.550494,631.1400825,0,501.8151042,0,1542.783725,747.6043316,0,0
732.94639,0,0,0,0,0,0,0,0,0,0
1114.94419,0,154.7219134,0,0,0,0,138.2237778,0,0,0
489.08974,0,0,0,324.8278711,0,0,0,55.74341747,0,323.5175
785.10821,1904.566285,2266.915824,2761.232096,4847.597002,0,193.0224866,4378.412167,2009.639914,0,2145.557609
1049.00568,0,0,0,0,0,0,0,705.7246342,343.7158345,0
855.47809,353.3076258,0,0,0,0,0,0,0,0,0
956.93073,0,0,0,0,0,0,0,201.0150316,0,0
869.03824,645.8520465,0,0,0,0,3579.684262,0,0,0,0
467.06038,0,461.4729678,626.984375,596.7247655,0,0,0,360.9655113,0,0
1598.96142,0,0,4228.421346,0,0,0,0,3294.514346,0,0
535.04729,0,65.74470982,0,0,0,0,0,0,0,0
895.48371,20318.36914,705.1669143,0,395.3923584,0,17817.86611,2327.897229,0,0,0
863.50824,670.9482163,9372.435511,0,9605.077676,0,0,6955.479386,0,0,665.548625
581.93721,0,0,0,0,8786.895834,0,0,0,4833.203125,0
789.10332,107.0581962,121.3819258,485.2974989,2958.61333,531.5222981,153.616198,157.3074142,484.8543315,0,1773.809617
430.91592,0,473.7276169,0,0,0,0,0,852.6618868,0,0
1673.16478,0,0,13834.94615,0,347.0748264,0,0,14322.13015,634.7441123,0
557.06534,0,0,0,0,4720.893142,0,0,0,11295.55837,0
843.13493,0,0,0,0,0,0,0,0,0,0
1337.77752,0,0,0,0,0,0,0,0,0,0
781.00272,0,182.1654285,0,0,0,0,0,0,0,0
674.94353,0,2334.493529,2441.120904,0,572.4817709,235.4337222,19082.20425,3479.776367,0,0
872.9822,0,3442.517111,1208.172119,0,0,0,2461.158957,764.779198,0,0
1132.97627,0,442.4122652,0,0,0,0,0,0,0,0
1227.06478,0,0,0,0,0,0,0,118.3054416,0,0
488.98905,0,0,0,0,0,0,424.8019609,0,0,0
999.03706,0,0,0,225.0146192,0,125.8549419,0,0,0,0
520.98712,0,0,0,0,0,0,0,0,3926.449503,0
630.89139,239.9071056,183.2888409,648.0289713,0,0,367.9559518,115.148834,318.3733003,0,0
730.98082,0,0,0,0,0,297.650622,0,0,0,0
699.03142,0,0,0,0,12196.29497,0,0,0,31738.55191,0
488.98992,0,114.8377588,0,0,0,0,0,0,0,0
743.05785,6039.628578,1047.087208,2453.049791,6475.641084,0,7275.690045,0,1574.523574,0,1986.499742
727.03204,0,0,0,0,1053.59592,0,0,0,0,0
801.13661,0,127.4944521,99.27595347,0,0,0,0,0,0,0
675.08426,0,0,0,0,1181.425239,0,0,0,0,0
573.36927,0,169.4162433,0,89.05811525,0,2134.713713,0,0,0,0
553.07214,0,0,0,0,0,0,0,0,439.2474242,0
786.99304,0,0,0,0,0,0,808.6199915,0,0,0
727.02956,109.8531613,124.8452718,0,0,0,0,0,0,0,0
445.10845,0,0,0,0,0,646.6209909,0,0,0,0
891.56071,0,0,0,0,0,0,0,0,0,0
410.03286,0,3532.449782,8274.793335,0,751.7298829,0,2784.471245,8867.148833,0,0
813.49815,0,0,0,0,0,443.485403,0,0,0,0
835.04337,0,0,0,59.89728025,0,0,0,0,0,0
445.11177,0,0,0,0,0,0,0,0,0,0
582.08895,0,1238.347339,111.9285549,0,0,0,0,355.9195078,0,0
929.69071,538.5484479,0,0,0,0,1080.417044,0,0,0,0
552.99659,0,550.5545198,636.2778591,0,0,0,567.808555,178.117138,0,0
417.11379,0,0,0,230.4590967,0,0,0,0,0,104.824
954.9082,0,873.8950465,0,0,0,0,1117.457573,0,0,0
1193.0343,0,0,299.870714,0,0,0,0,491.2172048,0,0
391.17223,0,741.0163919,752.6425306,828.0352198,0,1457.53125,2065.262241,198.578125,0,0
467.06114,0,331.0763516,671.8897841,0,0,1106.355212,0,0,0,0
936.943,2770.477513,0,0,0,0,1574.188091,10175.45403,0,0,0
894.98662,433.3919386,447.8589916,754.2495118,0,0,396.0641191,0,887.6959551,0,0
851.01453,0,0,0,0,6442.6158,0,0,456.6581908,6210.338201,0
1115.60306,0,445.3490941,0,0,0,0,0,0,0,0
724.94188,0,511.2143764,312.3654785,0,0,0,0,415.992682,0,0
629.26985,0,0,0,0,0,0,0,129.6542845,0,0
613.29421,0,102.4722129,0,0,0,0,0,0,0,0
393.03929,0,0,0,383.1964063,0,0,0,0,0,281.8525313
1239.80779,578.2643459,0,0,0,0,1101.049599,178.4313699,0,0,0
945.66972,0,325.3181797,0,0,0,0,0,0,0,0
869.02858,0,0,0,0,0,0,0,0,0,0
701.34446,2895.762721,65.4057827,107.0008749,0,0,3929.074425,0,0,0,0
425.20132,0,0,92.15013292,0,0,0,0,496.4917672,0,0
721.08783,0,0,0,0,0,0,0,0,0,0
866.99443,0,0,0,0,0,0,308.7451849,0,0,0
817.1147,0,0,0,122.4528223,0,0,0,0,0,0
838.98414,0,0,2069.861789,0,488.3290147,0,1607.358776,871.6753239,0,0
605.14382,0,0,0,0,0,0,0,0,2140.916893,0
823.12467,0,0,0,110.4515918,0,0,0,0,0,0
823.12324,0,0,0,0,0,0,0,0,0,0
1026.25369,0,0,0,0,4088.016428,0,0,0,24244.158,0
546.93187,0,8391.30265,4412.467475,0,293.6359049,0,6251.719601,4306.746217,0,0
600.9407,0,0,0,0,0,0,0,0,0,0
600.94023,0,0,0,0,0,0,0,0,0,115.3013359
579.06914,0,0,0,0,0,0,0,0,0,0
1265.12522,0,0,675.4367404,1253.164668,487.4371093,0,0,242.2012213,0,341.8191562
891.02998,154.6350941,0,541.6956923,0,196.6772136,0,0,0,4433.413043,0
1083.00266,263.0984858,0,0,0,0,722.7044999,0,0,0,0
1509.94137,0,0,9493.052958,0,0,0,0,17544.14321,0,0
879.15343,0,979.398809,11391.76999,0,0,0,370.7151146,12229.0457,0,0
503.95583,4562.027205,221.9894076,0,0,6795.026258,360.9380654,20388.43286,0,0,0
1306.88005,0,0,584.9594184,0,0,0,0,419.515489,0,0
1175.04305,0,0,617.3945855,0,0,0,0,644.3629969,0,0
449.05281,0,0,0,0,1939.81671,0,0,0,933.0037648,0
1059.9844,126.4384852,12205.36805,0,0,0,629.7448088,8029.305925,0,0,0
1537.14931,0,0,13561.13832,0,945.9611762,0,0,9915.232088,496.2860196,369.4558906
445.08848,145.4405074,112.8436661,120.7548422,182.598418,332.3467231,0,0,0,0,359.5253203
965.08523,0,0,0,0,0,0,0,197.536516,0,0
661.07115,0,0,0,78.50839845,0,0,0,0,311.3113394,84.13682032
1094.97786,0,201.5537529,0,0,0,0,0,0,0,0
1158.90397,0,0,0,0,0,0,0,0,0,0
922.96172,0,604.5650882,0,0,0,0,861.6522277,0,0,0
1202.9921,0,160.9786714,0,0,0,0,209.6122176,0,0,0
405.05532,0,0,0,0,8039.141276,0,0,78.96537532,9723.348958,0
373.98168,0,0,0,0,0,0,0,0,0,0
578.95541,0,0,0,0,5455.840918,0,0,0,6233.268201,363.6063438
1001.65251,0,0,164.3178847,0,0,0,0,0,0,0
922.95862,0,0,401.6624485,0,0,0,0,121.6059014,0,0
449.05225,0,0,0,0,2547.303299,0,0,0,0,0
731.37269,393.6568722,0,80.03649222,0,0,412.3911133,0,0,0,0
1202.99332,0,0,0,0,0,0,0,193.3222656,0,0
1148.96871,0,129.1234183,0,0,0,0,0,284.0033623,0,0
752.96107,0,0,0,0,0,0,0,0,0,0
1061.01749,0,0,0,169.1393945,0,0,0,0,0,0
1089.11951,0,0,0,0,0,0,0,135.9871811,0,0
559.0217,193.4231713,0,0,0,0,0,0,0,0,0
637.03381,0,0,108.493571,0,303.1586806,0,210.2450108,0,0,0
711.09413,211.1896519,1648.033155,918.1903755,1128.835625,165.5253147,0,807.706161,214.6708366,0,279.8105703
1073.15498,0,78.99004264,0,0,0,0,0,0,0,0
717.33584,8070.353395,0,108.6230265,0,0,4800.211297,0,0,0,0
449.05187,0,0,0,0,437.3558593,0,0,0,1124.512427,0
1259.01968,0,4885.074267,0,0,0,0,2313.296604,0,0,0
461.05688,0,0,0,62.46365235,201.2274306,0,0,107.225042,0,0
1067.02799,4882.686256,0,0,0,0,6183.337942,3629.385675,0,0,0
582.08221,0,50.06850616,0,0,0,0,0,0,0,0
461.06068,0,0,0,0,0,0,0,0,0,104.1157656
561.93865,263.9572991,5698.202023,5256.454508,0,458.2909288,269.3764392,4942.572827,5686.53659,0,0
557.1962,0,0,16948.0987,0,0,0,164.7177445,4346.081339,0,0
1434.98314,0,206.1521999,0,0,0,0,161.4861445,0,0,0
579.0745,0,0,0,0,220.5824436,0,0,0,0,0
449.03005,2641.195641,762.9877061,2445.951389,360.5817578,1001.740842,2126.061369,903.6196628,2055.150564,0,0
768.94921,0,1101.019651,2900.236274,0,0,0,1392.804997,3132.783673,0,0
677.01472,0,0,0,0,0,0,0,0,1350.144135,0
845.06082,0,0,0,0,186.0432726,0,229.1764194,0,0,0
445.08842,0,0,0,83.95374025,0,0,142.9937055,0,0,137.186625
644.89842,5503.642215,149.8956336,166.0810276,80.2355908,0,4171.189993,0,83.1594331,0,665.9318437
443.03783,0,105.8276936,0,0,0,0,0,0,0,0
881.05384,0,0,0,0,0,0,0,0,0,563.5307657
486.99921,0,0,251.2389865,0,0,0,1368.181718,0,172.8733158,0
929.60159,0,0,858.9197863,0,0,0,0,305.1649031,0,0
866.97087,0,0,0,0,0,0,0,0,445.3077446,0
689.07599,0,0,0,0,236.4431641,0,0,0,0,0
790.95076,0,0,0,0,0,0,440.2134514,0,0,0
487.01491,0,0,0,0,196.0483724,0,608.4803141,560.2069323,0,0
767.43659,0,0,0,0,0,532.5000514,0,0,0,0
445.08904,0,0,0,53.3685498,0,0,0,0,0,0
894.95958,0,0,0,0,0,0,0,0,0,0
715.39384,0,0,0,0,0,377.2959755,0,0,0,0
393.05455,3956.221101,2051.618026,329.6790907,455.8535156,9127.902995,3247.792275,0,398.1969318,9025.204484,0
600.89395,0,9936.130955,2997.96852,0,0,0,4069.223585,3098.722273,0,0
627.20538,0,0,0,0,0,0,0,0,0,0
727.4568,12992.01853,0,4120.243557,0,0,8798.821623,0,4448.080832,0,0
715.39535,0,0,0,89.17691405,0,0,0,0,0,0
1259.71401,13032.70171,0,0,0,0,23042.91586,0,0,0,0
421.03432,0,939.2358129,1361.915582,0,1071.67908,0,0,0,21391.14612,0
1177.6929,537.6800332,259.5653159,0,0,0,0,0,0,0,0
1379.7963,452.8547773,0,0,0,0,350.0979133,0,0,0,0
568.97552,0,0,0,0,0,0,0,0,191.7793252,0
525.97761,0,0,109.6555379,0,0,0,0,112.6110067,0,0
510.98237,0,0,0,0,0,0,0,0,368.0866168,0
727.10303,0,0,279.2077908,157.26625,0,0,0,258.7016169,0,0
929.60056,0,192.3436781,0,0,0,0,404.3297107,0,0,0
437.00907,0,1455.152212,0,1301.997129,0,0,1491.296256,0,0,0
1325.85981,0,183.2501438,0,0,0,0,0,0,0,0
1053.01521,0,0,237.1328667,0,0,0,0,1176.811103,0,0
546.94939,0,1115.497747,2279.950874,0,149.1395508,0,1889.268932,2173.79821,0,0
598.93918,174.3784223,0,0,91.49286135,0,0,0,0,0,0
867.0456,0,0,751.823215,0,0,0,0,0,0,0
573.33981,409.1141455,0,0,0,0,382.6346629,0,0,0,0
419.03074,0,0,0,0,0,0,0,0,1809.011945,0
395.03409,0,0,0,0,0,0,0,0,0,0
727.09734,0,0,0,0,0,0,622.1492497,0,0,0
745.48182,471.0114077,1367.591953,0,261.1411426,0,0,0,186.2855642,0,0
727.09852,0,0,0,264.9699414,0,0,0,0,0,0
367.98985,4309.165998,0,0,5856.432764,0,2074.014289,0,0,0,6154.646188
1057.0794,0,0,0,0,0,0,118.6814666,0,0,0
1158.86716,0,0,1490.290324,0,0,0,0,1143.265712,0,0
541.385,0,0,0,0,0,163.3129368,0,0,0,0
1017.62564,0,0,0,0,0,0,0,0,0,0
1098.99577,0,1852.967504,0,0,0,0,6781.857403,0,0,0
1177.69619,0,0,0,0,0,0,0,153.3718849,0,0
727.07584,0,0,0,0,0,0,1957.993077,0,0,0
1171.67068,14834.81288,0,0,0,0,15137.48206,0,0,0,0
685.39306,0,0,0,226.4264649,0,0,0,0,0,0
699.04609,0,0,0,128.1915039,437.2725694,0,0,0,1655.494905,0
486.99965,0,0,404.2487657,0,0,0,101.2148631,115.0560473,0,0
867.04366,0,0,0,0,0,0,597.6740408,0,0,0
1085.09773,141.2499309,0,0,0,0,0,0,0,0,0
861.03312,0,0,189.275472,0,0,0,0,0,0,0
1139.0299,152.2954231,0,0,0,0,0,0,0,0,0
579.01004,0,1155.333337,0,80.364375,0,0,30513.70947,0,0,512.7997344
611.15237,126.6275321,0,0,0,0,0,0,0,0,0
496.96421,0,78.0138816,383.069146,0,0,0,270.6700959,0,0,0
393.02068,0,0,0,0,18852.7553,0,0,0,11815.06225,0
819.25334,0,0,0,0,0,0,0,0,0,0
646.98739,0,2540.274228,0,0,0,0,696.3627785,0,0,0
1249.15034,0,0,249.5989855,178.9286719,0,0,0,205.2993349,0,353.5403906
431.04439,0,153.495231,0,1288.356406,1988.479362,0,0,0,1058.511294,1734.10675
1397.78403,15309.54373,518.6594733,0,0,0,8026.165091,8539.044787,0,0,0
1049.01388,0,0,830.2485352,0,0,0,0,0,0,0
879.07356,896.2425336,0,0,0,0,0,6543.264214,0,0,0
785.07773,0,0,361.6754422,0,224.4536676,0,0,363.904198,0,0
872.97586,307.3221101,0,0,0,0,0,0,0,0,0
1049.00656,0,0,0,0,0,0,591.2686031,0,0,0
553.07167,0,0,0,79.40699705,0,0,0,0,0,0
1049.06555,0,4813.738167,6956.232449,0,128.8810656,0,4125.725712,6729.419545,0,0
633.19352,0,0,273.6388075,0,0,0,0,263.3342811,0,0
1029.71708,311.6153899,161.1818802,0,0,0,0,0,0,0,0
751.42489,798.6374448,0,104.1494615,8492.367569,2858.729449,469.6428351,0,514.5278567,843.7594967,6344.740453
1604.9882,0,0,148.4895698,0,0,0,0,0,0,0
1265.12389,0,478.5725173,0,0,0,0,0,0,0,0
493.01234,0,0,0,0,0,0,0,0,0,0
557.06559,0,0,0,0,4097.971528,0,0,0,1006.763247,0
897.0278,122.0129632,175.2398629,0,0,0,0,4682.030902,0,0,0
1055.03081,0,0,0,0,0,0,0,162.3634791,0,0
727.03607,138.3128371,107.5750815,0,1236.352031,0,0,0,0,0,0
1049.01095,0,76.92270779,0,0,0,0,0,0,0,0
731.14802,0,0,187.0603027,0,0,0,0,0,0,0
617.21819,0,0,0,53.573291,0,0,0,0,0,0
1098.96681,0,7984.749425,0,0,0,0,2774.350866,0,0,0
771.01438,1926.951016,0,0,227.3849805,0,1336.407432,0,0,0,128.8555
1004.86652,0,0,188.1927626,0,0,0,0,265.8842217,0,0
950.91081,0,0,0,0,0,0,477.4670483,0,0,0
515.05062,0,0,0,0,1108.794857,0,0,78.57900886,931.4846016,0
548.99822,0,0,0,0,0,758.871505,0,733.500272,0,0
1075.96868,0,0,628.0839573,0,0,0,0,791.615358,0,0
888.95732,0,0,2793.689291,0,0,0,363.8712098,1264.885779,369.6363507,0
809.28009,0,0,0,0,242.0338759,0,0,0,0,0
575.05552,0,0,0,0,0,310.0145713,0,0,0,0
813.28842,0,0,0,0,0,0,0,0,494.9333107,0
1187.70827,14840.53447,2259.362874,0,0,0,14224.62814,1379.211054,0,0,0
1298.99869,2619.545613,0,0,212.1133691,0,2359.418611,0,0,0,0
601.30182,0,0,0,0,0,0,0,0,148.5394446,0
1428.99171,0,251.1459212,0,0,0,0,223.7959274,0,0,0
419.1648,0,0,0,0,0,222.1741879,0,0,0,0
542.95023,275.5559838,2275.159425,1426.315674,281.3800782,0,0,6314.766998,0,0,9957.355422
1407.8399,18993.6347,1876.67505,0,0,0,10914.70307,134.5258644,0,0,0
1190.81602,0,0,0,0,0,0,0,52.55667771,0,0
1120.97741,0,0,0,0,0,0,0,864.6840386,0,0
987.02971,0,1427.368326,12984.3323,0,1294.216862,0,97.46483408,4286.434929,256.9121659,0
667.30332,323.4350284,0,0,0,0,236.0083522,0,0,0,0
763.17248,0,0,0,0,261.5188368,0,0,0,0,0
1017.27884,0,0,0,0,15806.88793,0,0,0,11756.71023,0
770.99795,242.9105019,0,0,0,0,0,0,0,0,0
813.27417,0,0,0,0,455.7405816,0,0,0,0,0
433.99215,0,8290.699758,1588.834303,0,373.0825738,0,8949.923074,2358.059805,0,0
711.05743,0,0,0,0,0,0,304.1712562,0,0,0
1208.99034,0,0,0,0,0,0,0,179.580758,0,0
918.93828,0,935.6051333,296.531901,0,0,0,0,376.9539779,0,0
751.49152,0,0,144.6193441,0,0,0,0,0,0,0
745.48621,0,0,0,0,0,0,0,0,0,0
727.05954,0,172.741804,0,0,0,0,1809.164913,0,0,0
903.0441,0,0,0,0,0,0,0,76.20462076,0,0
635.04355,0,0,0,0,216.7458768,0,0,0,0,0
912.99319,0,1626.512893,8023.479385,0,1354.311459,1622.788549,674.5393719,5764.008703,0,0
495.05422,0,0,0,0,0,0,0,0,0,0
661.29223,0,0,0,0,0,0,0,0,0,0
701.31638,0,0,0,0,0,0,0,0,0,0
597.01471,0,0,0,0,15194.77719,0,0,0,1258.164006,0
1393.8359,0,0,0,0,0,0,0,0,0,0
989.56816,0,0,0,0,0,0,0,0,0,0
549.09142,0,0,449.2731391,0,0,0,0,0,0,0
1349.92559,0,0,0,0,0,0,0,223.1282635,0,0
680.9999,0,0,0,0,0,0,0,0,0,0
695.09416,147.538544,0,0,0,0,0,0,0,0,0
684.99602,401.4612487,0,0,0,0,1078.698705,0,0,0,0
582.9606,0,0,1394.143473,0,370.4680664,0,124.2301787,2763.056455,794.8536855,0
695.08796,0,0,182.4379069,0,0,0,0,0,0,0
499.07398,0,0,0,0,234.9686198,0,0,353.4714943,207.731318,0
995.59961,3070.662196,0,0,0,0,15390.16746,4929.660775,0,0,0
695.09253,0,0,0,75.9984961,0,0,0,0,0,0
1403.85616,220.6720133,0,0,0,0,0,0,0,0,0
807.05238,0,372.0348328,0,0,0,0,0,0,0,0
711.09292,143.5337217,530.2160719,290.2523328,3040.905298,213.2342231,0,155.894773,250.8128708,0,1609.703969
764.12627,0,0,0,0,0,0,0,0,0,0
751.21689,0,102.7366277,0,0,0,0,0,0,0,0
645.41839,10238.68009,3158.765206,205.9732734,82.04847655,0,11090.77858,2923.349629,185.4671183,0,177.7801094
875.53488,0,450.4475172,0,0,0,0,0,0,0,0
625.02271,0,220.0583182,0,0,0,0,720.6045599,0,0,0
897.0233,0,0,0,517.0322655,0,0,0,0,0,601.6866875
733.03707,0,0,0,0,0,0,5468.961112,0,0,0
463.11503,0,0,0,0,17727.75061,0,0,0,10193.66203,0
885.00514,420.3690542,0,0,91.00666015,0,0,0,0,0,0
660.88045,0,0,0,0,0,0,0,0,0,0
629.00043,0,0,271.5469022,0,0,0,0,0,0,0
891.54544,0,0,0,0,0,0,0,635.4292425,0,0
1126.98594,0,619.1440639,0,0,0,0,582.5253133,0,0,0
789.10322,0,0,0,85.9533594,0,0,335.2646581,0,0,0
549.09682,0,0,0,0,0,0,0,200.2057951,0,0
485.08158,1448.898922,1507.187836,1656.485121,2370.981514,0,753.3309262,1352.295135,1620.821178,0,1976.967234
917.63051,0,0,0,0,0,0,0,0,0,0
789.10252,0,0,0,0,179.135536,0,0,0,0,0
575.07906,286.3370437,1275.282484,1182.219116,3904.124522,0,1366.246312,805.0983718,992.9434953,0,4778.177032
717.31826,0,0,75.30807833,0,0,2190.47646,0,0,0,0
1145.09422,0,8157.47425,518.702691,0,0,0,9191.364577,191.4348794,0,0
789.10246,0,0,0,0,0,0,0,0,0,0
885.53294,0,0,0,0,0,0,0,144.268258,0,0
431.04538,0,1389.840898,316.8532172,0,839.9209201,0,0,0,2146.416214,0
1240.96812,0,0,0,0,0,0,164.1277653,0,0,0
533.01758,0,0,0,0,0,105.3699951,0,0,0,0
1435.77695,12323.16589,0,0,0,0,9408.392373,0,0,0,0
571.98142,0,0,0,0,1068.402148,0,0,0,3484.414402,0
663.3983,0,0,0,0,0,3748.551809,0,0,0,0
565.06561,0,0,0,0,0,0,0,0,0,0
788.94141,12786.84587,795.4349717,100.9173449,0,0,16014.95089,0,155.32433,0,0
446.98256,0,0,0,0,0,0,952.1820757,0,0,0
879.07407,1623.305258,101.091737,0,0,0,0,0,0,0,0
829.03193,0,0,160.7214356,0,0,0,0,119.9534587,0,0
566.1568,0,0,0,0,0,0,0,0,5689.523778,0
960.91813,0,0,228.931661,0,0,0,0,0,0,0
683.02201,0,0,0,0,0,0,0,0,0,0
599.08301,0,0,0,0,25372.16875,0,0,0,5837.308425,0
696.98963,0,0,395.3477241,0,0,0,238.4207341,172.3966451,0,0
1005.05992,0,0,5272.667209,0,1520.31786,0,0,2407.270025,1204.72192,0
1249.84174,0,225.5973567,0,0,0,0,0,0,0,0
1391.75177,13598.99108,0,0,0,0,8763.409591,0,0,0,0
851.01559,0,0,263.0066732,0,0,0,0,193.7054242,0,0
1142.89561,0,345.0662745,0,0,0,0,263.1111057,0,0,0
545.01941,0,0,0,0,0,0,0,1136.366496,0,0
817.07974,0,162.7802435,193.3229709,0,1599.227778,0,0,322.0259592,571.9021739,140.1856875
717.32112,0,0,0,0,0,1253.278218,0,0,0,0
498.97799,0,0,0,0,0,0,263.6488436,0,0,0
868.39332,74.03351424,0,0,0,0,0,0,0,0,0
971.06037,0,153.4946439,116.5902642,0,0,0,0,83.45516468,0,0
663.34625,0,115.7901529,0,0,0,0,0,0,0,0
650.9816,0,0,0,0,0,0,186.4227258,0,0,0
439.03193,0,280.9348459,0,0,0,0,5694.239567,0,0,0
625.06483,296.8337511,0,336.5770399,2498.008623,286.33852,0,0,409.3162332,175.9463599,1823.752469
460.22526,0,0,7536.843411,0,0,251.6700247,88.99064048,10985.06968,0,0
557.22031,0,0,4511.251872,0,0,250.4227488,123.1331993,1426.718132,0,0
665.08631,233.8074012,156.6219206,1509.172784,490.8434863,7414.632791,763.7906045,0,2623.4252,1356.827276,1933.925047
701.34844,0,300.2972944,0,0,0,0,0,0,0,0
565.96852,0,0,0,0,800.7721354,0,0,0,2188.214447,0
701.31954,0,0,0,0,0,0,0,0,0,0
645.00817,108.4145896,3088.3177,0,0,0,0,3023.036781,0,0,0
1076.99478,0,0,0,0,0,0,445.6869199,0,0,0
701.34418,261.3500069,0,0,0,0,0,0,0,0,0
1089.02231,0,0,0,0,1621.799002,0,242.4946434,0,2291.388191,0
873.06611,0,141.8701112,193.0569797,0,0,0,0,227.5947142,0,0
627.1604,124.3862953,0,632.0285102,0,0,0,0,0,0,0
425.09061,0,0,0,0,0,0,0,0,0,0
585.20942,0,0,0,0,0,0,0,64.71017728,0,0
459.20327,158.4440507,0,0,0,0,0,0,0,0,0
1280.9588,0,0,4354.97347,0,326.0369574,0,0,4907.387732,0,0
370.97702,0,76.70709718,0,0,253.3731663,0,0,0,0,0
947.02471,0,6300.949135,0,0,0,0,9974.291141,0,0,0
961.21477,0,0,0,0,11620.24746,0,0,0,13104.8311,0
651.04799,0,0,0,113.4321778,0,0,147.6236656,106.7517924,0,0
717.31778,92.40364867,0,0,0,0,0,0,0,0,0
368.00112,0,114.2181269,0,0,204.2067491,0,296.6222734,0,0,0
1101.1022,773.908566,202.7844613,0,0,0,264.8431846,0,0,0,0
529.27698,611.094545,0,0,77.00859375,0,1264.483064,136.2613223,0,0,0
913.02512,0,0,0,0,3676.970486,0,0,0,0,0
527.06762,0,0,317.7914225,0,0,0,0,513.2615209,0,0
370.98077,0,99.70453294,0,0,0,0,0,0,0,0
952.91974,0,282.9553537,0,0,0,0,256.9760404,0,0,0
1027.08392,0,0,0,0,0,0,179.5178875,0,0,0
743.04935,0,0,0,0,0,0,0,0,299.0668026,0
521.05377,0,0,85.32147215,0,0,0,0,0,0,0
879.07118,0,0,0,196.3806446,0,0,0,0,0,0
1401.14569,3011.686826,4126.80307,0,0,0,6952.035953,4193.563274,0,0,0
677.03994,0,844.2626294,593.5603841,126.7856446,0,0,616.0763459,0,0,177.2299844
879.07374,310.7459036,0,0,0,0,0,0,0,0,0
635.3042,0,109.4412145,0,0,0,1383.507196,0,0,0,0
1112.94061,0,0,0,0,0,0,0,307.1749036,0,0
463.23953,1962.941233,0,0,0,0,2791.218108,0,0,0,0
521.06593,0,0,141.2436524,0,0,0,0,0,0,0
1328.86358,0,0,100.3609823,0,0,0,0,331.2701803,0,0
873.50078,0,400.1420869,0,0,0,0,0,0,0,0
557.38705,0,0,0,0,0,0,0,0,0,0
557.38084,0,0,91.16708035,0,0,0,0,0,0,0
536.96198,2338.402206,6177.464964,0,0,0,664.8018092,9549.013924,0,0,0
591.05999,0,0,137.8906522,542.0721241,0,0,0,0,0,750.2631328
519.2363,2196.389502,0,0,0,0,726.1322729,0,0,0,0
701.3198,0,0,0,0,0,0,0,0,0,0
665.06353,263.1829542,99.32079178,0,1278.524424,0,294.6210938,0,0,232.5703833,1731.123094
829.00708,0,0,0,0,0,0,0,0,193.0353119,0
1033.08862,0,0,0,0,336.925,0,0,1380.415941,255.4597487,0
652.96154,0,0,0,0,0,0,757.4313892,0,0,0
791.4573,0,0,0,0,223.9839843,0,0,0,0,0
949.11197,0,101.1533982,1470.269111,7232.076817,225.967513,0,0,3632.840029,0,4365.81525
1099.00381,0,0,0,69.84664065,0,0,0,0,0,0
691.07386,0,0,0,0,405.173839,0,0,295.5543537,0,0
1308.95714,0,0,0,0,0,0,0,0,0,0
696.98613,0,48.23221518,0,0,0,0,0,0,0,0
652.86688,0,0,677.5028754,0,0,0,0,0,0,0
1011.67629,12082.97051,3170.89008,0,0,0,11215.50144,627.7734956,0,0,0
653.031,0,535.4391775,747.9163412,0,699.2334852,0,0,2664.82161,271.8128397,0
679.37407,0,154.27037,0,281.2705078,0,0,720.342377,108.0182085,0,0
653.04374,0,0,994.8290473,0,269.9800564,0,0,476.7825851,0,0
680.98337,327.449357,0,0,0,0,3373.248073,0,0,0,0
413.04886,0,0,0,0,0,0,0,0,379.5835314,0
585.03688,0,0,0,0,0,0,0,0,0,0
397.06821,0,0,0,0,0,0,0,0,0,0
637.0729,869.459719,315.2204275,166.9459093,3844.678643,0,311.8662109,244.5061494,0,0,4187.222469
1429.01248,0,246.6232865,0,0,0,0,372.5856378,0,0,0
1193.67728,0,207.881111,0,0,0,0,0,0,0,0
851.02702,412.0577296,0,0,0,0,1282.53567,0,0,0,0
1073.26264,0,0,0,0,14913.77279,0,0,0,8307.003623,0
1101.04493,0,0,0,0,0,0,0,0,0,0
953.04046,1317.845254,6722.605745,0,0,0,805.3577817,8074.09959,0,0,0
688.97069,0,0,572.9849447,0,0,0,0,0,0,0
747.00629,422.4702711,467.4650594,545.3087565,0,0,591.6627262,0,0,0,0
433.061,1759.067962,0,0,0,0,1963.337891,0,0,0,0
572.95061,1032.83917,0,0,0,0,290.8762079,0,0,0,0
1237.14655,2118.215587,5780.830462,1017.638075,2041.448594,0,1215.643067,2967.773399,1491.237774,0,1353.589492
503.21102,12680.11318,0,0,0,0,12002.2426,0,0,0,0
437.91873,0,575.936194,7917.567532,0,0,0,659.172455,7281.433866,0,0
1277.03378,12838.75252,175.2865941,0,712.9473048,0,14802.27076,312.6486502,0,0,0
1117.01179,2559.177873,0,0,0,0,1379.407227,0,0,0,0
711.09482,0,0,0,95.43652345,0,0,0,0,0,141.9988594
571.98516,231.9784119,0,0,326.6171876,0,1815.764237,0,0,0,316.912125
745.37523,0,0,0,0,0,0,0,0,0,0
677.08934,0,0,870.7810873,111.0519922,13880.38841,336.0662778,0,1245.779742,6196.938519,0
761.34198,0,0,0,0,0,0,0,0,0,0
1397.06313,0,0,0,0,0,0,0,0,0,0
747.99604,0,0,0,0,0,0,0,0,0,0
611.00214,0,185.3270466,0,0,325.0622179,366.0543791,0,205.6624926,0,0
689.09014,0,0,0,0,0,0,0,0,0,0
873.00387,0,0,0,0,0,0,735.839283,0,0,0
721.29077,0,0,206.124566,0,0,0,0,115.8665076,0,0
529.27384,0,0,0,0,0,400.4360609,0,0,0,0
1089.0256,0,0,0,0,0,0,0,860.7518296,362.6949445,0
863.47573,0,204.721506,0,0,0,0,438.2254023,0,0,0
701.29221,8358.918746,0,0,0,0,14116.67373,0,0,0,0
745.36648,0,0,0,0,0,0,0,133.7775415,0,0
394.0601,0,0,124.1923828,0,0,0,0,0,0,107.0682734
705.08361,0,0,0,461.7805469,711.1842664,244.4699579,0,351.755878,0,435.3058438
827.38189,0,0,0,0,0,0,0,0,0,0
851.02671,0,0,0,0,0,0,0,0,0,0
823.04308,0,364.9668928,849.7039388,0,124.9233941,0,382.614809,748.0555775,0,0
512.07035,2359.382225,1454.299002,2609.453546,4551.378037,236.5134766,967.688605,1272.823426,2620.803278,0,1650.618422
572.9532,0,0,0,0,0,436.0184005,0,0,0,0
1069.01504,0,0,0,0,0,0,0,182.3123641,0,0
557.02638,0,0,0,700.3276173,0,0,0,0,0,849.1510625
894.96919,224.472034,764.8404908,0,0,0,0,1214.104676,0,0,0
867.50544,10830.30818,1685.88298,0,240.8713477,0,10696.91925,437.3259978,0,0,0
773.13113,0,0,0,203.7855176,0,0,0,137.0703991,0,0
569.40959,0,0,0,0,0,0,0,0,0,0
905.95094,0,0,0,0,0,0,0,1578.332575,0,0
705.08316,289.4793885,288.7929209,173.6471626,314.8454005,124.7429144,158.0569875,0,222.6094121,0,0
515.0541,0,0,440.547309,0,0,0,0,0,0,194.7556406
913.02535,938.2692719,0,0,0,1126.046268,436.3271999,0,0,0,0
857.00629,0,0,0,0,0,0,0,0,2196.996943,0
656.99812,1140.200671,142.4686901,759.6748861,0,4786.60395,0,1670.484221,1139.479603,14246.61968,0
724.99484,751.7370023,0,330.8092176,0,0,1189.731959,301.4852646,658.5194077,0,0
574.94653,217.9326086,2954.178927,86.53800458,1094.980381,1210.704069,0,5165.231639,0,0,5801.144829
539.24862,88.92062186,0,213.7570326,0,0,0,0,0,0,0
663.03942,0,384.0078844,748.3950194,0,1085.643012,0,0,1474.487391,1947.040223,0
897.03916,0,0,0,0,0,0,1402.36477,0,0,0
731.01304,173.3905732,0,0,0,0,0,0,0,0,0
928.99811,0,0,805.4828288,0,1839.582422,0,0,1147.770199,0,0
485.06964,0,0,0,0,0,0,0,0,0,880.0957501
721.06394,0,0,0,0,0,0,0,0,0,173.9620625
447.0226,0,430.7402104,0,0,233.7467231,0,849.8954208,0,0,0
592.93601,0,0,0,0,198.1731771,0,0,0,0,0
1309.70254,11736.47349,725.1088358,0,0,0,4279.074527,9755.410853,0,0,0
665.0106,0,0,209.9133843,0,0,0,0,126.4557827,0,0
406.03953,0,0,8873.611423,0,0,0,0,8962.682061,0,0
594.12188,278.5140867,0,0,0,0,0,0,0,0,0
731.03927,0,0,0,0,0,0,142.6528658,0,0,0
457.08629,208.0562777,414.0239049,1367.756483,1557.054243,0,0,566.0396813,1280.281182,0,908.5951563
1268.92251,0,91.66709405,0,0,0,379.3205695,0,0,0,0
567.16943,0,0,152.3645155,0,0,0,0,0,0,0
391.0168,0,0,0,0,108.1025065,0,0,0,0,0
529.2189,0,0,0,48.3379834,0,0,0,0,0,0
561.23245,0,0,0,30.71476563,0,0,0,0,0,0
557.15668,0,0,722.4694553,0,0,0,0,320.2232743,0,0
1075.95841,0,0,0,0,0,0,0,398.2325455,0,0
774.99759,0,0,0,0,0,487.5806436,0,0,0,0
817.05711,0,0,0,0,0,0,440.1379177,0,0,0
811.22052,492.4162058,202.8427914,6640.00586,0,326.8647352,0,0,8499.690961,0,375.4245
1456.95769,0,0,0,0,0,0,0,0,0,0
1353.71853,15213.74386,988.2434456,0,0,0,3964.695775,5696.420986,0,0,0
530.95951,0,0,121.377455,0,0,0,0,0,0,0
1089.03132,0,448.5295605,963.8047689,0,5246.58559,0,555.543955,0,5771.852044,0
519.23744,288.228602,0,0,0,0,902.7671926,0,0,0,0
1067.60656,804.5038371,1398.839041,0,0,0,2532.447214,779.994276,0,0,0
568.92032,0,0,194.2326931,0,0,0,0,92.23708215,0,0
405.05459,0,0,0,293.9656055,0,0,0,0,0,415.2192031
1221.82626,0,0,0,0,0,461.1366674,0,0,0,0
536.9752,0,1293.622028,0,0,0,0,0,0,0,0
879.02146,0,251.217408,0,0,0,0,346.5751469,221.9606161,0,0
913.02409,0,0,0,0,0,0,671.9057086,0,0,0
746.98778,0,0,558.97602,82.1391797,0,0,0,0,0,0
1553.12249,0,0,132.589464,0,0,0,0,424.3076419,0,0
695.21512,0,0,1722.763495,0,0,0,0,634.8268641,0,0
987.03184,0,5799.397275,0,0,0,0,7184.072053,0,0,0
705.08348,173.5191856,391.0433282,0,0,0,0,612.5225093,0,0,0
480.97303,0,0,0,179.1599121,0,0,0,0,0,0
1111.00384,0,0,0,0,938.143533,0,0,0,371.4659194,0
659.05568,0,0,0,0,0,230.7863128,0,0,0,0
601.0587,566.9542743,0,484.2937283,4174.441055,0,291.3449579,0,0,0,1301.152984
387.03798,0,0,0,0,473.7314019,0,0,0,4448.541525,0
795.46564,0,0,0,0,0,3614.669614,0,0,0,0
389.99533,0,3052.501246,0,0,0,1267.988076,0,1770.707427,0,0
1203.00635,0,2265.967073,326.0498047,0,0,0,907.9305771,0,0,0
1268.91983,0,0,0,0,0,0,0,132.9374629,0,0
643.06656,0,0,0,41.29321778,0,0,0,0,0,0
1089.01283,0,0,426.101237,0,0,0,0,0,0,0
530.9686,0,0,0,0,0,0,0,0,0,424.9956406
731.01684,0,0,0,0,0,0,0,0,0,0
445.1046,0,0,85.40565319,86.7558008,0,0,0,0,151.4046083,0
905.95575,0,0,321.0811903,0,0,0,0,216.3447142,0,0
889.30782,15474.73336,0,0,0,0,4755.560341,0,0,0,0
784.92514,0,0,288.738661,0,0,0,0,493.316604,0,0
586.94002,0,1625.811949,706.2489421,0,0,389.0864772,0,386.2192692,0,0
521.06688,0,0,0,0,320.7629341,0,0,0,0,0
501.04369,0,0,0,83.1642676,0,0,0,0,0,0
445.10538,0,0,0,62.16836425,0,0,0,0,0,0
799.01633,3494.347596,2315.133867,908.6030544,0,0,3287.462711,7671.868638,3360.362651,0,0
657.2577,198.3707135,0,0,0,0,0,0,0,0,0
1035.05344,0,0,0,0,0,0,0,0,0,0
693.08284,0,0,0,0,2365.156988,0,0,0,7636.738649,0
657.2593,0,0,0,0,0,559.3098787,0,0,0,0
530.96487,0,0,0,0,0,0,0,0,0,0
485.07152,0,0,0,0,174.7345161,0,0,0,0,0
557.02985,0,474.4861004,0,0,0,0,0,251.1006477,0,0
603.08894,0,0,0,349.8238672,0,0,0,0,0,0
549.04423,0,1690.570133,1372.3573,58.39249025,1662.892405,0,350.0533339,402.283302,0,0
647.43398,0,0,0,0,2646.033746,0,0,0,399.9213655,0
1017.55544,0,0,0,0,0,0,0,413.7739073,0,0
847.07614,297.3271571,0,0,0,0,0,183.6926826,0,0,0
533.05678,0,0,0,0,148.0274089,0,0,0,0,164.7052187
993.01936,0,0,0,0,333.3555556,0,0,313.7063637,0,0
418.93107,0,226.0409318,0,0,0,0,968.555113,0,0,0
412.94172,916.2811115,0,0,0,2189.48507,0,0,0,2953.298375,0
1157.00898,0,0,8103.631036,0,0,0,0,6338.693335,0,0
789.4057,0,261.4522863,0,0,0,0,0,0,0,0
610.91455,0,0,0,0,0,0,686.6003443,116.2053377,0,0
789.07931,0,361.3530124,1155.191827,0,0,0,0,1714.743139,0,147.7672187
1434.99004,0,0,635.559489,0,0,0,0,717.2703966,0,0
899.49967,624.3192063,0,0,0,0,328.0578742,0,0,0,0
389.98481,0,634.3954656,11936.87175,0,0,1665.961657,0,2165.825851,0,0
417.08627,0,0,0,0,0,0,0,0,0,0
481.22751,0,537.6006639,1695.17787,0,0,0,415.7167582,1310.771695,0,0
1274.93313,0,0,0,0,0,0,0,0,0,0
562.93327,0,0,0,0,0,0,189.545618,0,0,0
857.02842,0,0,0,0,0,0,0,0,2366.414176,0
863.01348,0,0,192.7891167,0,133.6190972,0,0,308.7580474,0,0
417.08896,0,0,109.2366876,0,0,0,0,0,0,0
823.03947,0,0,0,0,0,0,1399.403388,0,0,0
625.06332,0,0,0,0,583.1523437,0,0,0,0,0
515.35148,11579.7687,199.597848,0,0,0,8631.012593,0,0,0,105.0672344
993.02426,0,0,0,0,0,0,0,0,0,0
987.00732,0,0,0,0,0,0,0,0,195.0410297,0
733.08454,0,0,0,0,0,0,0,0,0,81.2566016
944.93829,0,0,0,0,0,0,0,0,0,0
409.17125,2203.755047,0,69.39849853,2009.483291,0,3682.29153,156.0068843,0,0,4429.749453
1309.68303,7962.974592,1137.043652,0,0,0,7354.669845,7156.868831,0,0,0
781.02004,0,0,0,0,320.8541667,0,0,422.5937994,0,0
743.07389,0,0,0,0,0,0,0,0,0,0
797.07603,0,0,0,0,264.55,0,0,0,0,0
1318.93752,0,0,260.4893799,0,0,0,0,935.1294749,0,0
485.08157,334.5026273,585.8214269,0,0,3500.332661,726.4022024,0,940.8192927,1554.736611,0
743.07217,0,0,0,0,358.4283637,0,0,0,0,246.0982344
1280.9753,0,0,327.9505208,0,811.6465277,0,0,657.8816011,285.535128,0
418.01681,0,132.2542298,124.7327745,0,275.6604167,0,1678.356068,205.974665,0,0
717.15998,0,881.7700944,7241.049113,0,0,0,538.664314,6173.825764,0,0
541.05842,0,0,0,0,0,0,760.5515161,0,0,0
797.07731,0,0,0,0,0,0,0,0,0,0
777.05373,0,0,0,265.1126807,531.4304688,0,0,528.1555578,1968.098222,145.9510469
690.99063,0,507.4781921,0,0,0,0,0,0,0,0
713.97555,0,0,0,254.3816016,0,0,0,0,0,0
441.13777,0,0,0,0,0,0,0,0,0,0
743.07312,0,0,0,0,0,0,0,0,0,0
1070.27785,0,209.8924763,311.1120266,5905.71625,4111.359809,0,0,233.883412,0,3485.297969
1090.96576,0,0,667.1214871,0,0,0,0,1043.029977,0,0
616.92139,653.0016938,0,0,0,0,1438.715615,0,0,0,0
495.19538,0,0,0,0,0,0,0,0,0,0
1231.67298,4259.932885,848.1504625,0,0,0,2778.688271,704.6045599,0,0,0
578.95436,0,0,0,0,0,0,0,0,0,0
937.46265,0,0,0,0,0,298.1148232,0,0,0,0
371.94421,0,354.8177782,6640.540405,0,0,0,792.7235167,6027.765168,0,0
749.08319,0,0,0,170.2482325,0,0,0,0,0,0
823.04257,0,0,0,0,0,0,0,0,206.0825974,0
767.09314,0,0,0,175.5912012,0,0,0,0,0,163.1115468
541.05125,0,0,0,0,0,0,0,0,0,0
526.99491,555.6515141,473.6778183,1033.234267,266.5300782,327.0815104,735.2023541,1271.254989,0,0,0
857.02988,805.5300056,0,0,0,0,0,0,0,0,0
1064.96374,0,2815.948715,0,0,0,364.1791478,4659.094794,0,0,0
727.04782,0,0,233.5812717,148.2052539,186.4297092,0,0,0,315.2768909,230.2111094
787.2802,0,0,0,0,0,0,258.0485187,0,0,0
841.21381,0,0,0,0,0,0,0,0,554.4104959,0
730.99134,896.2965639,0,0,0,0,1754.566111,0,0,0,0
616.91634,0,0,1138.857693,0,0,0,0,777.9111576,0,0
1237.03691,0,0,1207.56977,0,0,0,0,0,0,0
965.6331,8968.04563,819.7008484,0,0,0,10196.24368,0,0,0,0
817.02655,926.957688,6166.428729,154.0194906,0,0,1944.010742,3295.881343,714.0051919,0,0
1265.8271,0,0,92.0056966,735.8704053,0,0,0,0,0,437.0153906
821.86267,0,138.7564705,7007.047445,0,0,156.000257,0,6910.057506,0,0
647.44373,0,186.5118146,0,0,0,0,0,0,0,0
1253.0168,0,268.7401026,0,0,0,469.3160979,1376.549505,0,0,0
1015.09038,0,0,0,0,5537.893685,0,0,0,648.6685632,129.8209922
439.03182,0,0,0,0,429.4987304,0,0,0,0,0
439.03147,0,0,0,0,0,0,0,159.0762275,0,0
727.04742,0,0,0,0,0,0,0,0,847.3033854,0
604.09224,0,0,0,0,0,0,0,0,519.7492641,0
730.99254,967.533134,0,0,0,0,1482.286981,0,0,0,0
564.09094,0,2191.339963,3877.190891,0,1580.057205,246.9926243,1751.501006,5524.227453,0,0
843.47802,344.2027274,0,0,0,0,214.2597657,0,0,0,0
617.35749,202.961145,0,0,0,0,0,0,0,0,0
540.95072,0,2530.859782,906.1567926,483.0560547,0,0,6011.477143,0,0,3288.279141
1083.02204,0,0,0,0,1410.437543,0,0,0,839.3973619,0
1305.75401,10075.96087,536.0352042,0,0,0,14786.34056,740.4593905,0,0,0
411.06263,0,429.3519819,465.5917697,0,0,0,436.1743309,774.3119437,0,0
469.04601,264.3789495,593.2713885,0,0,1386.202865,0,292.6139774,165.427586,0,0
614.28468,0,0,0,5049.667246,0,0,0,878.3697092,0,6737.217063
1057.08407,0,0,128.2260335,0,0,0,0,0,0,0
401.28216,0,0,0,0,0,0,0,0,0,0
637.05917,0,0,0,0,0,0,0,0,0,0
859.45153,0,76.67302534,0,0,0,0,0,130.6783772,0,0
1303.71328,7941.081513,0,0,0,0,7469.157793,0,0,0,0
409.02537,0,0,0,0,0,0,0,0,178.1988791,0
711.07183,167.8707135,128.3999113,0,342.0906348,0,0,0,0,0,842.5180078
619.06356,0,0,0,4517.824414,0,0,0,0,0,7308.390969
635.28517,279.7971342,0,0,0,0,0,0,0,0,0
735.48267,0,0,0,0,9383.421094,0,0,522.1256552,1309.195086,0
387.04184,0,0,0,1026.148457,0,0,0,0,0,452.8294453
604.0933,0,0,0,0,0,0,170.6833231,0,0,0
890.29716,0,0,4395.767687,529.6868946,8598.174696,0,0,2104.096074,4833.607903,0
667.04122,0,0,0,72.4208301,0,0,0,0,0,0
637.06187,0,0,0,0,144.8112522,0,0,0,0,0
637.06289,0,0,0,0,0,0,0,0,0,0
703.02395,0,0,0,0,0,0,0,0,0,0
1099.55425,262.6633365,180.6454718,0,0,0,285.5114104,0,0,0,0
817.06213,0,0,0,0,1386.559462,0,0,0,1757.04563,0
727.04696,0,0,0,0,0,0,215.1683555,0,0,0
1243.01101,0,0,0,0,0,0,0,0,443.833107,0
950.93478,0,0,0,0,0,0,0,0,259.7815048,0
1261.05677,0,0,0,0,0,0,0,181.1837544,0,0
390.15227,130.1168245,1175.110441,257.1504178,0,0,0,0,152.8776701,0,2210.323141
624.02221,0,138.6108848,0,0,0,0,0,0,0,0
661.06519,0,0,0,0,0,0,0,0,0,105.244211
579.0045,0,0,0,0,510.1861762,0,9327.228787,0,253.2147306,0
919.05723,2903.332403,162.9331923,84.60326472,2837.092686,0,6530.07977,0,0,0,746.0548047
683.43,6082.76464,0,2718.091363,0,0,8838.835809,0,2295.770285,0,0
883.97075,1018.639363,0,0,0,0,0,17441.52769,0,0,0
1149.7517,0,0,0,0,0,0,308.6884089,0,0,0
709.00977,725.3127593,0,0,0,0,952.0989925,0,0,0,0
1110.99082,0,0,0,0,0,0,0,0,0,0
1291.7529,12576.68759,399.6645658,0,0,0,8745.939171,225.8646155,0,0,0
459.01117,0,0,777.0857611,364.9046875,0,0,0,876.5235611,0,0
783.42113,1252.349108,0,0,0,0,1986.202097,0,0,0,0
533.28961,112.3572058,0,0,0,0,0,0,0,0,0
625.09151,0,0,0,0,537.5528863,0,0,0,0,0
418.01763,0,0,0,0,0,0,0,0,261.8421083,0
1249.02557,0,0,111.9586792,0,0,0,0,0,0,0
827.4578,7560.644047,0,0,0,0,9249.456774,0,0,0,0
877.00676,0,1780.67257,6028.531413,0,375.3248047,0,355.1267404,4673.857916,586.7352242,0
657.46495,0,0,0,0,0,0,0,0,0,0
696.99987,0,0,0,0,0,0,0,0,0,0
647.03457,0,176.9385305,174.2904595,0,1500.26671,0,0,288.0239567,0,0
625.08706,0,0,0,0,0,0,0,153.211296,0,0
1429.39672,0,0,0,0,157.1130317,0,0,0,0,0
665.30753,6044.899129,0,0,0,0,13406.38682,0,0,0,0
995.29531,0,175.4774852,0,0,0,0,0,0,0,0
659.03981,0,0,0,0,0,0,0,0,2243.921422,0
1406.97896,0,1711.755548,0,0,0,0,534.0361328,0,0,0
576.9738,171.8219545,0,0,0,0,0,0,832.7606804,0,0
965.05995,0,0,0,0,0,0,0,0,0,0
832.99158,373.491548,0,0,0,0,334.531507,5590.067141,0,0,0
526.9733,0,0,0,0,0,0,0,0,535.7990262,0
413.99043,547.698925,5635.506063,1264.710273,0,0,597.3196443,5229.280786,972.4292672,0,0
780.97945,6232.600042,2303.484495,324.9816352,0,0,5739.958393,1305.370185,0,0,0
1333.83984,0,0,3000.668749,6833.347608,260.2585287,0,0,8876.316079,0,1471.12275
907.52004,0,1472.972453,130.9209256,7701.405605,296.9033854,0,0,218.1968948,0,2295.462094
620.07649,0,0,0,0,0,0,174.8142211,0,0,0
411.076,0,0,171.4361979,0,0,0,0,131.9786887,0,0
673.43041,0,0,0,0,0,202.8953151,0,0,0,0
1302.93353,92.5052285,0,0,0,0,0,0,0,0,0
801.53306,0,0,355.7190213,0,0,0,0,365.2601735,0,0
1039.04159,0,0,0,0,0,395.9306384,0,937.9205523,0,0
1021.0139,0,0,0,0,0,0,0,0,0,0
1117.76573,0,0,229.1935696,640.9159668,0,0,0,503.881428,0,167.9160156
889.98428,822.7869539,1052.437596,0,0,0,3660.309982,9928.097154,0,0,0
1009.08078,0,1161.52345,0,0,0,0,1092.560102,0,0,0
1039.67028,0,74.71822276,0,0,0,0,0,0,0,0
544.95089,444.4701673,1025.253056,1073.810764,568.2210596,0,228.3743318,4768.12908,0,0,7084.657063
457.10786,0,0,0,0,0,0,0,0,0,0
979.58696,1009.352945,2855.108273,0,0,0,5790.385485,0,0,0,0
717.26776,2572.05849,0,0,0,0,2845.008224,0,0,0,0
420.01204,141.5883487,4718.425482,1618.590468,0,0,0,2879.070467,1385.408945,0,0
374.01374,0,1480.534725,0,1348.966318,453.9146268,0,0,0,0,630.823375
620.08509,120.3481575,0,0,0,0,0,0,0,0,0
617.03369,999.5926871,148.7628691,3387.041857,0,0,299.6023334,4563.133393,1392.753696,0,0
731.17506,0,702.0022287,4801.086494,0,0,0,112.6257832,5865.729393,0,0
1247.73058,11524.27665,998.1604079,0,0,0,8918.550473,0,0,0,0
753.90968,0,199.006818,0,0,0,0,0,0,0,0
1073.08056,0,0,851.8506403,0,2214.736589,0,0,1262.84375,531.4796196,0
579.07723,0,0,0,0,0,0,0,0,168.7263786,0
1067.59908,0,0,0,152.9493067,0,0,0,0,0,0
1221.73172,0,337.6019699,0,0,0,0,0,0,0,0
1138.96187,0,0,0,0,0,180.6593339,0,0,0,0
393.04558,232.5344649,0,693.5575223,0,0,0,0,0,0,0
1479.78331,10000.5803,0,0,0,0,10834.3657,0,0,0,0
717.28693,558.8933905,0,0,0,0,2201.369141,0,0,0,0
783.06183,0,0,0,93.9585547,0,0,0,0,0,0
1143.68388,11554.97807,1633.426201,0,0,0,7748.248715,0,0,0,0
759.92406,0,0,0,0,0,0,0,0,302.1748471,0
629.44319,0,0,0,0,0,0,0,61.42461308,0,0
913.04902,0,0,0,0,0,0,0,0,0,0
602.90057,0,567.3682718,1026.747002,0,0,0,140.9383702,0,0,0
625.22855,0,269.4144579,745.221734,0,0,0,0,1887.259722,683.3212465,0
741.5188,0,63.39296153,0,0,0,0,0,0,0,0
455.07083,292.3077641,0,330.2752143,1007.081641,0,0,0,588.7543389,0,563.9996094
669.07174,0,0,130.1142035,0,0,0,0,107.3756675,0,0
957.53049,0,116.5429688,0,0,0,0,0,0,0,0
577.10113,0,0,0,0,0,0,298.3905283,0,0,0
489.06004,0,78.24857411,0,131.5911524,0,0,0,0,0,303.369375
607.05738,0,0,0,1394.238047,0,0,802.4676671,0,1898.432575,336.960625
711.22867,0,0,373.0286187,0,0,0,0,0,6273.70004,0
749.06171,0,0,0,2084.418789,0,0,0,0,0,1684.796688
647.0366,0,0,0,0,868.9238063,0,0,0,0,0
520.98567,0,0,0,0,0,0,681.8155554,0,0,0
829.25594,515.407045,1431.117307,2813.839735,3805.657109,565.5076823,0,1195.852491,2079.158079,0,1874.357688
739.15615,0,0,6658.450779,0,0,0,0,1107.928451,0,0
1045.04743,0,0,212.7956272,0,0,0,0,0,0,0
423.1574,220.6984064,0,0,0,0,0,0,0,0,0
1114.98125,0,0,2176.21677,0,0,0,0,1391.56496,0,0
479.06827,0,0,0,42.42487305,0,0,2766.711247,0,0,0
485.02001,373.025719,0,0,0,0,0,0,0,0,247.2952187
1249.01683,0,0,250.7160102,92.3473828,0,0,0,801.6011917,0,0
1126.95915,0,0,0,0,0,0,0,0,0,0
1353.70849,8348.157063,637.2712926,0,0,0,8443.493524,2032.201307,0,0,0
610.08275,1379.053201,1666.600796,359.6929931,0,0,626.2287212,0,224.2779371,0,1265.486781
567.95113,0,0,0,0,0,0,0,0,1071.127746,0
1108.93176,0,465.1213694,0,0,0,0,1040.273902,0,0,0
1083.55595,7715.611069,0,0,0,0,11100.05058,0,0,0,0
1193.77111,0,0,3015.214986,4045.78959,0,0,0,2568.341537,0,2845.534688
767.08568,0,0,414.4085422,0,0,0,0,0,0,0
874.96886,0,0,0,0,264.6361546,0,0,0,0,0
841.34258,11319.30054,0,0,0,0,6096.711297,0,0,0,0
711.11191,0,0,742.6390517,0,170.4873698,0,0,954.7519779,0,0
1011.05423,0,75.17814779,0,0,0,0,0,0,0,0
880.97721,0,0,0,0,0,0,0,0,0,0
709.00965,0,0,0,43.80429688,0,0,0,0,0,0
983.64789,0,0,466.4681735,4313.38125,0,0,0,4200.573131,0,496.6529375
987.04403,0,261.9575825,0,0,0,0,0,0,278.7678329,0
873.62553,0,0,4122.535658,2561.406318,241.9436414,0,0,2142.71498,0,2224.477344
417.12452,0,0,69.28337945,0,0,0,0,164.0993745,0,0
561.12986,0,0,0,0,0,765.1150801,0,0,0,0
913.04852,0,0,0,0,0,0,0,80.71971418,0,0
662.99909,0,0,0,0,4516.980686,0,0,0,11171.74502,0
829.17365,1245.052475,0,0,424.68875,0,0,1143.855972,0,0,627.768625
387.04076,0,0,0,0,0,0,150.2408726,0,0,0
371.16006,0,0,0,0,0,0,0,0,866.7600345,0
816.86306,0,0,383.6923828,0,0,0,0,636.3372478,0,0
733.0531,0,0,132.1422119,0,0,0,0,0,0,0
1397.73405,11128.74409,274.5187524,0,0,0,7251.676115,682.204788,0,0,0
461.01747,0,75.6200573,0,0,0,0,0,0,0,0
432.03857,0,0,0,0,0,187.9161313,0,0,0,0
689.12886,0,0,4283.517687,0,0,0,0,4111.180788,0,0
453.00169,140.6892025,0,0,0,0,0,0,0,0,0
541.24323,0,0,208.468282,0,0,0,0,57.82624604,0,0
1023.56252,0,0,414.2438558,350.0352344,253.2674262,0,0,427.8551474,0,644.6214218
1101.00718,2226.714878,0,0,1582.792813,0,1612.386051,0,0,0,385.5488594
767.00217,8201.710661,798.418496,0,191.2991455,0,9085.753495,409.5108292,0,0,0
1077.02172,0,0,1042.386013,0,0,0,0,1434.623616,0,0
665.08721,777.6006464,709.6992906,0,1001.312344,0,644.9639186,4156.41559,0,0,563.1429531
573.01444,0,0,0,0,0,0,0,0,0,0
1225.29185,0,0,0,0,231.2179904,0,0,0,0,0
1039.04112,0,0,0,0,0,0,0,0,137.0650334,0
403.10934,0,0,174.2780151,0,0,0,0,192.7534551,0,0
1349.78832,11946.92893,0,0,0,0,6668.955746,0,0,0,0
1101.12807,1749.883245,3817.057048,0,0,0,2260.472592,6579.793027,0,0,0
481.22412,0,0,0,347.0782422,0,0,0,0,0,433.4341172
1256.96903,0,0,0,0,0,0,0,230.1201296,0,0
989.69047,0,506.1415356,0,0,0,0,0,0,0,0
633.10557,0,0,0,0,329.8221137,0,0,0,0,0
665.05289,0,0,0,0,0,0,0,0,0,225.5343594
761.42445,0,0,0,0,0,237.9449784,0,0,0,0
1105.02835,0,0,0,0,3455.436675,0,0,0,430.4294045,0
445.30119,4850.168522,0,0,0,0,10613.45315,0,0,0,0
575.02947,0,0,1438.589844,91.6797168,0,0,0,843.5390627,0,0
698.98758,0,1796.617667,2274.858181,0,0,0,5559.863552,3137.898042,0,0
442.99355,0,933.7612994,1107.345988,0,3483.938281,0,3151.38378,96.12794823,0,0
943.93485,0,455.4253739,4277.518243,0,0,0,0,6320.49424,0,0
783.41912,961.3934596,0,0,0,0,323.7826121,0,0,0,0
719.47972,1336.882743,656.5356595,0,302.1680274,0,1660.03012,2087.932704,225.0931566,0,242.2098125
591.07884,402.7400184,207.2489575,133.896091,2758.732949,514.893761,0,559.3269164,511.28973,0,1781.765891
659.38205,0,0,0,0,0,0,0,209.2317544,0,0
987.04644,0,272.3337807,0,0,0,0,0,0,0,0
1018.99495,0,0,0,0,0,0,437.9826347,0,0,0
743.01687,929.5739768,301.2142686,324.8275553,0,1323.152431,0,0,0,0,0
427.09233,135.970729,721.4069929,1477.736274,0,0,250.8260434,490.4744353,1046.490296,0,0
1287.00343,2307.786435,184.7141607,0,0,0,2168.284514,0,0,0,0
643.40754,0,111.2004889,0,56.52174805,0,0,0,0,0,0
851.53224,0,0,0,223.7153516,0,2794.060855,0,0,0,0
1126.95244,0,0,362.0887587,0,0,0,0,724.3784118,0,0
647.01017,0,872.980972,4424.858114,0,1418.732878,0,704.5383663,3329.705153,758.1270381,213.2219687
913.62931,343.7289823,302.1809097,0,0,0,0,0,0,0,0
709.03872,486.2070139,661.8540189,0,0,398.9712673,0,0,850.2960591,304.179829,0
464.98936,0,0,0,0,0,0,0,0,0,0
634.99721,0,0,0,0,0,165.2715101,390.4122835,0,0,0
687.06905,0,99.80671853,0,542.9055665,0,0,157.9660524,0,0,101.4630078
874.99849,0,2774.177195,1854.805718,0,0,0,2082.451926,1991.027418,0,0
1001.11659,0,0,0,0,188.3244792,0,0,0,590.2564255,0
567.21903,0,0,0,37.49425782,0,0,0,0,0,0
479.08837,0,0,0,0,0,0,830.2668336,0,0,0
873.13938,0,0,499.6222466,0,0,0,0,164.5401751,0,0
537.06936,3006.624862,1077.48211,2674.290663,0,710.9846788,0,1606.745262,1193.331067,0,0
873.13733,0,0,526.2922838,0,0,0,0,268.1419477,0,0
737.04946,0,469.0014559,4573.409532,0,0,0,466.331277,4619.487824,0,0
982.22763,0,540.7659126,1893.043891,3808.11854,577.5033854,0,0,2284.312043,0,2138.552812
654.98843,0,0,0,0,376.5751084,0,0,0,0,0
773.07394,0,0,0,108.5372364,1547.211935,0,0,0,0,172.0101094
485.12367,0,0,0,0,0,0,0,0,0,0
479.07139,0,0,0,0,564.4312066,0,0,96.10234747,0,0
1587.35555,0,0,0,0,12042.20082,0,0,0,4883.120358,0
599.09766,0,0,0,34.99700684,0,0,0,0,0,0
417.05555,0,0,146.5333794,704.6651221,0,0,0,0,0,0
397.13862,3187.046218,0,0,0,0,4516.974558,0,0,0,0
662.8818,0,0,137.2896864,0,0,140.5855007,0,0,0,0
731.0265,0,0,0,0,0,0,0,217.0789903,0,0
1026.18862,0,0,777.994629,6337.464082,502.9554253,0,0,468.2374407,0,3137.946375
849.02257,0,0,140.6471897,0,0,0,0,0,0,0
585.24349,0,0,0,0,0,0,0,0,361.5754359,0
965.54355,0,200.4211201,0,0,0,547.9334909,0,0,0,0
542.83046,0,0,0,0,2445.340018,0,0,0,8955.32436,0
820.87991,0,0,130.2971599,0,0,0,0,96.66587962,0,0
1015.08861,0,0,110.220954,336.9523438,0,0,0,0,0,586.7780469
671.09465,0,0,0,58.9778662,0,0,0,0,0,0
916.97219,0,299.8452358,395.8954535,0,0,0,0,341.8039705,0,0
855.46202,0,0,0,0,0,0,0,0,0,0
625.09229,0,0,0,1194.519145,0,0,0,286.6195856,0,1452.818937
468.05573,0,0,0,0,0,0,0,0,18947.22243,0
475.15532,1658.485378,0,0,0,0,826.9948603,0,0,0,0
883.47246,0,0,0,0,0,0,0,0,0,0
1117.76494,0,0,0,0,0,0,0,0,0,0
635.05772,0,0,0,0,0,205.7857474,0,0,0,0
799.05268,0,273.3470811,3151.004286,0,381.3916124,255.0090975,0,3247.367188,221.0427565,0
524.98088,0,169.512893,1056.96837,0,0,0,0,1627.488232,0,0
626.91914,60.19681623,0,0,0,0,0,0,0,0,0
455.03848,0,0,0,0,0,0,300.190362,0,0,0
606.94844,0,105.0212687,487.4961751,0,0,0,0,0,0,0
747.00595,796.6355088,0,0,0,0,486.0750925,0,0,0,0
1112.93219,0,1983.485921,0,0,0,0,0,0,0,0
685.02999,578.6352669,539.0519675,381.1190593,0,120.0723959,334.1661441,194.8101601,478.3993275,0,0
1067.02656,0,0,0,0,0,0,0,194.5832674,0,0
545.07882,0,0,0,1625.135088,1496.505382,0,0,0,0,3724.604828
614.34633,0,0,0,0,0,0,0,0,18953.35462,0
784.91259,0,0,0,0,0,0,0,0,0,0
1089.03441,806.9950912,732.0056557,0,0,0,1051.552812,583.3343518,373.4542375,0,0
905.97811,0,0,1813.231337,0,0,0,0,1399.54952,0,0
701.33401,0,149.2344349,0,0,0,0,227.0441097,0,0,0
784.91063,0,90.92470282,0,0,0,0,0,0,0,0
1065.00017,0,756.8707343,0,0,0,0,931.7509669,0,0,0
879.15081,0,0,0,0,0,0,0,0,0,0
753.00798,392.8756568,0,0,0,0,1003.065712,0,0,0,0
1055.51891,0,0,0,0,0,359.635588,0,0,0,0
490.08367,0,0,0,0,0,0,0,239.6716401,0,0
1009.07672,0,0,0,0,0,0,0,0,0,0
629.0379,0,0,0,0,0,0,0,0,495.7460371,0
957.65634,0,290.4074363,0,0,0,938.6505705,0,0,0,0
539.05563,0,0,0,0,7092.772396,0,0,0,7412.542176,0
1335.77749,9214.73581,1465.290788,0,0,0,5864.242444,557.2386486,0,0,0
915.07961,0,0,0,35.8292749,0,0,0,0,0,0
485.07863,0,0,0,0,0,194.8022461,0,0,0,0
384.05658,623.5995229,0,0,0,0,0,0,0,0,0
943.92068,0,0,743.7437066,0,0,0,226.1700379,0,0,0
903.04609,0,0,0,0,519.6722657,132.4632504,0,0,783.5765399,0
979.58388,0,0,525.9622125,258.3974805,0,0,0,2294.562476,0,0
469.06661,1069.038959,2380.325513,2839.856852,331.0113965,0,2512.515676,506.0653427,1596.865877,0,513.5399062
474.96246,0,0,101.5591702,0,0,0,0,96.02735614,0,0
693.06316,0,0,0,0,0,0,0,0,0,0
623.03579,0,0,0,783.8451856,0,682.760935,0,0,0,0
851.5341,0,0,0,0,373.8470487,0,0,0,0,0
770.9712,0,0,0,572.0665284,0,0,0,0,0,0
377.05949,0,0,0,0,10474.25352,0,0,0,4878.032212,0
707.36516,0,98.01979485,143.3785943,0,0,0,0,0,0,0
384.06011,0,109.2978815,128.3793267,0,0,0,0,0,0,0
875.24982,0,0,0,0,11875.9186,0,0,0,4345.345222,0
725.38968,7562.279211,0,0,62.4160742,0,9333.614746,0,0,0,0
417.05495,0,0,91.69593639,55.8681006,0,0,134.953415,0,0,0
406.81504,3973.198251,0,1734.77436,0,0,590.7619243,1518.233757,0,0,6374.729251
909.07558,0,0,0,0,0,0,0,0,2616.657212,0
1015.08781,0,0,0,0,0,125.86783,0,0,0,0
723.00622,0,0,0,0,0,0,0,0,0,0
977.58262,0,0,430.7017144,750.9166212,0,0,0,0,0,558.83925
390.06933,0,0,0,0,0,0,0,0,0,0
451.11159,0,0,0,0,0,0,0,0,0,0
1040.96185,0,0,143.6975505,0,0,0,0,0,0,0
1337.74536,0,396.2943587,0,0,0,0,0,0,0,0
495.02535,0,726.5988785,0,0,0,0,1198.554069,680.3754944,0,0
747.00722,0,0,189.8185899,0,0,0,0,0,0,0
423.06503,0,0,0,0,350.0218533,0,0,0,376.8958616,0
979.59879,0,0,420.0499675,499.6326758,253.3081163,0,0,189.1793661,0,548.6679375
773.07564,0,264.1613306,133.343004,0,0,0,0,222.7310374,0,0
903.04733,0,62.45375405,0,0,0,0,0,0,0,0
819.07161,0,0,0,0,0,0,0,0,0,0
785.14151,0,0,0,0,3857.515624,0,0,0,6526.411006,0
425.21475,0,0,248.8981392,0,0,0,0,3514.591463,0,0
552.96897,0,0,0,0,0,490.484118,0,0,0,0
559.37924,540.0387514,0,0,0,0,1507.766447,0,0,0,0
789.24208,0,0,0,0,0,0,0,0,0,0
753.01004,0,84.95229822,0,0,0,0,0,0,0,0
1073.0837,0,93.94463552,143.1833089,0,0,0,0,395.0559732,0,0
845.27939,8831.931952,0,0,0,0,7452.835115,0,0,0,0
1129.11264,0,0,291.3122016,0,731.4613064,0,0,266.0197785,0,0
625.09243,0,0,0,1175.22106,0,0,0,0,0,622.5394141
552.96257,0,0,0,0,0,0,0,0,387.5137568,0
663.33569,0,392.6930958,145.9713949,0,0,0,0,0,0,0
601.39915,1417.264813,428.3333972,0,0,0,2360.208496,428.4613823,0,0,0
412.04929,0,3201.403117,2070.575806,0,0,0,2158.992594,2355.694188,0,0
459.03914,0,0,143.4677192,435.8553809,524.3724827,0,0,86.09381184,904.5905797,213.016625
761.30258,504.4986173,0,0,0,0,0,0,0,0,0
743.02288,0,0,0,0,0,0,0,0,1382.26721,0
663.33613,0,0,0,106.996416,0,0,0,0,0,400.9504531
949.24508,0,0,960.5475939,0,0,0,0,805.1387709,0,0
1255.03452,6586.383953,0,0,0,0,2601.73494,0,0,0,0
593.10046,0,299.7762893,0,0,0,298.1079359,0,0,0,0
1217.69834,9053.501832,0,0,0,0,7404.405119,1063.886719,0,0,0
1413.00531,0,0,3631.732693,0,0,0,0,6578.046677,0,0
489.019,118.1542796,963.690891,1270.216254,1561.141006,148.6441081,0,1470.977578,814.4617781,239.8430707,2548.517969
1485.834,8760.102842,630.1081768,0,0,0,7608.054456,268.9454768,0,0,0
427.02201,421.4509385,0,0,385.3398828,158.1379883,229.9236225,3015.629197,89.280805,0,97.80746872
679.33172,0,187.0888013,0,83.15091795,0,0,0,231.164421,0,0
1441.75412,12612.20243,0,0,0,0,3589.913806,522.0023979,0,0,0
1593.39234,0,0,0,0,153.0840278,0,0,0,0,0
401.17509,0,0,0,0,0,171.2835116,0,0,0,0
513.07631,0,261.8429232,0,0,1039.558073,0,0,0,2844.682943,0
757.10676,0,0,155.7814806,815.3503809,0,0,0,0,0,600.0895312
532.00659,727.4912196,184.3925901,0,2873.691797,0,3675.469983,0,231.24241,0,678.299125
527.00797,0,0,0,169.512793,0,0,0,0,0,0
613.02447,0,214.590395,399.5706109,0,0,0,3065.527402,604.9027888,0,0
429.14314,4785.819345,0,0,0,0,6557.980674,0,0,0,0
579.00339,0,0,0,0,2472.61441,0,0,0,0,0
957.65522,0,0,94.50252958,69.1784131,0,0,0,147.5938613,0,0
738.91647,0,0,0,0,0,0,0,0,774.8552423,0
1077.02055,0,0,0,0,0,0,489.75,0,0,0
717.16005,0,3633.360382,0,0,0,0,4948.811349,0,0,0
503.23001,0,0,0,0,0,440.8856393,0,0,0,0
1129.11026,432.3353844,246.4765864,0,0,0,0,0,447.7899031,865.9003623,0
455.10332,0,93.48662767,89.59347875,0,0,0,0,0,0,0
473.05485,0,0,0,0,0,0,178.5832689,0,0,0
1080.9253,0,0,724.8994276,0,0,0,0,479.8630958,0,0
790.9341,0,0,0,0,0,0,0,0,0,0
807.12346,0,0,0,0,368.9070421,0,0,0,0,0
534.98488,0,0,0,609.8490528,0,0,0,0,0,759.160961
651.02799,0,0,170.784885,0,1462.490799,0,0,0,381.0494791,0
951.53716,2825.320796,0,0,0,0,991.7437809,0,0,0,0
1259.13391,0,0,102.8102824,0,0,0,0,0,0,0
572.99437,0,0,0,0,0,0,0,0,1115.283345,0
687.28936,0,0,0,0,0,904.7648026,0,0,0,0
1289.81048,0,0,1142.456421,3915.064297,0,0,0,4326.601952,0,1069.438156
505.05534,0,0,0,0,0,0,0,0,0,0
419.21431,599.5707879,0,0,0,0,1376.299792,0,0,0,0
1079.06408,0,0,0,0,0,0,0,0,393.9661742,0
701.12558,65.4110075,0,0,0,0,0,0,0,0,0
600.90874,0,736.9967708,1822.225884,0,115.0112197,0,2009.054494,0,0,0
597.07814,0,152.5864048,0,0,0,0,0,0,0,0
575.03156,0,186.8352545,0,0,0,0,0,0,0,0
649.08077,0,0,0,0,0,0,0,0,259.8015172,0
401.10994,84.93692962,0,0,0,0,0,0,0,0,0
923.62497,0,0,3584.755656,900.8235254,192.3966146,0,0,5867.530274,0,972.6080156
1135.02813,0,0,76.40407306,0,0,0,0,0,0,0
1089.02073,0,251.3222536,0,0,0,0,281.013904,0,0,0
612.90832,0,239.8358117,313.7013347,0,0,0,404.951839,175.1482027,0,0
774.96354,0,0,6167.089953,0,0,0,0,0,0,0
610.10628,0,0,0,0,9686.95434,0,0,0,6864.939594,0
634.91202,201.9841849,0,0,0,0,0,0,0,0,0
1067.58802,0,0,161.5958252,1233.686357,0,0,0,172.2967637,0,260.2123282
587.05414,283.3516662,0,863.4208442,3020.916797,0,0,1258.682008,1507.05271,0,2181.23975
639.33946,506.6328817,0,0,0,0,1533.826223,0,0,0,0
625.22308,0,0,0,0,0,0,0,0,0,0
1177.64984,9963.330493,300.4545389,0,0,0,5993.918431,937.8457805,0,0,0
727.07825,0,0,0,501.16792,1180.812826,0,0,0,1621.183084,0
608.90537,0,0,0,0,150.5978299,0,0,0,0,0
1306.95207,0,0,339.7704672,0,0,0,0,0,0,0
1306.89125,0,0,260.4605713,0,0,0,0,499.2576271,0,0
575.03004,0,0,0,119.5579297,0,0,0,0,0,0
819.45008,1416.059786,0,0,0,0,1324.705669,0,0,0,0
1076.98791,0,0,717.5294053,0,0,0,0,1002.894655,0,0
1303.7127,6524.424018,0,0,0,0,7284.408152,0,0,0,0
1419.00151,0,1289.126594,0,0,0,0,0,0,0,0
687.29405,0,0,0,0,0,222.7170538,0,0,0,0
978.98371,0,0,401.6601291,0,0,0,0,0,0,0
560.99616,0,0,0,0,0,0,0,360.1488825,0,0
503.29323,2773.887306,0,0,0,0,2732.183106,0,0,0,0
575.01237,296.1112417,0,0,0,0,370.7289525,0,0,0,0
979.6017,0,0,0,0,0,0,431.240215,0,0,0
1296.91032,0,159.1966665,0,0,0,0,436.1718556,0,0,0
492.99624,0,732.5182252,664.9670274,0,0,0,862.2403987,355.606878,0,0
973.59227,0,0,0,0,0,223.9486534,0,0,0,0
767.0688,0,0,223.0935465,0,0,0,0,224.679465,0,0
540.94982,0,0,0,0,1496.111285,0,0,0,5900.930112,0
441.02188,0,0,4790.723362,0,1970.471181,171.3348838,4522.711672,527.0076394,0,0
437.01614,0,0,0,0,0,0,0,0,420.4656364,0
635.24214,5906.908203,0,0,0,0,8065.712685,0,0,0,0
687.41643,1763.313745,2753.357656,0,506.4486279,0,6549.580489,1197.678605,0,0,121.7085703
1328.93344,0,0,0,0,0,0,0,112.4443977,0,0
973.63861,740.4810219,0,3225.324409,625.2804883,1890.559006,1307.071546,0,901.9096865,1046.986441,554.1425938
582.97614,0,0,0,0,0,0,0,0,1948.213088,0
941.03672,0,0,0,0,0,0,0,180.2075628,0,0
974.88385,0,0,646.7967665,0,0,0,0,193.3571375,0,0
1289.77721,0,0,0,0,0,0,328.6243812,0,0,0
554.95546,0,82.4365354,0,0,0,0,0,0,0,0
1035.10191,0,0,0,0,0,0,0,0,0,0
1071.6039,190.5422255,0,0,0,0,0,0,0,0,0
713.0242,0,0,0,0,6132.636979,0,0,0,10332.92895,0
457.12761,0,0,0,0,4929.769184,0,0,0,5739.353318,0
597.11278,0,0,0,79.59830565,0,0,72.0960367,0,0,0
663.28153,0,0,0,0,0,0,0,0,0,0
1147.12246,0,0,1096.323364,377.8340772,0,0,0,557.8740977,0,149.9681562
718.99436,0,0,0,0,0,0,0,0,0,0
897.0504,0,0,0,0,0,0,0,0,2015.535552,0
663.27834,0,0,0,0,0,0,0,99.03439601,0,0
761.09788,0,0,0,0,0,0,0,0,0,123.8541016
873.01435,0,0,0,0,594.6912327,0,0,0,0,0
751.1313,0,0,0,0,0,0,0,0,198.2019645,0
439.06131,625.119953,0,0,127.7445215,0,0,0,0,0,0
933.27242,0,0,0,0,0,0,0,630.3974485,0,0
873.01738,0,0,0,0,0,0,0,0,707.2448483,0
1101.02128,0,0,437.5823092,1312.369004,0,0,0,747.7919056,0,1277.208813
1133.74373,0,0,3024.413615,3054.299858,684.0193034,0,0,1448.948774,0,3690.824485
1134.90819,0,0,0,0,0,0,0,101.0091043,0,0
669.0071,3751.796287,543.4598472,0,685.9513965,0,4927.756014,0,269.2777146,0,87.53906248
835.02328,0,705.1126342,401.6502685,0,0,0,420.5561958,422.4762658,0,0
1067.57902,0,526.5389427,0,0,0,0,981.183033,0,0,0
1197.80128,7807.239751,2146.018633,0,0,0,5131.29541,218.8381807,0,0,0
951.53196,2954.224125,0,0,0,0,3844.941355,0,0,0,0
540.83046,0,0,0,0,1465.819813,0,0,0,9742.395409,0
845.08494,0,0,0,0,0,0,0,0,0,0
785.1082,201.1967558,236.1498994,152.2261963,499.8068457,0,295.5853721,926.5104424,301.3001261,0,176.1885625
898.94685,0,156.3885281,0,0,0,0,0,0,0,0
1289.80001,0,0,0,783.0254786,0,0,0,138.7316184,0,138.7045313
839.04914,0,197.2341953,0,0,0,0,285.0061688,0,0,0
389.12443,95.06560257,0,0,0,0,0,0,0,0,0
791.01952,0,0,229.6032444,0,0,0,0,0,0,0
1441.77153,10425.71363,178.7706936,0,0,0,4757.816201,831.343866,0,0,0
890.40091,7095.966106,0,0,0,0,3699.734581,0,0,0,0
826.88212,110.9512928,0,0,0,0,0,0,129.8277171,0,0
689.03821,0,0,696.4049479,0,0,0,0,0,0,0
577.2636,5315.366911,0,176.9227431,0,0,8864.942539,0,234.6652739,0,0
429.11425,0,0,0,201.4443848,0,0,0,75.70356386,0,0
801.10083,0,447.64265,828.6054824,1415.514063,432.5585938,271.274337,0,1879.242391,0,642.599
729.04866,0,0,0,0,206.5938368,0,0,0,0,0
839.05095,0,0,0,0,0,0,0,0,0,0
867.07075,0,0,273.8179796,0,0,0,0,0,0,0
791.0164,0,0,0,0,0,207.0771741,0,0,0,0
1111.12386,212.6190196,100.190903,2631.451579,2160.361348,174.3461154,0,0,3288.987744,0,790.8095704
460.06481,0,0,0,0,140.948622,0,0,0,0,0
469.33101,0,0,0,0,0,0,0,0,0,0
460.06341,0,0,0,0,0,0,0,0,0,89.26017184
799.00568,177.6827641,0,0,0,0,0,0,0,0,0
942.93614,0,53.59665572,0,0,0,0,0,0,0,0
1349.77284,7477.366704,0,0,0,0,5565.286904,0,0,0,0
1197.02069,133.8881015,3694.316933,0,0,0,0,3196.207225,0,0,0
897.03413,111.0256672,546.9922235,2120.297743,0,135.5092339,0,349.5210009,1468.381057,0,0
707.99673,564.6607958,0,0,76.1909131,4053.912544,777.228053,0,0,2087.337409,0
799.01151,0,0,0,0,0,0,0,0,0,0
890.34408,0,360.3153998,914.7746582,547.7321094,1282.707595,0,0,4059.749852,3216.093241,0
813.03904,0,2379.129697,0,0,0,0,0,3282.908079,0,0
693.21974,0,0,1345.850857,0,0,0,0,399.1747553,0,0
621.39682,0,0,113.7186618,0,0,0,0,0,0,0
890.31421,0,0,1486.264648,0,5809.926866,0,0,452.0250692,3261.837183,0
533.01086,254.0297117,0,0,0,0,1887.887747,0,0,262.4471241,0
702.98422,0,0,487.5279406,0,0,0,0,653.3754203,0,0
1113.13958,0,0,608.3244494,0,182.5192058,0,127.1862334,162.6099931,0,0
855.02252,0,0,0,0,0,0,0,0,0,0
829.22762,464.8435772,1403.242355,1863.290853,1401.518789,0,0,2362.125503,2712.011224,0,0
867.48713,578.3222829,1847.419083,0,958.5603711,0,3582.282792,767.8981281,0,0,1093.992547
1275.78107,0,0,0,63.18737795,0,0,0,0,0,0
570.0976,0,0,0,0,0,0,0,0,200.0897164,0
804.88688,0,326.1444294,251.6865913,0,0,0,193.5167272,98.38752228,0,0
811.07312,0,153.5362587,0,201.4660791,0,0,0,0,0,170.7736875
757.13791,0,0,0,0,0,368.0716488,0,142.764463,0,0
787.01609,425.806174,0,0,0,0,1505.936781,0,0,0,0
645.17103,0,0,167.2564426,0,0,0,0,0,0,0
415.07149,0,268.8918233,751.9846327,1566.936665,114.9531576,0,1168.161355,550.3203125,0,1129.587688
1067.04085,0,0,158.9745822,0,0,0,0,524.9583046,0,0
867.52715,3996.660121,0,0,1154.716641,0,0,320.2973004,0,0,0
989.06816,0,0,0,0,106.6623698,0,0,0,0,0
1419.00575,0,0,0,0,0,0,0,206.0123368,0,0
702.98317,0,0,0,0,0,0,0,0,0,0
1231.75447,312.8042727,0,0,0,0,391.5553557,0,0,0,0
817.02726,0,0,0,0,2513.458724,0,0,0,6450.418846,0
392.01341,0,0,0,0,0,0,0,0,373.3897193,0
803.38184,309.5530801,0,0,0,0,620.240003,0,0,0,0
371.96272,0,1353.749808,0,0,0,0,1270.47577,0,244.4491055,0
547.06402,0,0,750.8318956,0,0,0,0,269.9253857,0,0
1369.8595,6099.57517,0,0,0,0,5821.625103,0,0,0,0
618.98988,0,0,0,0,0,0,4002.191909,0,0,0
557.19425,0,0,0,0,0,0,0,0,6753.5717,0
798.88532,0,0,0,0,0,0,0,0,467.7316858,0
743.00536,0,0,0,2116.020859,0,0,0,0,0,2050.744844
1012.83875,0,201.6232566,2960.380249,0,0,0,0,3729.873764,0,0
713.08797,0,81.42733294,188.2748481,446.0547461,177.2516276,0,0,0,0,0
1215.02683,318.9365494,0,0,0,0,0,0,0,0,0
648.07031,227.0947697,0,0,0,0,0,0,0,0,0
1643.41043,0,0,0,0,8934.928538,0,0,0,3710.692114,0
1114.96642,0,0,1892.45322,0,0,0,0,544.3237491,0,0
799.01796,411.0435737,0,245.3237169,0,0,263.9144737,396.7487045,0,0,0
587.06592,276.9664339,1196.047834,293.2967122,2084.965977,0,433.6344058,495.2719291,1692.741891,0,2140.638781
633.14343,0,0,0,0,1511.204623,0,0,0,854.2446501,0
745.11263,0,496.2005847,0,3441.164131,0,0,964.1957959,688.7789508,0,2068.258531
391.06615,0,0,155.6614855,0,0,0,0,0,0,0
543.92178,0,2733.056221,1242.670322,0,0,0,2305.541596,1279.690733,0,0
761.09509,0,0,0,82.80375,168.0907661,0,0,0,0,122.3843516
1397.74794,7794.561377,520.776481,0,0,0,4494.790553,2496.135327,0,0,0
765.05148,0,217.2827118,3218.04895,451.7443213,0,0,481.194423,2813.601797,0,302.4028438
1067.0399,585.0581443,0,0,0,0,0,0,0,0,0
696.97804,0,0,0,0,0,0,0,163.4857347,0,0
897.04776,0,0,566.6274957,0,0,0,0,297.2947735,0,0
745.02042,0,0,0,0,537.0570747,0,0,411.0550831,0,0
881.41122,7450.765452,0,0,0,0,4888.667378,0,0,0,0
751.4354,0,0,0,0,0,0,0,0,267.3091881,0
949.07954,0,0,0,0,0,0,0,0,0,0
798.90995,0,0,0,0,0,0,1958.369121,0,0,0
1007.64545,0,0,2134.867947,3167.005669,0,0,0,2771.505173,0,444.3642187
951.5324,0,0,0,2302.559844,0,0,0,187.2818928,0,978.0107188
1193.78473,0,0,0,0,0,0,0,0,0,0
1277.01193,0,0,0,123.0945801,0,1640.892629,0,0,0,142.3665313
610.08883,0,0,0,0,1101.279297,0,0,0,0,0
843.03802,0,0,347.2546658,0,236.0057726,0,1909.867497,1766.735537,197.4056414,0
489.05094,0,0,0,61.0677344,204.4162978,0,0,0,0,0
1673.14903,0,0,3686.647176,0,0,0,0,4593.487058,0,0
709.19456,0,120.9196822,0,0,0,0,0,0,0,0
1219.03015,0,2277.690795,0,0,0,0,1675.37647,0,0,0
903.07835,0,802.9777728,806.5078939,0,0,0,0,285.8695362,0,2804.741125
709.19302,0,63.03417368,0,0,0,0,0,116.3370501,0,0
548.95055,453.9320381,0,0,0,0,0,0,0,0,0
1061.04514,0,0,0,0,1171.277214,0,0,0,0,0
1127.70561,0,0,0,0,0,0,135.7947285,0,0,0
717.17449,0,0,0,0,0,0,0,0,0,0
851.02866,0,1787.14833,1237.011393,0,0,0,3445.61185,289.9630637,0,0
789.09023,0,0,0,88.09625,0,0,0,0,0,222.1575469
889.98761,0,0,1099.165229,0,0,0,0,1616.031275,0,0
863.48352,0,1770.074974,0,1951.859024,0,930.5156508,0,1136.790422,0,2212.472281
533.23107,696.2347034,0,326.5868869,0,0,10314.81137,0,151.5864814,0,0
657.03968,0,0,0,0,510.166276,0,0,0,0,0
745.09125,0,0,0,121.5525489,0,0,0,0,0,0
907.50549,1712.241168,0,0,0,0,971.933748,0,0,0,0
589.04303,0,0,0,0,0,0,0,0,549.9156477,0
585.24668,0,521.7863306,967.4342719,0,0,0,0,554.5186412,0,0
807.27846,0,0,0,0,0,0,0,0,0,0
687.10698,0,0,0,0,0,0,0,0,0,531.279625
923.49671,0,286.5601155,93.11939833,0,0,0,0,0,0,0
729.06983,0,0,0,0,0,0,0,0,556.8529212,109.8083828
533.01422,0,0,0,0,0,0,177.890741,0,0,355.0874844
819.35626,0,0,0,0,0,0,0,0,0,0
839.08231,0,363.5281346,323.0359972,0,5579.118902,0,0,0,733.7879303,0
745.0244,0,0,0,0,0,0,0,0,447.817029,0
1280.9773,367.8061999,1020.38207,0,0,0,180.0656353,932.5406289,0,0,0
634.49734,0,0,8530.824287,0,0,0,0,0,0,0
501.09174,0,0,369.0811361,0,0,819.6951583,0,0,0,0
696.98242,0,0,0,0,0,0,0,48.70566839,0,0
1337.73402,0,0,0,0,0,0,0,269.4064972,0,0
780.96595,2275.909707,302.0281585,0,0,0,1198.556641,250.8550434,0,0,0
769.00606,0,523.8303177,2261.253635,0,0,0,2624.665977,2574.001187,0,0
677.32102,646.4892665,0,0,0,0,2653.137875,0,0,0,0
757.47218,0,280.620926,0,0,0,0,0,0,0,0
1381.76324,234.613143,0,0,0,0,768.8937346,0,0,0,0
583.24742,0,0,375.3061117,0,0,0,0,318.9101315,0,0
595.05714,0,594.0229342,3124.606866,62.9874756,1858.5352,0,2237.196047,1750.756131,0,0
1147.12352,0,0,0,258.2708692,0,0,0,0,0,0
391.1278,0,0,0,0,0,0,0,97.06492905,0,0
921.95325,0,214.5145945,0,0,0,0,531.1900913,0,0,0
1173.82305,0,0,0,0,0,0,0,79.66464348,0,0
789.88657,0,0,104.9500461,0,0,0,0,200.8728677,0,0
803.38292,208.8251866,0,0,0,0,0,0,0,0,0
535.01865,0,0,0,0,0,0,1467.227452,0,0,0
1231.01195,0,0,2486.510959,0,0,0,0,742.943755,0,0
1255.81044,0,0,440.9738769,1195.107148,334.7648438,0,0,1322.746699,0,1272.717594
1104.9303,0,0,1001.971422,0,0,0,0,2234.884197,0,0
487.21056,0,0,519.4587945,133.2784375,0,0,0,369.9712718,0,193.0369062
878.98068,0,0,0,0,0,0,0,0,0,0
419.04171,0,0,0,219.9505274,0,0,0,590.8094838,0,1100.608078
1089.03559,0,0,0,0,0,0,248.6458655,0,0,0
919.02833,183.3118778,0,0,0,0,0,0,0,0,0
1179.07227,0,0,0,0,0,0,0,155.0389389,0,0
947.02515,0,0,2486.795627,0,0,0,0,2168.863121,0,0
1149.71569,0,153.7344948,0,0,0,0,0,0,0,0
807.00862,0,0,0,0,0,0,489.1393874,0,0,0
1275.77206,7381.075394,1123.74586,0,0,0,8972.402704,1652.235825,0,0,0
1070.28282,842.4745057,2546.684984,0,0,0,2273.76939,3609.054359,0,0,0
372.96511,0,77.27176595,0,0,0,0,123.2252088,0,0,0
847.4933,796.3329646,3656.88576,158.6830106,1859.308652,0,0,718.8316832,0,0,947.278375
1147.12613,0,73.45243601,0,0,0,0,0,0,0,0
659.0442,0,0,0,0,0,203.0247611,0,0,0,0
547.06943,0,0,0,0,0,0,0,0,0,111.2825078
489.10802,221.789339,0,0,0,0,0,0,119.4545218,0,0
487.02542,0,0,0,0,0,0,0,0,0,0
409.06709,0,0,245.4415419,0,1250.062044,0,239.2035118,202.2198625,1008.18014,0
998.87191,0,239.5218738,338.0501099,0,0,0,0,197.8869413,0,0
722.96932,162.7417554,0,0,0,0,0,0,0,0,0
591.08005,0,0,435.8544244,2197.16667,0,0,409.4008161,236.2851068,0,291.7436563
1217.7568,0,0,0,6344.609141,0,0,0,597.1095233,0,472.6859375
950.99276,916.8891558,0,0,0,0,1717.911107,1879.83381,0,0,0
525.96473,0,0,0,0,0,0,0,0,0,0
1434.96992,0,0,308.7038574,0,0,0,0,338.9267702,0,0
476.99532,0,518.7370351,0,0,704.4164063,0,0,419.1119462,333.4170064,0
583.23244,0,83.03168135,168.7777642,0,0,0,0,549.5508307,0,0
551.03689,0,0,4598.535862,0,0,0,2601.211325,296.8300287,0,0
1381.76259,0,0,0,0,0,0,0,139.2409637,0,0
918.97103,0,0,0,0,0,0,3089.652653,0,0,0
521.02399,133.8161642,121.3178321,0,162.9864161,0,0,0,0,0,0
507.09793,578.7288095,0,0,0,0,0,0,0,0,0
485.1886,0,0,0,0,0,0,172.18166,0,0,0
983.07433,0,0,104.6669786,0,0,0,0,97.39351759,0,0
609.10945,0,0,0,491.8380469,0,0,171.9405553,129.0013474,0,0
386.97442,0,0,0,0,6435.485938,0,0,0,3554.817425,0
651.02932,0,0,0,0,0,0,0,0,0,0
421.01086,202.7964602,123.7105421,0,0,0,0,0,0,0,0
781.23708,0,0,0,0,0,0,0,0,0,0
384.96248,0,0,0,0,0,0,0,0,0,0
563.04631,0,0,0,0,0,0,0,0,0,0
445.18003,0,0,0,0,0,1018.420436,0,0,0,0
766.95334,0,0,0,0,939.9478299,0,0,0,0,0
986.84795,0,0,0,0,0,0,0,196.880538,0,0
555.35886,0,0,0,0,0,0,0,0,0,0
705.09328,0,0,129.5109592,0,0,0,0,0,0,0
564.05182,0,1239.56939,0,2267.923262,513.5793186,0,808.4118967,0,0,2547.357563
930.97493,0,0,0,0,0,0,0,443.2204806,0,0
1286.97682,1383.265867,1974.410342,0,0,0,601.5037778,653.5439937,0,0,0
501.09009,0,0,0,0,0,363.3154811,0,0,0,0
993.04116,2172.856454,773.9845428,0,0,0,3997.33897,1471.473584,0,0,0
1296.98654,0,2795.425326,0,0,0,0,939.9531056,0,0,0
735.07827,0,0,0,0,0,0,0,95.90475424,0,0
489.11417,222.5891178,0,0,0,0,0,0,0,0,0
681.09482,0,0,0,0,0,0,0,0,1137.89807,0
730.98421,0,0,0,0,0,0,0,0,2522.502604,0
559.28538,0,0,0,0,0,0,0,0,0,0
497.02799,209.7650719,0,121.6769342,1432.261206,0,473.417005,0,437.9595035,0,2771.113094
889.9914,0,775.0226048,0,0,0,0,865.0189415,0,0,0
483.05928,1368.302804,0,0,4502.079248,0,236.3802683,0,0,0,1361.514688
1148.98058,0,0,267.9829101,0,0,0,0,644.9828916,0,0
709.04955,0,0,0,0,292.8450303,0,0,0,319.0240603,0
603.08994,0,0,0,122.1600098,0,0,0,0,329.7125793,0
929.03929,0,603.584931,2697.282199,0,0,0,181.456277,1501.297839,0,0
375.0464,226.8903053,973.8717288,758.8618978,241.802627,2038.094857,970.3676629,673.6496558,561.4518765,792.9133125,433.2893203
711.10432,0,0,0,116.3816407,0,0,179.8685992,0,0,0
851.51056,941.4087389,295.9417657,0,273.1033594,0,0,1803.439705,0,0,0
569.9578,0,153.9989216,81.14304604,62.3066455,0,276.0083008,121.7630531,133.5249951,0,96.38545312
1061.69921,0,0,0,0,469.6536024,0,0,0,0,0
1006.97664,0,0,0,0,0,0,0,0,0,0
425.04745,116.1843542,0,0,368.1175196,0,0,0,0,0,539.2223906
467.0324,0,0,0,0,1987.17322,0,0,0,0,0
987.03258,0,966.1213094,0,0,283.7571831,0,0,0,0,0
523.04962,0,0,0,0,2650.366276,0,159.1942876,0,3783.743603,0
1373.00315,0,493.0001917,333.8614909,0,0,0,115.2667659,470.6956339,0,0
668.97225,0,0,244.9612088,0,0,0,196.124942,0,0,0
697.00978,0,0,165.2851698,0,0,0,943.5156057,0,1500.438859,0
944.95976,0,0,0,0,0,0,0,970.7929196,0,0
805.04758,0,0,0,0,0,0,1073.557318,0,0,0
585.94003,72.49572214,0,0,0,0,0,0,0,0,0
919.03947,0,0,0,0,0,0,0,0,0,0
406.93489,189.0384921,0,791.4088135,289.8354395,0,0,2141.908223,0,0,5497.114891
504.01885,0,0,0,0,240.7550781,0,0,0,0,0
763.97706,0,224.6905915,0,0,0,3453.842362,0,413.5017183,0,0
493.03776,262.0787818,125.0049128,170.8111437,668.384209,0,0,0,0,0,0
419.13091,0,126.5064585,0,0,0,763.2068771,0,0,0,0
797.37044,2270.793954,0,0,0,0,8957.498176,0,0,0,0
533.31227,0,0,0,0,0,0,0,99.89323329,0,0
545.26207,0,0,194.7338053,393.4590381,0,229.2839484,0,103.5217501,0,648.7069999
1249.00414,245.1193135,1430.820612,0,0,0,0,226.4447517,0,0,0
1059.01322,0,0,4612.11792,0,0,0,0,3141.59558,0,0
1565.37025,0,0,0,0,0,0,0,0,0,0
595.05656,0,0,0,0,0,0,0,0,0,229.5905312
601.05796,144.6880185,0,0,127.5673633,0,0,0,0,0,0
637.17484,0,0,0,0,0,0,190.0811997,141.0612762,0,0
1093.75126,0,0,1682.15389,1962.723525,0,0,0,1274.7193,0,2607.629969
1083.03915,0,505.4672821,1012.89738,0,0,0,148.0618135,1358.496267,0,0
526.99366,0,0,0,0,0,0,0,0,0,0
529.05465,0,361.6486532,184.4192573,0,0,381.6453279,0,139.5150935,824.5238904,0
711.28456,0,0,0,0,0,0,0,222.577952,0,0
688.99975,0,0,826.5335829,0,0,0,259.4429533,162.2218775,0,0
508.96937,0,630.9742379,421.4016249,0,0,0,0,1462.647523,0,0
749.06504,0,192.2704898,1354.772922,0,0,0,275.1611038,729.4911615,0,0
1388.98348,0,141.4386922,0,0,0,0,0,0,0,0
600.16576,0,2361.640817,2133.503907,0,449.7276476,0,0,1559.939725,0,0
919.04132,146.8790618,0,0,0,0,0,0,103.1960356,0,0
798.89915,0,0,0,0,0,0,677.5752437,0,0,0
746.96682,245.8766593,0,0,0,1003.554818,278.0967568,0,0,0,0
681.10228,0,0,0,0,0,0,0,198.7969492,0,0
839.04407,0,0,0,0,0,0,0,0,0,0
650.99267,0,0,0,0,357.3661241,0,0,0,1943.141078,0
899.02914,0,0,198.7364095,0,0,0,0,0,0,0
583.24363,0,0,0,0,0,191.8803711,0,0,0,0
853.26807,0,0,0,0,959.7498699,0,0,0,0,0
1088.99239,0,402.371645,0,0,0,0,0,0,0,0
1033.03892,0,1996.065951,1941.741374,0,301.9320747,1472.170282,0,1671.782041,1577.241055,0
614.27121,0,0,0,4521.774688,0,0,0,0,0,2864.97825
687.10257,0,0,0,59.6510449,0,0,234.107886,0,0,0
583.24551,0,0,0,0,0,0,0,0,0,0
771.08296,0,0,172.4555122,120.4397559,0,0,0,0,0,0
533.15406,573.6196073,1668.818287,4030.347256,0,0,1576.573795,122.1403059,4485.697859,0,0
419.04116,0,0,0,197.1888477,0,0,0,329.2714102,1967.315784,0
1121.78297,7803.671063,1392.916123,0,0,0,1902.808902,0,0,0,0
799.07066,0,373.7597297,305.4109158,80.1897705,222.4912109,0,0,681.2834751,0,117.701039
625.107,0,0,0,85.46098635,0,0,0,0,0,0
549.13192,0,0,0,0,0,0,0,95.85447981,0,0
687.43372,0,287.2454826,0,0,0,0,0,98.2544131,0,101.9116406
950.97311,0,0,4323.950792,0,0,0,0,1467.94551,0,0
912.99979,0,0,523.3376736,0,0,0,0,0,0,0
1049.0679,0,4387.417238,0,0,0,0,1979.032371,0,0,0
504.00592,0,0,0,0,1428.629254,0,2338.108331,0,3164.734149,0
829.30435,0,0,0,0,0,796.5984787,0,0,0,0
535.01803,0,0,0,0,257.7521484,0,0,0,0,0
909.09218,0,0,0,0,6302.339432,0,0,0,2023.366055,0
956.98845,0,0,0,0,0,0,0,955.9501211,0,0
513.33014,293.6017353,0,0,0,0,0,0,0,0,0
394.93929,155.3237348,0,0,0,0,0,0,0,0,0
813.38632,4895.070261,0,0,0,0,3971.413831,0,0,0,0
651.04377,0,0,0,0,0,0,0,0,0,0
624.92335,0,0,0,0,0,0,0,0,0,0
917.64825,0,0,0,0,852.6885417,0,0,0,350.7693048,0
1101.1188,821.5609789,0,0,2246.950039,1573.746332,0,0,226.0167375,0,1708.816687
410.05362,0,0,375.8194444,0,0,0,763.980198,543.8254302,0,0
579.10096,0,0,0,192.945,0,0,0,0,0,0
795.52118,0,0,0,0,0,0,178.6244972,0,0,0
542.94858,0,0,0,0,2614.128255,0,0,0,4693.670573,0
475.00974,0,231.3888456,636.2650011,0,0,0,2035.674176,849.71629,0,0
789.51572,0,0,71.90816924,0,0,0,0,0,0,0
787.00776,0,0,0,0,0,0,5852.348159,0,0,0
1319.79903,0,0,0,275.2352344,0,0,0,0,0,0
951.50786,0,176.1140242,0,393.5715528,0,0,0,198.8403258,0,105.4478594
681.15193,0,111.5834811,0,0,0,0,0,0,0,0
597.28547,1048.322715,0,0,0,0,1926.088096,0,0,0,0
555.33717,6990.015383,0,0,0,0,0,0,0,0,0
764.94481,0,0,0,0,0,0,137.0262028,0,0,0
775.43038,716.4743501,0,0,0,0,1806.170128,0,0,0,0
944.95933,0,0,693.1590169,0,0,0,0,0,0,0
611.04181,0,0,0,0,0,0,0,0,0,0
631.04772,0,0,0,0,0,0,0,0,0,0
823.29531,0,101.5017255,0,83.29055665,0,167.0684879,0,88.87576639,0,0
915.00237,0,0,2438.734999,0,0,0,0,4130.219368,396.027089,0
895.0662,0,0,316.1706815,0,1383.733789,0,0,0,343.0384681,0
631.41917,0,0,0,0,0,0,0,77.20412627,0,0
679.03645,124.2809216,0,0,0,0,0,0,0,0,0
854.9822,0,164.6009274,663.9157444,0,0,0,0,642.1913568,0,0
585.07732,0,120.3079587,0,145.8947754,0,0,0,0,0,209.8878438
921.21526,0,0,1463.951457,0,0,0,0,124.7739567,0,0
623.00663,0,0,321.8415527,0,0,0,178.3023863,0,0,0
585.07683,0,0,318.0406358,0,0,0,0,0,0,0
1049.71488,0,514.3767255,0,0,0,0,0,0,0,0
893.35645,4894.79608,0,0,0,0,4503.298391,0,0,0,0
411.09589,283.354328,0,0,0,0,731.8238332,0,0,0,0
907.51121,4347.732802,0,0,0,0,8015.378187,0,0,0,0
837.28939,0,0,0,0,0,0,0,0,0,0
645.34626,0,0,0,85.96277345,0,2046.207494,0,0,0,0
481.01193,1008.731126,0,0,1524.791065,0,0,0,0,0,731.5985937
397.05435,0,1098.478911,78.90367972,1591.97792,807.0859809,0,1304.9518,0,398.5563859,2503.481274
427.1145,331.1419386,0,0,0,0,593.9102333,0,0,0,0
919.05332,0,0,0,0,0,0,0,0,0,0
1050.9719,0,4050.163463,0,0,0,0,1710.033996,0,0,0
919.05652,0,219.0983033,0,0,0,0,0,0,0,0
441.00798,0,76.22224288,2470.919237,0,1762.69936,0,3432.828531,214.6054873,0,0
535.05869,0,0,0,0,0,0,0,0,0,0
609.11472,0,0,0,0,0,0,0,135.6065318,0,0
703.14393,0,386.4432036,2342.365533,0,0,0,171.7444694,4256.124468,0,0
1312.89285,0,67.4958781,2321.742961,0,0,0,0,4838.010829,0,0
687.04923,0,0,0,100.6033594,1005.491602,0,0,0,0,0
978.96645,0,95.88741374,0,0,0,0,0,0,0,0
1049.73667,0,276.5034269,0,0,0,0,0,0,0,0
569.28427,0,781.8646952,1817.047485,0,0,0,741.17027,3055.932271,0,0
631.05069,0,0,0,0,0,0,0,175.8944571,0,0
487.01786,0,337.0827382,0,0,266.0640626,0,0,0,0,100.4222422
781.31028,0,0,0,0,0,0,11926.96678,0,0,0
1235.00585,0,0,0,0,0,0,0,722.2999406,0,0
817.0884,0,255.5055598,0,0,0,0,0,0,0,145.2336094
671.08527,0,0,0,174.3931494,0,0,0,0,0,0
799.33773,0,0,0,0,0,0,0,0,0,0
623.02305,0,0,0,0,510.7921876,0,0,110.9617904,3721.181018,0
553.30027,0,0,0,0,0,0,0,0,0,40.77803516
995.54112,0,0,0,1199.176035,0,0,0,0,0,165.62275
501.07739,0,0,0,0,5547.183963,0,0,113.5700406,4762.859474,0
930.93488,0,0,987.9038628,0,0,0,0,1051.642207,189.7099468,0
651.0723,0,640.103935,841.8280029,665.8202539,0,227.4795179,0,1378.45132,263.796139,730.7919687
789.36025,2517.187137,0,0,0,0,3563.436909,0,0,0,0
956.97362,0,0,440.8507487,0,0,0,0,0,0,0
614.91597,0,0,0,0,0,0,0,0,789.3710938,0
548.95395,0,0,0,0,0,0,153.5395556,0,0,490.553625
671.08375,0,0,0,0,172.159375,0,0,0,0,85.72649216
890.37876,2714.33974,1775.901313,0,0,0,2208.517424,0,388.8526503,0,0
1051.67084,0,0,908.0134821,2527.466963,0,0,0,3731.345543,0,418.4264062
1281.63628,0,0,0,0,0,0,0,0,0,0
1053.02548,0,107.1478623,338.0056424,0,0,0,0,547.2608782,0,0
931.07068,0,0,0,0,0,0,0,106.9469566,0,0
392.27687,0,0,626.7308351,0,0,0,0,7630.378684,0,0
657.04825,0,0,0,0,0,0,0,0,0,0
823.49317,0,2204.779309,0,767.0804981,0,867.2353001,1222.897355,171.8039334,0,500.409875
1136.92441,0,0,318.3510471,0,0,0,0,0,0,0
1249.04888,882.5448009,0,0,0,0,551.9247018,0,0,0,0
557.28397,0,0,0,0,0,0,0,0,0,70.85735156
409.0668,0,311.8299703,0,0,0,0,0,0,0,0
459.06705,0,169.801644,0,221.3115283,560.9140516,0,256.6843092,0,0,0
516.25967,0,0,3698.708415,0,0,0,0,3871.991594,0,0
619.28491,0,0,98.09969076,0,0,0,0,0,0,0
801.11722,0,0,0,0,0,0,0,740.1458416,0,0
911.58782,0,126.2421276,0,5670.591436,0,0,0,0,0,0
687.0482,0,0,0,135.2062305,0,0,0,205.2200603,0,0
455.07263,236.4781527,408.0236233,1293.587646,518.1062012,577.4643229,328.8018734,403.6237431,600.2768616,0,473.3953907
805.07808,0,0,0,72.0279199,0,0,0,0,0,0
610.11811,0,0,153.7531603,531.0823243,615.3319444,0,0,153.1895891,0,835.7570938
847.5034,0,3569.192988,0,973.2229102,0,5131.426913,0,0,0,287.4050938
620.91899,0,133.7760137,436.1488173,0,0,0,0,405.791164,0,0
1073.04587,0,0,670.0262044,0,1464.955035,0,0,0,1205.975657,0
824.97374,0,0,0,0,0,0,0,215.2368226,0,0
621.09595,231.3483476,0,105.6514622,0,0,168.2557437,204.5121442,121.5341797,0,0
759.41491,0,436.5940735,313.3869358,213.3573731,0,0,921.2476988,353.6101415,0,0
814.87196,0,0,728.1535781,0,0,0,0,183.7995698,0,0
1043.03512,0,0,194.8530681,0,4328.675781,0,0,0,0,0
1120.98495,0,0,0,0,0,0,0,0,0,0
555.27681,752.962424,0,0,0,0,593.1677117,0,0,0,0
651.2695,479.190784,0,0,0,0,1954.885845,0,0,0,0
833.38197,306.8909966,0,0,0,0,285.2254575,0,0,0,0
925.02974,0,0,0,0,0,0,155.630956,0,0,0
1051.01908,0,0,394.6063232,0,0,0,0,853.6301672,0,0
1046.9545,0,180.4806485,0,0,0,0,0,0,0,0
823.2953,0,0,0,0,0,0,0,0,207.61464,0
890.32828,0,0,0,0,0,0,0,0,11034.22736,0
603.10156,0,0,0,0,0,0,0,0,0,0
1231.62061,0,0,0,86.20850585,0,0,0,0,0,0
1141.64331,3420.148403,0,0,0,0,5532.18493,0,0,0,0
1033.73407,0,0,1896.011529,925.1579688,525.6686414,0,0,1032.103355,0,725.2651718
1290.98452,0,101.3405987,196.1106906,0,0,0,0,988.6808248,0,0
547.95242,0,0,0,0,0,0,0,0,0,0
887.1523,0,0,212.5271131,0,0,0,0,555.0520854,0,0
665.0695,0,0,0,0,0,0,0,0,218.1624774,0
601.07526,0,0,0,874.0952246,0,0,0,0,0,230.0302187
553.02388,0,0,0,0,500.5959201,0,0,0,884.056131,0
890.97256,0,0,833.0479601,0,0,0,0,783.1638153,0,0
700.95183,0,0,87.65160451,0,0,0,0,0,0,0
950.96827,0,0,0,0,0,0,320.3272354,0,0,0
621.1111,0,0,0,0,0,0,0,0,651.6176404,0
437.05669,0,0,0,0,0,0,0,391.0265773,1153.636662,0
606.34252,3878.194811,0,0,0,0,7386.490286,0,0,0,0
897.05671,0,0,0,1054.741797,0,0,0,0,0,912.94875
733.30639,0,0,0,0,0,0,0,94.08714892,0,0
629.20873,3227.184216,0,0,0,0,3083.24743,0,0,0,0
785.10776,0,0,0,0,0,0,0,0,0,0
534.94905,0,0,728.0441623,0,0,0,0,0,0,0
1403.80281,0,0,0,0,0,422.0734221,0,0,0,0
585.23256,0,0,0,0,0,0,0,0,10464.17595,0
885.3672,5379.249101,0,0,0,0,3948.425627,0,0,0,0
843.10907,0,0,268.1314833,0,0,0,0,245.6074713,0,0
1488.97147,0,0,113.4307658,0,0,0,0,98.34036911,0,0
882.97152,0,0,243.2706977,0,0,0,0,226.9095382,0,0
653.09919,0,545.6170078,759.0531142,167.7683985,0,0,0,1425.586988,524.146258,0
913.0368,1244.623116,0,0,0,161.5607422,1586.148412,0,0,0,0
939.60275,0,0,387.02771,0,0,0,0,210.9175732,0,165.0304062
967.49942,343.6124516,0,0,0,0,281.7473787,0,0,0,0
1092.96686,0,0,0,0,0,0,0,161.4726563,0,0
668.98355,0,588.5446942,613.8659804,0,0,0,645.7122525,427.9025416,0,0
888.9741,0,0,0,0,0,0,0,0,0,0
807.09,0,0,0,0,0,0,0,0,0,0
579.0875,0,200.5273977,116.1603597,905.3164844,0,0,417.7183246,271.5434385,0,119.4901094
811.05685,0,0,0,0,0,0,0,0,567.9168932,0
709.25417,0,0,0,0,0,537.6059313,0,0,0,0
883.50555,1899.255047,0,0,0,0,4109.603413,0,0,0,0
548.95882,0,0,0,0,0,0,0,0,0,0
428.20988,397.6448078,636.204503,675.1368951,958.1759668,0,0,1445.383953,1380.579293,0,1549.543078
735.95932,1569.813468,0,0,0,0,0,0,0,0,0
578.94479,0,184.8364887,0,0,0,367.7330643,0,0,0,0
521.09883,0,150.0446223,0,0,0,0,0,0,0,0
525.01831,0,0,0,0,159.6525499,0,0,222.4667969,0,0
723.35387,0,0,0,0,0,0,0,0,0,0
521.09378,0,0,0,0,238.5619141,0,0,0,0,0
503.95446,0,0,0,0,6138.953646,0,0,0,810.9789259,0
1020.98283,0,0,0,0,276.7356988,0,0,0,342.1797441,0
563.09369,0,0,0,0,0,0,0,0,0,563.2682188
1262.95546,0,0,118.7511936,0,0,0,0,0,0,0
413.97426,0,1282.745818,539.6196831,0,0,0,2377.76518,1430.399365,0,0
776.91226,0,0,0,0,0,0,0,0,301.1980583,0
593.12585,0,0,0,0,0,0,0,103.9115284,0,0
995.55649,0,0,0,606.3345996,0,0,0,182.835579,0,0
559.08127,0,0,0,0,0,345.80294,0,0,0,0
937.09232,0,0,0,0,0,0,0,112.0056616,0,0
785.06576,0,0,0,0,0,0,247.1050047,0,0,0
848.97712,0,0,392.0819227,0,0,0,0,130.5821672,0,0
891.53501,0,0,1390.548299,0,0,0,0,1813.629005,0,0
776.91332,0,0,0,0,0,145.2885871,0,0,0,0
943.95305,0,1585.337831,2058.449599,0,0,0,820.0794399,1786.62903,0,0
759.02109,234.2167969,162.0857817,0,0,0,0,308.5635055,678.6434434,0,0
1255.03316,0,0,180.0493435,273.3680274,0,0,0,0,0,1703.127641
1249.03883,347.7430172,0,0,0,0,0,0,0,0,0
445.12165,127.1537179,0,0,0,0,0,0,0,0,0
1106.95208,0,349.0168352,0,0,0,0,266.2844601,0,0,0
811.16252,0,0,0,0,0,0,0,0,486.9000793,0
715.01355,0,0,0,0,0,0,0,0,0,0
1281.10309,0,0,0,0,117.8018229,0,0,150.9182036,0,0
989.50429,464.3633158,0,0,0,0,0,0,0,0,0
620.91971,0,0,0,0,0,0,0,0,292.6961617,0
383.98444,0,1044.0405,0,2582.034922,0,0,0,0,0,3182.259844
1053.02539,0,171.0758483,0,0,0,0,0,0,0,0
645.02034,0,466.8970955,0,0,0,0,1827.480546,0,0,0
829.18729,0,0,0,0,7060.978472,0,0,269.9500841,2261.139776,0
955.5177,249.7805241,213.3867128,0,0,0,180.3775313,249.3967357,0,0,0
1309.66944,2750.807816,937.1947734,0,0,0,3320.670873,934.9010482,0,0,0
829.2634,0,0,1558.972683,0,1476.938976,0,0,1217.878535,2664.445143,0
1249.0455,0,0,0,0,0,0,0,110.4066208,0,0
765.05362,761.8403968,0,0,334.8490625,0,500.1667609,0,0,0,0
913.0353,0,242.5083637,0,0,0,0,0,0,0,0
867.01788,0,252.1027128,0,0,0,0,0,0,0,0
771.06403,0,437.9309098,723.1327447,0,121.9765626,0,0,434.1046653,0,0
601.02675,0,1118.870662,1561.778049,0,0,0,1544.084255,1517.980555,0,0
1111.11566,3543.274077,2088.392033,0,0,0,1308.185097,1434.369421,0,0,0
611.291,733.2930379,0,0,0,0,0,0,0,0,0
419.04272,0,181.5662505,0,0,0,0,0,0,0,0
900.34781,0,196.5691382,2923.537164,0,626.4513238,0,0,3754.693223,0,0
529.05364,162.2215673,180.4426285,316.9372558,0,0,0,0,214.0657882,0,0
542.96547,0,0,0,0,0,0,0,0,0,0
963.62109,0,0,1708.333313,2896.036807,392.8716146,0,0,3478.632021,0,180.7875625
1061.76362,5674.656613,1729.527775,0,0,0,2162.481934,0,0,0,0
410.05625,0,126.1436685,805.891683,0,0,0,0,1205.488899,0,0
374.01813,0,0,0,0,4640.492166,0,0,0,4084.05282,0
1073.04648,0,0,287.0013835,0,0,1696.54482,575.200031,192.5294267,0,312.8293438
1083.03836,0,0,259.9731581,0,1270.390191,0,0,103.0490383,1876.071332,0
851.50977,0,0,229.678494,0,0,0,0,249.9751285,0,0
1016.83169,0,52.20912217,3806.432326,0,0,287.3382504,0,2788.912474,0,0
1121.66313,4577.156112,0,0,0,0,2874.691509,0,0,0,0
971.57488,0,0,0,0,0,314.8275596,0,0,0,0
425.05068,0,0,0,0,179.0273438,0,0,0,0,0
863.02414,849.8139173,847.5679999,1260.745212,0,0,0,0,746.6998121,0,238.2445782
953.08904,0,0,511.122206,0,0,0,0,0,0,0
863.11506,0,0,0,66.4704492,0,0,0,0,0,0
643.03042,0,1946.134622,313.2321235,0,0,0,1752.129022,0,0,0
1020.98361,0,195.9117379,0,0,0,0,0,0,0,0
1163.0581,0,0,0,0,0,0,147.4546237,0,0,0
747.02361,295.9973728,0,116.7557373,0,0,1020.859002,0,0,0,0
925.02018,0,0,0,0,0,0,0,0,0,78.81261718
650.36952,3053.11418,0,0,0,0,7091.338867,0,0,0,0
941.0031,0,202.1570888,0,0,0,0,0,0,0,0
419.17257,775.8797013,0,106.440389,80.0875586,0,0,483.2625116,111.0409291,0,0
993.09573,0,0,0,584.6463672,0,0,0,0,0,308.8580313
835.58112,0,0,0,0,0,714.2810958,0,0,0,0
579.08705,0,249.4283814,167.7692871,0,0,0,0,491.6802623,0,423.3507188
1163.05999,0,0,0,0,0,0,0,0,0,0
1011.27742,0,0,0,0,0,0,0,0,5325.285213,0
550.95137,0,0,0,0,0,0,0,0,233.0953917,0
925.18529,0,0,4328.757324,0,0,0,0,2212.299335,0,0
940.00425,621.5370229,0,0,0,0,1036.373304,0,0,0,0
616.08811,0,0,211.2182075,0,0,0,0,0,0,0
895.5927,0,0,0,0,0,0,0,0,284.3636493,0
941.02421,0,0,0,0,0,0,0,135.952853,0,0
748.95956,484.418954,285.800302,824.6166992,0,0,1011.309211,0,807.1554836,0,0
1123.03538,0,1239.775043,0,0,0,0,694.8503636,0,0,0
687.03863,0,0,0,0,2483.320096,0,0,0,2727.3765,0
1243.0238,0,0,1798.119303,0,0,0,0,885.7834259,545.2794951,0
563.94556,0,0,0,0,0,0,0,0,0,0
796.94264,0,0,530.0238715,0,0,0,0,0,0,0
921.465,0,0,0,0,0,0,0,0,0,0
837.04588,0,0,0,0,0,0,0,0,129.1527117,0
1391.74036,3759.54124,0,0,0,0,6809.464227,0,0,0,0
578.12594,0,0,0,0,0,0,0,0,178.6546225,0
607.05966,0,0,0,0,0,0,0,110.7779495,0,0
545.07991,0,0,1156.716797,0,0,0,0,0,0,0
1033.05598,0,0,3460.06071,0,617.6540799,0,0,2683.51565,275.2903646,0
758.99167,0,0,0,0,3062.413889,0,0,0,1206.116508,0
724.96386,410.2943515,0,367.1412218,0,0,0,0,724.279198,0,0
771.35279,1869.504407,0,0,0,0,4259.902138,0,0,0,0
1151.09537,0,0,695.1884902,591.3121778,1619.436263,298.5783307,0,5559.245266,0,438.2251094
1073.05789,0,0,65.68229845,0,0,0,0,0,0,0
845.50847,0,372.9473495,0,0,0,0,0,0,0,0
839.10479,739.5868536,1048.626462,1647.114217,215.9481641,1355.706489,975.314042,686.1411471,395.3352576,0,1308.364797
473.25689,0,178.9149013,108.5233426,0,266.4830512,0,318.4867052,411.5604356,0,0
1334.95621,0,0,181.9899631,0,0,0,0,308.3566678,0,0
397.2891,0,0,0,0,0,117.031674,0,0,0,0
1175.06263,0,190.143369,437.5239665,0,0,0,562.9024791,389.8150094,0,0
1163.11006,0,0,381.2602675,0,0,0,0,0,0,0
1215.0358,0,0,0,70.2238574,0,0,0,0,0,0
765.03678,1868.847518,0,0,0,0,502.6349712,0,0,0,0
639.41671,3299.263032,0,929.7497694,0,0,1220.859632,0,2026.683519,0,0
867.47616,0,276.7867858,0,521.4329102,191.2912543,0,756.5135752,115.8018073,0,468.5662969
1412.98613,0,1410.745459,0,0,0,0,761.5926478,0,0,0
1073.16557,0,0,138.219713,0,0,0,0,0,0,0
741.08198,0,0,0,59.49382815,0,0,0,0,0,0
1160.95429,0,0,167.9461806,0,0,0,0,0,0,0
839.01239,0,0,0,0,0,0,352.6557085,0,0,0
785.09769,1040.41567,382.9757358,375.4143881,1748.606855,402.6780382,268.8810136,0,0,0,1495.922188
865.14074,0,89.39196104,2763.887878,0,0,0,0,4146.934855,0,0
1073.16541,0,0,0,0,0,0,156.4340192,0,0,0
921.14467,0,0,130.4651693,0,0,0,0,0,0,246.9074531
615.05354,0,0,0,0,0,0,117.6855758,0,0,0
915.14137,0,0,103.8936022,0,0,0,0,0,0,0
571.2194,0,0,4852.475708,0,0,0,0,1571.634457,0,0
782.92266,0,0,0,0,0,0,0,115.3730345,0,0
1447.02179,0,0,0,0,0,0,0,0,0,0
1237.13472,0,100.8110621,1704.67117,1760.912773,0,0,0,743.9487985,0,1949.523531
1181.80327,6320.307712,1740.654381,0,0,0,1397.934211,0,0,0,0
855.03532,0,112.7888588,0,0,0,0,0,0,234.1079172,0
1055.0426,210.4791033,0,0,0,0,0,0,0,0,0
707.3756,0,104.7287672,0,0,0,0,0,0,0,0
404.8155,1027.021813,331.7812021,1161.003201,0,0,1427.837659,2305.920676,0,0,1769.2955
913.0369,0,0,0,0,1581.103993,0,0,0,0,0
875.55487,0,0,0,115.6204395,0,0,0,0,0,0
493.04828,0,0,0,0,0,0,0,0,0,127.4648359
707.39531,0,87.68397718,0,0,0,0,0,0,0,0
397.11072,0,0,93.88549125,0,0,0,0,0,0,0
459.06764,0,0,0,59.3394043,0,0,0,0,0,0
1089.00771,411.1098589,0,0,0,0,0,782.7605971,0,0,0
753.03642,0,0,0,0,769.1424479,0,0,124.9677734,525.7686255,0
1092.96131,0,0,687.2025282,0,0,0,0,503.2007269,0,0
595.39553,0,0,90.42352292,0,0,0,0,0,0,0
745.14006,0,0,117.2686497,0,0,0,0,146.4862292,0,0
830.87823,0,0,225.8231337,0,0,0,0,0,0,0
443.18928,0,0,0,0,0,0,0,0,0,0
873.02445,356.1615044,1414.847728,0,0,0,466.4706004,874.4037748,0,0,0
1023.6201,0,0,322.8401286,0,0,0,0,659.8982397,0,0
1048.97826,0,0,0,0,1086.493186,0,0,0,2093.678272,0
807.2505,0,0,227.8081055,0,0,0,0,0,0,0
995.55181,359.5925747,0,0,0,0,0,0,0,0,0
459.06827,0,0,0,0,0,0,0,0,103.6365418,0
891.04686,0,0,743.2594401,81.92564455,0,0,0,0,1138.351421,142.7054844
847.22046,0,0,0,0,6994.650304,0,0,0,3900.8521,0
1265.30423,0,0,0,0,8148.064887,0,0,0,2470.244735,0
765.06161,0,0,0,0,0,0,0,0,0,0
1095.14592,0,0,0,0,0,0,0,0,243.458022,0
1379.02562,0,0,2633.987298,0,0,0,0,1902.929156,0,0
1123.03473,856.948562,0,0,0,0,627.4306641,0,0,0,0
775.4266,148.9356506,0,0,0,0,874.8284333,0,0,0,0
828.99525,0,0,0,0,531.932118,0,0,0,156.961999,0
851.55881,0,0,1929.329563,236.3359571,820.4067708,0,0,2503.349375,361.7988564,690.3274688
739.23384,1879.49758,0,0,0,0,739.8148387,0,0,0,0
1147.13528,0,0,0,0,0,0,0,146.6714671,0,0
455.09776,0,0,0,0,0,0,0,0,0,0
1305.742,1786.973901,292.806365,0,0,0,3133.437603,508.8981281,0,0,0
976.87874,0,327.5853024,0,0,0,0,296.3000077,509.7511868,0,0
501.07902,0,0,0,208.4451612,0,0,127.8844369,96.79175114,0,198.5886094
575.93656,0,0,1511.516629,0,0,372.7475843,0,717.1301672,0,0
1248.99768,0,0,2123.629517,0,0,0,0,1299.15803,0,0
551.08942,0,143.0297702,368.337104,0,0,0,105.9045772,0,0,0
775.39235,701.118985,0,0,0,0,0,0,0,0,0
1281.02323,0,0,0,0,0,0,0,0,0,0
893.15927,0,0,207.6844076,0,0,0,0,0,0,0
1021.05902,0,0,0,0,304.8674046,0,0,772.333119,0,0
753.03455,0,0,0,0,0,165.417262,0,0,0,0
935.03162,0,0,0,0,1660.441406,0,0,0,0,0
925.05975,0,79.74823258,185.3175592,0,0,0,0,0,0,0
893.15582,0,162.6653326,0,0,0,0,0,0,0,0
683.06505,0,0,0,0,0,0,0,248.0536863,0,0
593.07471,141.8927769,508.3484471,2074.236003,0,1094.595399,0,180.3672455,1576.400316,0,0
950.97554,838.1825221,0,183.2456733,0,0,0,5464.255376,150.1369907,0,0
591.31051,2177.913233,0,0,0,0,5450.791222,0,0,0,0
1187.71837,4890.946419,617.6639906,0,0,0,4602.866391,328.9936281,0,0,0
767.12853,0,0,0,0,0,0,0,0,152.8684754,0
1142.92725,0,0,0,0,0,227.1660413,0,0,0,0
1011.07866,0,0,0,71.92206545,0,0,0,139.4949194,0,0
1039.57702,0,0,0,291.5267579,0,0,0,227.7340412,0,0
950.9919,0,0,0,0,389.5648871,0,0,0,0,0
473.0379,0,0,0,0,0,0,0,0,0,126.5613594
817.11828,0,0,221.9765897,70.31910645,1560.319358,0,578.4679185,0,318.3013474,0
795.06175,0,290.2976419,208.0564101,0,0,0,576.2415687,277.8960394,0,0
933.33871,5814.713185,0,0,0,0,3844.121685,0,0,0,0
1205.81691,467.5622581,135.8687452,0,0,0,439.2936883,0,0,0,0
547.27195,0,59.89067892,0,0,0,0,0,0,0,0
585.26571,0,0,0,0,0,0,135.0640373,472.7419403,0,0
615.04823,0,0,0,0,0,0,0,0,0,0
893.1161,0,0,0,63.5361865,0,0,0,0,0,0
410.03708,1118.461664,0,217.9534641,0,2509.306076,0,0,215.9809879,0,0
785.01678,0,0,0,0,0,0,0,182.5177635,0,0
427.27873,459.447352,0,0,0,0,646.6387747,0,0,0,0
496.9993,0,0,0,0,276.6962022,0,0,0,252.1615999,0
663.05987,0,0,0,703.3821387,0,0,0,0,0,922.7277344
938.99623,0,431.1775666,0,0,0,0,0,0,0,0
506.98715,0,0,0,0,0,0,0,0,8415.475826,0
641.06244,0,0,0,63.05186525,0,0,0,0,0,0
658.87352,0,0,0,0,0,0,0,0,0,0
903.05928,0,0,0,0,2016.535156,0,0,0,0,0
1293.33414,0,0,0,0,6200.339735,0,0,0,2661.724454,0
626.11624,0,0,2853.909315,0,0,0,449.0741414,3059.743387,0,0
573.07431,0,0,0,0,0,0,0,0,0,0
647.10028,0,0,0,345.4777735,0,0,0,0,0,398.856875
637.02681,0,0,268.8237576,0,0,0,0,0,0,0
1221.16069,0,216.9209583,378.4870606,42.54941895,0,254.6850329,0,1642.893505,0,297.0662187
517.06205,518.9861381,268.014918,0,217.2760547,0,0,262.1226988,196.4770075,0,0
525.11613,0,0,0,0,0,420.2504883,0,0,0,0
573.07446,0,0,0,0,0,0,0,0,0,0
685.43356,0,0,1548.107747,0,0,0,0,2907.260866,0,0
504.98803,0,231.4091977,0,0,0,0,0,0,0,0
1114.9685,0,0,0,0,0,271.2505911,0,0,0,0
689.11441,0,0,0,0,0,0,0,158.4823106,0,0
783.34402,1660.938693,0,0,0,0,1168.379857,0,0,0,0
563.31566,3165.477772,0,0,0,0,692.2084189,0,0,0,0
1039.52081,4516.457965,0,0,0,0,2455.245528,0,0,0,0
700.97495,0,509.3232841,0,0,0,0,0,0,0,0
950.99155,0,0,0,0,0,0,0,0,0,0
1413.03548,0,3509.942617,0,0,0,0,932.7283803,0,0,0
532.033,0,138.2308282,0,1047.851992,0,1714.98309,258.5581103,0,0,3044.543984
760.98249,372.2924157,958.4772816,1132.913303,0,0,595.4291221,4564.246442,1021.075851,0,0
469.25941,569.3109444,0,0,0,0,0,0,0,0,0
876.97877,0,492.3990606,266.9350315,0,0,0,0,0,0,0
1100.91379,0,230.9194006,0,0,0,0,0,0,0,0
1141.05301,0,0,91.50444201,0,0,0,0,102.1106297,0,0
679.35256,110.5173361,487.7984687,0,416.6106738,0,0,837.5488474,134.9652517,0,272.9066562
685.01239,0,0,0,118.8611035,0,605.1237408,0,0,0,0
878.97958,0,0,0,0,0,0,0,0,0,0
1144.89012,0,382.7424811,0,0,0,0,609.5013924,0,0,0
947.04293,0,0,0,0,0,0,410.759785,0,0,0
631.35184,0,0,0,0,0,0,0,318.5796084,0,0
835.01115,0,132.4534006,156.6275635,0,0,0,0,135.1395125,0,0
471.22927,171.290791,0,0,0,0,742.931435,0,0,0,0
829.08984,0,459.4665453,963.1431207,0,222.1752387,0,0,2192.308977,2164.84426,0
414.94828,0,0,0,0,0,0,0,0,406.5607167,0
1245.73626,0,385.1144555,0,0,0,0,0,0,0,0
431.03419,0,659.4969804,0,687.5466797,0,0,666.7946318,373.7417178,0,495.9397187
1141.05426,0,0,0,0,0,0,0,103.008993,0,0
412.10002,0,0,0,112.8197754,0,0,0,0,0,0
572.04467,1395.692755,364.8849693,2083.50331,0,257.4917101,0,573.2658377,2644.87542,0,0
984.86369,0,53.12597057,0,0,0,0,0,0,0,0
863.04652,272.9379321,0,542.1587593,183.5043555,585.8457357,1008.60092,0,1276.818285,367.5857677,223.3251094
1537.13849,0,0,2764.316488,0,244.7743707,0,0,2295.524154,0,0
1290.9551,0,0,554.1485731,0,0,0,0,766.9311956,0,0
817.01403,0,0,0,0,1249.607292,0,0,0,2751.615461,134.226125
454.00827,242.9369815,148.9301189,113.7759671,632.2814063,0,1090.789577,680.9016476,0,0,646.4194375
1039.57703,0,0,0,0,0,0,320.8858679,0,0,0
843.06769,0,0,0,0,0,0,0,340.8749135,0,0
829.00372,0,130.3474406,0,0,0,0,0,0,0,0
731.40071,2925.804757,113.0549751,0,0,0,0,0,0,0,0
875.065,0,0,0,0,0,0,0,0,0,0
591.28104,231.709572,0,0,0,0,291.0132864,0,0,0,0
1114.96652,72.26156319,0,0,0,0,0,0,0,0,0
728.96961,0,0,0,0,0,0,0,0,0,0
1353.71183,0,0,0,4704.437524,0,0,0,0,0,365.6704063
1199.6447,0,0,0,0,0,294.0325092,0,0,0,0
733.09716,0,0,1211.165961,0,0,0,0,1625.143011,0,0
551.0914,0,86.65348804,0,0,0,0,0,0,0,111.8895782
635.3487,585.2808352,0,0,0,0,0,0,0,0,0
753.21506,0,0,0,0,0,0,206.4207148,0,0,0
1393.84851,0,2773.530076,0,0,0,2010.792198,1271.484162,0,0,0
1231.011,0,0,0,0,0,0,0,0,0,0
404.04581,0,299.4175853,1645.332635,0,1137.309288,0,0,1986.438551,0,0
835.01552,0,1740.419083,934.2189671,0,184.7757596,346.0318925,0,995.1859796,0,0
1002.99995,0,124.5811086,0,0,0,0,257.8340038,0,0,0
665.08251,0,0,0,0,525.4831814,0,0,0,0,0
847.24572,0,0,114.2879774,0,5999.717187,0,0,0,6560.231997,0
933.01394,0,0,333.9203017,0,159.9810113,0,80.43826384,0,0,0
1302.99303,0,0,825.2450358,0,0,0,0,1523.320906,0,0
792.08587,0,845.7030052,1470.804769,0,0,0,601.1263924,2935.241916,0,0
469.25882,0,0,0,0,0,0,0,0,0,0
880.96119,0,0,187.6386583,0,0,0,0,0,0,0
979.56053,0,0,163.963406,1185.684268,0,0,0,3167.268369,0,583.6283282
551.09215,0,0,0,0,151.9814237,0,0,0,0,0
993.09587,461.3303374,0,0,0,0,0,0,0,0,0
946.97883,2527.056088,142.1957079,0,269.5259766,0,3969.413908,0,0,0,0
562.9575,0,107.4659461,0,0,0,0,0,0,0,0
765.062,0,0,0,0,0,0,0,0,0,0
632.97581,0,265.0105685,0,2215.936934,0,0,122.7008045,0,0,0
1107.00492,0,2594.867295,0,0,0,0,974.2872641,0,0,0
639.2841,1181.422428,0,152.7520888,0,0,714.3650288,0,0,0,0
929.02015,0,139.7169407,209.7052138,0,0,0,211.9789991,329.4086111,0,0
565.98826,0,0,0,0,939.7894966,0,0,0,1662.605412,0
651.07243,911.0153226,754.4581098,0,514.4382325,0,156.8653886,186.5052792,174.6915175,0,0
803.47349,339.1439436,865.7951017,146.4609647,928.8260059,0,2688.933902,417.0509456,879.6579559,0,604.2688906
857.07937,0,0,5306.378472,0,0,0,0,0,0,0
947.04564,0,0,0,0,0,0,0,177.8149847,0,0
871.37948,352.2372442,0,0,0,0,312.1920745,0,0,0,0
1247.13145,0,0,666.1622858,1927.965552,137.4246637,0,0,1385.412245,0,1434.838297
751.92846,172.5830511,0,0,0,0,0,0,0,0,0
504.96335,0,0,0,0,1749.956597,0,0,0,3207.025476,0
749.08898,0,0,0,0,0,0,0,0,0,0
580.07083,0,0,0,0,0,0,0,0,0,120.177711
551.08976,0,0,0,0,0,0,0,0,0,0
591.27605,0,0,79.033705,0,0,0,0,0,0,0
590.95432,0,0,0,0,275.4913194,0,0,0,3462.005576,0
811.08485,735.4205441,142.8888516,0,2357.672647,0,0,0,0,0,1013.718078
849.01756,0,0,0,0,0,0,271.9082805,0,0,0
471.22872,0,0,0,0,0,653.8371711,0,0,0,0
947.0459,415.7201673,0,0,0,0,0,0,0,0,0
1123.04249,0,0,335.6727024,0,0,0,168.4377901,402.8304613,0,0
1199.80818,0,0,59.47903781,0,0,0,0,0,0,0
653.10231,0,286.898114,0,0,539.1054688,0,212.0549196,148.2746489,765.1431301,0
1432.94264,0,0,0,0,0,0,0,78.36265082,0,0
1205.65241,0,0,0,0,0,265.3746145,0,0,0,0
835.00685,0,122.2791291,0,0,0,0,0,0,0,0
1091.01813,0,181.8095404,3596.854221,0,0,0,0,1072.589152,0,0
947.0137,3316.180206,0,1121.530368,444.809375,0,1043.520456,373.368077,688.5979406,0,0
439.99981,0,0,1614.548109,0,226.5556641,0,3800.001354,275.8332303,0,0
669.03669,0,0,0,0,0,0,0,191.4331487,0,94.29435936
900.23555,0,0,0,0,5700.297613,0,0,0,3303.951087,200.8726094
771.06361,0,0,0,0,0,0,0,0,159.8157835,0
1231.008,104.5597086,0,0,0,0,0,0,0,0,0
429.29459,0,0,1909.910441,0,0,0,0,3563.278042,0,0
1001.68188,0,0,0,0,0,0,0,106.8066901,0,0
775.38387,0,0,0,0,0,746.6860608,0,0,0,0
773.0462,0,369.5310104,0,0,0,0,0,0,0,0
923.48067,813.1841296,0,0,93.8473926,0,612.9730675,0,0,0,0
910.94075,0,0,496.9581706,0,0,0,0,0,0,0
758.03163,0,685.1483417,3115.129937,0,0,0,0,1305.390032,0,0
909.13865,105.6558179,212.7114947,625.8453505,398.6203907,0,0,0,611.5533896,0,101.9652344
752.98411,0,1470.882861,0,0,0,0,0,0,0,0
415.04845,0,0,79.21692569,0,0,0,0,0,0,0
863.0776,0,1809.084955,785.9381713,0,0,0,2073.686166,343.0493102,0,0
782.94102,0,0,0,0,0,0,0,211.6687228,0,0
504.98813,88.19450878,0,0,0,0,0,0,0,0,0
1180.84712,0,0,1345.229506,0,0,0,0,1000.949553,0,0
847.09898,0,0,146.2289361,706.8732471,0,0,0,117.474152,0,230.9392188
863.22205,0,0,0,0,470.8156033,0,0,0,487.84542,0
589.27021,922.6015712,0,0,0,0,0,0,0,0,0
1033.62625,0,210.6693108,0,0,0,0,0,0,0,0
1037.02762,0,0,219.2034099,0,0,0,0,0,0,0
1267.86945,0,0,128.1090766,0,0,0,0,0,0,0
773.08677,0,0,0,1910.328589,0,0,0,171.929465,0,1741.274719
797.3518,5765.20036,0,0,0,0,1615.635845,0,0,0,0
861.04259,0,0,294.0827637,0,0,0,0,0,0,0
739.09844,0,0,0,0,0,0,0,0,195.1790223,0
743.08455,0,0,421.2308485,0,864.1286892,0,0,240.2333861,360.2138248,0
1231.0086,0,0,95.38288035,0,0,0,0,0,0,0
667.14606,0,0,0,0,0,0,0,0,0,0
1309.7324,0,0,0,4286.914941,0,0,0,0,0,359.5638281
841.55544,0,0,651.3556858,0,0,0,0,153.525403,0,0
442.98525,0,0,0,92.28027345,0,0,9060.791112,0,0,0
953.04548,0,0,0,0,197.2144314,0,0,0,0,0
1259.7372,859.9764934,0,0,0,0,0,0,0,0,0
891.03996,0,321.9066094,0,0,0,0,439.97722,0,0,0
430.92286,0,0,0,0,0,0,0,114.6777344,0,0
703.00192,0,0,0,0,171.9791341,0,0,0,0,0
835.00567,0,185.0120663,0,0,0,0,0,0,0,0
995.50072,2276.750484,0,0,0,0,5635.204436,0,0,0,0
562.21341,218.9790688,0,0,0,0,0,0,0,0,0
922.97226,0,0,2665.250217,0,0,0,0,0,245.1869339,0
817.00477,0,0,0,0,0,0,825.6550897,649.2378856,0,0
777.07163,0,0,0,0,0,0,0,0,0,0
534.9566,0,0,0,0,0,0,146.3655921,0,0,0
966.92826,0,0,0,0,0,0,846.1039217,0,0,0
643.34772,0,0,0,0,0,483.0270354,0,0,0,0
999.10683,0,153.6012989,0,0,0,0,0,0,0,0
711.34166,145.6955372,0,0,0,0,0,0,0,0,0
972.96598,189.9575843,0,0,0,0,216.376285,0,0,0,0
945.0073,0,0,0,0,481.7963324,0,0,0,0,0
1077.77524,0,0,162.2642551,0,0,0,0,0,0,0
867.56367,0,462.6412721,0,1821.452378,203.5034722,1270.768246,0,439.989913,0,251.3358438
1058.94061,0,1094.533227,0,0,0,345.967208,1738.263846,0,0,0
673.1532,0,0,97.4101291,0,0,0,0,0,0,0
1021.06049,0,71.54639571,0,0,0,0,0,0,0,0
721.03341,0,0,0,0,0,0,0,0,0,2013.386125
1327.87562,0,0,110.246833,0,0,0,0,0,0,0
856.01314,3519.549295,1130.694546,0,0,0,3425.83234,0,0,0,0
1209.0289,719.1361137,175.7292825,0,0,0,760.5897667,0,0,0,0
727.00659,0,0,0,0,2726.58099,0,0,0,4819.332258,0
440.91216,716.770672,311.3205641,407.926812,0,0,0,0,657.0349214,0,0
754.10324,0,0,0,276.880918,0,0,0,0,0,1140.170047
703.05471,0,0,0,0,0,1056.936266,0,0,0,0
896.98778,0,456.0139236,0,0,0,0,274.1881768,0,0,0
1015.0765,0,0,886.5006782,0,2113.684071,0,0,2576.06873,0,0
1011.05283,0,0,0,0,0,0,0,111.9942519,0,0
659.34584,259.8514242,0,0,0,0,0,0,0,0,0
900.139,0,139.7122915,0,1621.03916,649.1585287,0,0,205.5239691,0,3192.536719
711.3435,130.5334624,0,0,0,0,0,0,0,0,0
841.38443,4382.36259,0,0,0,0,3722.013466,0,0,0,0
745.00821,0,0,623.3518881,0,893.3488716,0,684.1417852,407.6789705,0,0
775.38545,0,0,0,0,250.9652343,0,0,0,0,0
1243.02575,0,1479.321271,0,0,0,0,671.1148669,0,0,0
931.07446,0,128.3273821,0,0,0,0,0,0,0,0
1051.06552,0,0,595.1719292,0,0,0,0,0,0,0
1110.94414,0,199.3331696,0,0,0,0,0,0,0,0
441.11015,329.6922013,0,0,0,0,0,0,0,1343.910553,0
871.40367,200.0206547,0,0,0,0,367.561395,0,0,0,0
610.14544,803.7554619,233.8508196,0,0,305.488303,462.4879729,681.0228186,0,0,411.0296562
445.28878,3883.260095,0,0,0,0,6481.637747,0,0,0,0
1265.64496,1530.34133,1001.457606,0,0,0,2775.080592,1713.751798,0,0,0
649.22221,0,0,0,0,4702.058464,0,0,0,2249.763021,0
757.08178,0,0,0,164.447876,0,0,0,0,0,0
449.01541,0,2315.712208,263.6442058,0,0,0,1049.068785,244.4794798,0,0
597.08983,0,0,0,353.0751416,0,0,173.7008045,0,0,95.5809844
802.93019,0,0,0,0,0,0,0,0,0,0
715.42511,729.2389899,254.2786618,0,0,0,1046.033254,0,169.1480666,0,0
563.27407,632.0555344,0,0,0,0,1042.63014,0,0,0,0
783.08297,0,0,0,0,0,0,0,0,0,0
1270.98991,440.99319,509.1221002,0,0,0,0,0,0,0,0
1582.98376,0,462.6490366,0,0,0,0,0,0,0,0
969.07629,0,0,0,0,0,0,0,208.9130489,0,0
877.49846,2967.520638,0,0,118.7579785,0,4380.62942,196.7535002,0,0,0
627.29995,0,0,0,0,297.7478949,0,0,0,451.4344146,0
890.27309,0,0,2594.241618,0,611.0635851,0,0,1816.635384,668.6362658,568.7774375
649.9841,0,0,0,0,3555.177474,0,0,0,288.9660893,0
1315.0268,0,0,0,0,0,223.4757658,0,0,0,0
897.06067,0,0,0,0,0,0,0,0,0,0
629.39591,175.861985,0,0,0,0,294.6066766,0,0,0,0
748.0283,0,0,0,0,286.8316189,0,0,0,0,0
523.278,0,0,0,0,0,0,0,160.2143864,0,0
851.03988,0,0,0,0,0,0,0,0,0,0
851.03927,0,0,0,0,0,0,0,0,0,0
847.08837,0,0,0,302.28896,0,0,0,0,0,0
691.02479,0,120.3721842,0,0,0,0,0,162.4731631,0,0
1278.92653,0,0,146.9316542,0,0,0,0,163.3698947,0,0
795.20531,0,0,801.8865424,0,0,0,0,0,0,0
1055.70175,3394.798647,1390.937752,0,0,0,3081.600329,113.4233447,0,0,0
875.10487,0,0,0,207.9663184,0,0,0,0,0,229.427875
823.22507,0,0,2804.665243,0,0,788.628932,0,2720.216031,0,0
663.01799,0,1202.540452,693.3481445,0,448.7626737,655.0617291,1159.653581,659.5534019,572.2071445,0
561.20071,0,0,0,0,0,0,0,88.7011719,0,0
855.40103,194.4163786,0,0,0,0,0,0,0,0,0
523.27926,0,0,0,0,0,0,0,0,0,0
515.34117,315.344545,0,0,0,0,0,0,0,0,0
375.03062,0,100.8223615,0,0,0,0,0,0,0,0
863.06031,0,1645.439297,865.7134467,0,0,0,377.7354289,857.2499506,0,0
763.23261,0,0,0,0,0,0,0,0,0,215.78175
408.93383,0,0,0,0,243.6994792,0,0,0,5785.457682,487.4726406
586.99548,0,0,320.9398329,0,0,0,0,0,0,0
895.11754,0,148.586255,0,0,0,0,0,103.1210505,0,0
895.55716,0,0,0,541.4945703,451.1830729,0,0,1998.180775,0,235.6534844
500.03776,0,583.6312188,0,0,0,0,408.2811534,0,0,143.1617813
555.05707,0,200.0531298,1111.979492,0,996.575434,0,2030.51052,521.4463509,1118.743942,0
1249.06023,366.5982785,111.7694474,0,0,0,1334.031815,0,0,0,0
643.34453,0,0,0,86.54396485,0,0,0,0,0,0
717.15431,0,0,0,0,0,292.5701839,0,0,0,0
1026.36905,0,0,2233.452691,0,400.4430121,0,0,2622.846914,0,351.594125
835.05525,0,0,1189.998332,0,493.3020617,0,0,171.3671628,0,0
811.33041,192.897072,0,0,0,0,0,0,0,0,0
891.04237,0,0,291.9763455,0,0,0,0,0,0,0
915.42843,110.7939453,0,0,0,0,294.1049547,0,0,0,0
890.97531,0,206.616181,0,0,0,0,0,0,0,0
795.20346,0,205.7032149,398.2674425,0,0,0,0,0,0,0
1095.06155,204.9353222,0,0,0,0,0,0,0,0,0
436.05104,0,0,0,53.0383301,0,0,0,0,0,0
717.16069,0,0,0,0,133.1194553,0,0,0,0,0
891.04105,0,0,0,0,0,0,0,0,0,0
1412.98328,0,0,778.2637262,0,0,0,0,631.4423952,0,0
489.00742,0,736.4881734,133.9806586,0,418.3276476,0,394.2407952,365.4067816,0,0
489.00633,0,797.8551691,0,0,0,0,868.167698,0,223.7616622,0
529.17213,0,0,934.5242513,0,323.9318142,0,0,0,0,0
1261.86959,0,0,0,0,0,0,0,0,0,0
863.16313,0,0,0,0,0,0,0,115.8781398,0,0
854.96601,0,154.0943371,0,0,0,0,0,0,0,0
1247.15841,0,0,0,96.3967285,0,0,0,117.311202,0,0
563.24567,0,0,0,0,0,375.3217259,0,0,0,0
563.14288,619.6943273,0,0,0,0,0,0,0,0,0
397.01739,0,160.8289039,0,0,0,0,0,0,0,0
583.25889,0,100.3577813,1359.302328,0,0,0,0,1491.350326,0,0
970.86834,0,2208.479798,0,0,0,0,3398.664043,0,0,0
591.07974,0,0,0,368.9102442,0,0,0,0,0,0
1086.98375,0,0,0,0,0,0,0,2599.260606,0,0
703.14454,0,906.4623514,0,0,0,0,5127.375677,0,0,0
680.00377,0,0,0,0,3502.822136,0,0,0,3582.264267,0
455.02579,126.7698337,0,695.9988742,0,0,0,610.5436843,435.8479282,0,0
653.03643,0,0,208.8673503,0,0,0,955.0446705,207.2326197,0,0
891.06358,0,0,197.9682888,0,0,0,0,0,0,0
391.00917,0,0,0,0,0,0,0,0,0,0
797.36723,3493.311653,0,0,0,0,3672.131425,0,0,0,0
785.39341,164.5549295,0,0,0,0,0,0,0,0,0
749.04031,0,0,0,2398.803145,0,0,0,291.8999456,0,296.8623438
944.94317,0,0,0,0,0,0,0,0,0,0
1039.06991,0,0,0,0,3112.05714,0,0,0,492.3918139,0
529.07202,517.6638724,0,0,227.2482032,2106.500803,535.1027961,943.222811,0,0,498.0238125
991.01635,0,0,284.4171821,0,0,0,0,0,0,0
593.97959,0,0,0,0,0,0,0,105.409192,0,0
428.95736,0,0,117.3707411,0,0,0,0,0,0,0
891.04358,0,0,0,0,256.1727431,0,0,0,0,0
674.95334,0,0,0,0,230.3967882,0,0,0,181.6606374,0
1290.92697,0,0,0,0,0,0,0,615.3401899,0,0
911.48861,99.52720549,0,0,0,0,0,0,0,0,0
391.00837,0,0,0,0,0,0,99.30686297,0,0,0
1009.03175,0,187.6014906,1551.078179,0,0,0,0,2758.903506,0,0
517.05168,0,0,0,0,0,191.5837274,0,0,0,0
575.10143,0,0,0,0,183.3541883,0,0,0,0,0
787.0003,0,0,0,140.412334,0,0,0,0,0,0
875.10231,0,0,0,181.006211,0,0,0,0,0,0
598.94876,163.5294351,0,0,0,619.6430121,0,0,0,0,0
1053.06669,0,0,444.7912598,0,182.9509982,0,0,177.4561536,0,0
633.26288,1346.88652,0,0,0,0,1929.542403,0,0,0,0
935.02915,0,109.1105852,0,0,0,0,0,0,0,0
937.14836,0,0,0,0,0,0,0,555.92991,0,0
512.06547,0,0,0,0,200.7253689,0,0,0,0,0
781.00632,0,210.5287817,485.874349,0,0,0,552.6318456,164.287369,0,0
607.05896,0,0,0,0,500.1348524,0,0,0,0,0
873.60579,0,277.0412193,0,0,0,0,0,0,0,0
905.03491,102.6365719,0,0,0,0,0,0,0,0,0
635.25389,0,93.22285994,0,0,0,0,0,131.9207377,0,0
497.01561,0,0,0,129.9003321,0,201.2283743,0,201.6485364,0,0
1318.89743,0,0,0,0,0,0,0,177.7577013,0,0
783.24513,148.2842056,0,0,0,0,334.0075812,0,0,0,0
935.03376,0,0,0,0,0,0,0,69.70258108,0,0
779.41849,0,0,0,0,0,0,0,0,0,0
481.03586,0,0,0,307.9561572,0,0,0,0,637.9265738,104.7202813
595.01847,814.052596,0,0,169.3837744,0,0,0,0,693.8268796,0
949.48168,0,0,0,48.22771973,0,0,0,0,0,0
758.96654,0,0,0,0,0,1440.588199,0,0,0,0
873.09038,0,0,0,91.50291015,0,0,0,0,0,0
416.93193,0,0,0,0,0,0,0,0,261.1541554,0
801.14703,0,0,0,0,0,0,621.825089,0,0,0
679.27463,549.3339671,0,0,0,0,0,0,0,0,0
1237.69229,0,0,174.0065783,0,0,0,0,0,0,0
905.99658,0,0,0,0,0,0,333.312384,0,0,0
381.07883,0,97.36557589,215.0206706,0,0,0,0,0,0,0
1129.05055,0,0,0,0,0,0,0,0,0,0
605.05336,0,0,0,0,0,131.8581286,0,0,0,0
1281.11273,0,0,3251.452013,0,295.3165798,0,0,1401.719801,0,0
645.40501,1907.269963,0,0,0,0,2113.496968,517.0314917,89.02077975,0,0
1009.55849,0,0,0,0,0,342.703125,0,0,0,0
457.05067,0,107.5275235,0,100.6060791,203.3564237,0,0,0,0,85.28219528
582.15911,0,0,0,0,0,0,0,0,0,141.2437969
725.32442,485.6356212,0,0,0,0,241.972682,0,0,0,0
651.08414,0,149.3647072,901.8020833,952.7456348,179.5632379,0,213.0945622,588.6434929,0,1789.343406
907.47354,0,0,0,0,0,449.5064762,0,0,0,0
811.17693,0,0,0,0,0,852.1261821,704.6470452,0,0,0
619.04747,0,0,0,2263.663594,951.5654297,0,0,0,292.2862601,0
792.99631,0,223.1726658,302.6362033,0,0,0,2555.110883,0,0,0
917.57965,0,0,0,0,0,0,0,2158.535873,0,0
875.52827,0,0,167.684489,0,0,0,0,0,0,0
437.04189,0,0,0,0,0,0,0,0,0,93.31770312
759.40043,0,109.465395,363.9185791,0,0,0,0,802.869289,0,149.4211718
671.39519,0,248.9269315,0,0,0,0,0,0,0,0
411.11621,552.79888,0,0,0,189.4409939,324.2075453,0,0,0,0
1085.14586,0,0,0,112.6668457,0,0,0,342.9196005,0,0
847.40934,166.9583276,0,0,0,0,0,0,0,0,0
771.05204,0,0,0,0,0,0,242.9613823,0,0,0
1247.1319,113.4960159,104.0809289,1487.62207,1143.523711,144.9944879,0,149.4968672,1547.13908,0,625.6237187
737.22569,0,0,0,0,0,0,0,0,536.7078239,0
409.14904,0,0,0,1241.331094,0,0,0,0,0,763.621625
867.00726,0,571.8985813,263.6623264,0,0,0,0,275.0035849,0,0
795.20336,0,0,0,0,0,0,0,0,0,0
1293.69277,0,203.5344852,0,0,0,731.2928403,0,0,0,0
774.98694,0,0,0,0,0,0,0,0,0,0
679.36359,0,0,0,0,0,0,0,0,0,0
1079.01092,0,0,0,0,0,0,0,919.1290052,287.94452,0
944.98671,0,176.8742691,0,0,208.5732204,0,0,0,0,0
795.20665,0,0,0,0,0,0,0,0,0,0
586.93061,0,0,0,0,151.2524197,178.3606986,0,0,0,0
855.52539,0,0,0,0,0,234.1392372,0,0,0,0
484.05681,0,0,0,0,0,0,0,0,0,0
771.05033,0,0,0,0,0,0,0,0,0,0
891.05833,0,0,0,0,556.0916232,0,0,0,344.6745358,0
623.02358,0,0,269.4819336,0,0,0,258.6318843,0,0,0
683.19809,0,0,1663.693658,0,0,0,0,0,0,0
951.58428,0,0,0,0,322.1447266,0,0,156.2569966,0,0
1225.0015,150.5053235,1693.940663,0,0,0,0,206.1877514,0,0,0
1163.02273,0,2608.583793,0,0,0,101.3725265,525.0807937,0,0,0
1197.04622,0,0,0,0,0,0,0,711.7107892,0,0
1089.1314,0,65.55769509,120.1567383,57.48194335,0,0,0,111.0735389,0,0
519.31191,2155.19234,0,0,0,0,3923.590255,0,0,0,0
596.96045,0,0,0,0,0,0,0,0,0,126.370789
1079.12227,0,0,494.2679308,0,0,0,0,336.3595234,0,0
919.00991,0,0,0,0,829.6809896,0,0,0,1685.801857,0
811.02127,0,0,0,0,481.1086371,0,0,0,534.9073823,0
592.04657,0,0,263.2875163,0,2749.536372,0,0,0,3943.633039,0
989.46405,2231.268632,0,0,0,0,3055.773052,0,0,0,0
787.06812,0,369.3047953,393.9481337,0,829.0549044,0,406.1237624,733.5513993,0,0
965.11237,0,0,335.7524278,0,4873.94694,0,0,357.0140674,1204.922158,0
701.29955,0,0,0,0,0,0,0,0,0,0
861.54013,0,79.36507264,0,0,0,0,0,0,0,0
789.41874,0,0,120.8941922,0,0,0,0,0,0,0
683.29265,0,0,0,0,0,0,0,142.6684385,0,0
1079.01679,0,1127.610082,0,0,0,0,0,223.8765575,0,0
607.06078,0,0,0,659.7325001,0,0,0,0,0,0
586.06687,0,0,0,0,0,5349.60732,0,2643.982991,0,0
742.95241,0,0,0,0,0,0,0,0,675.1522306,0
1221.27847,0,0,0,0,5341.1176,0,0,0,1316.632048,0
915.03231,0,0,511.0313042,0,1614.172222,0,0,0,808.8015172,0
410.9275,0,0,1432.525336,0,0,0,0,2772.760334,0,0
760.96331,299.2975664,1606.01203,0,0,0,0,3266.776918,0,0,0
1126.97306,0,1303.007968,0,0,0,0,1395.281675,172.119462,0,0
1435.7653,3337.173154,0,0,0,0,1741.773129,0,0,0,0
709.43373,333.8869953,0,0,0,0,191.7579025,0,0,0,0
591.0771,0,0,0,0,0,0,0,0,0,0
1395.04947,0,0,3128.373468,0,0,0,0,2083.243819,0,0
595.07275,0,0,0,209.5174805,0,0,0,0,0,0
707.99573,0,0,0,0,0,277.0554842,0,0,0,0
1033.49823,3960.954076,0,0,0,0,1922.287675,0,0,0,0
491.07191,0,230.875018,280.234687,0,0,0,0,234.6649031,0,0
687.01283,313.5469096,0,0,0,0,405.2177221,0,0,583.8387681,0
674.95441,0,0,0,0,0,0,243.0784441,0,0,0
1435.04174,0,0,0,0,0,0,153.9973701,0,0,0
944.99874,0,0,0,0,455.7059679,0,0,0,0,0
835.12157,0,0,217.8677707,0,0,0,0,0,0,0
1472.97651,0,0,0,0,0,0,0,162.5785206,0,0
457.11556,0,102.1613904,0,0,0,0,0,0,0,0
626.87702,0,231.8048193,373.5373942,0,0,0,166.120881,199.7409761,0,0
857.05008,0,0,0,0,0,0,927.4089573,0,0,0
907.04231,0,0,0,0,0,0,151.0216197,0,0,0
477.11547,0,0,0,136.5804785,0,0,0,0,0,0
972.93329,0,0,0,0,0,0,0,344.2511373,0,0
907.04146,0,0,96.94765896,0,0,0,0,0,0,0
661.31084,1649.176853,0,0,0,0,0,0,0,0,0
703.13156,0,0,512.7966851,0,0,0,0,285.2211728,0,0
541.24783,0,290.1709225,0,0,0,0,0,400.7310745,0,0
793.37001,773.2081289,0,0,0,0,2120.656815,0,0,0,0
1073.15657,0,0,0,0,0,0,0,0,0,0
601.0794,0,0,0,0,0,0,0,0,0,294.5278438
1091.03144,0,0,1013.254449,0,0,0,0,560.4248665,0,0
1305.73034,598.8991981,0,0,0,0,2060.29374,0,0,0,0
1279.95125,0,0,1623.515516,0,0,0,0,2435.453644,171.1923262,0
623.02183,0,0,0,68.71580565,0,246.1756271,0,0,0,0
921.48104,0,0,0,0,0,0,394.2117304,0,0,0
1085.13964,0,90.65837687,0,0,0,0,0,0,0,0
614.25301,0,0,484.5114475,2569.10207,0,0,771.732828,0,0,366.6095313
1089.13244,0,0,174.9943712,0,0,0,0,0,0,0
883.02721,1587.665376,276.2752709,0,92.97987305,0,3507.948499,0,0,0,0
595.24492,394.8018874,0,0,0,0,528.8505346,0,0,0,0
368.01196,0,0,0,0,0,0,0,0,0,0
413.03263,0,0,0,0,457.2304253,0,0,0,0,0
481.01164,0,0,188.9617513,0,0,0,0,0,0,0
715.4429,327.9474212,0,0,0,0,457.2603311,0,0,0,0
1039.68288,2667.95831,0,0,0,0,1663.753392,0,0,0,0
875.07091,0,0,0,0,0,0,323.2125232,0,0,284.0168906
1117.08681,0,0,0,36.40347657,0,0,0,0,0,0
595.04464,0,87.95280748,0,0,4786.584158,0,0,0,712.1763474,0
891.05939,0,0,0,109.7210449,463.7359809,0,0,0,0,0
381.08128,0,0,123.2625868,0,0,0,0,121.7686165,0,0
1293.69889,201.9401273,0,0,0,0,0,0,0,0,0
597.08835,0,0,111.512424,0,0,0,114.1257446,0,0,0
603.41488,0,598.9290045,0,0,0,0,0,0,0,0
831.5319,0,0,0,0,0,0,0,0,0,0
833.06183,0,79.60455209,0,102.593584,0,330.1693051,0,242.5183569,0,0
954.96109,0,0,0,0,0,0,0,189.552141,0,0
1431.90182,0,0,587.4025065,466.8538086,326.0317491,0,0,962.522943,1159.072662,479.8650938
824.98507,0,97.70265172,1792.147325,0,0,0,0,3362.570337,0,0
1023.54987,0,1059.876007,0,0,0,0,0,0,0,0
640.90059,0,2369.206019,875.234497,0,0,0,0,64.48211285,0,0
1091.00831,0,1365.529033,0,0,0,0,392.688931,0,0,0
963.01447,0,0,3023.055528,0,0,0,169.4540146,252.8662728,0,0
1281.11332,103.585635,1705.68889,0,0,0,0,2400.287603,332.7478738,0,0
1177.67735,0,0,0,0,0,1425.973196,0,0,0,0
1148.95682,0,152.0942533,220.4686415,0,0,0,0,0,0,0
849.1713,351.0565542,0,0,0,0,554.5966797,0,0,0,0
757.11188,123.6129269,0,0,0,0,0,0,0,0,0
813.09949,1231.221758,460.2375983,0,345.3739453,0,204.0268812,1949.668317,0,0,203.4465782
595.26451,0,0,0,0,0,1021.858835,0,0,0,0
441.23574,462.5063261,209.7509346,0,209.9163867,0,966.5901779,0,0,0,239.6064766
1673.13559,0,0,1804.050632,0,0,0,0,2594.56763,0,0
823.13746,0,0,0,85.6373926,0,0,0,0,0,0
880.99562,625.4337839,333.1801189,161.8846028,0,0,520.99044,0,244.7073527,0,0
1089.13207,0,0,0,54.7428125,0,0,0,0,0,0
481.01747,0,0,72.1045125,0,0,0,0,0,0,0
623.03732,0,399.9365174,1594.690267,155.2577783,1308.512326,0,0,0,443.9370188,0
481.01447,0,0,0,0,0,0,0,0,0,0
489.07841,0,301.2219074,0,0,159.5401259,0,158.1208327,109.6241223,0,421.3937579
695.28427,146.5219683,0,0,0,0,192.4122764,0,0,0,0
1166.86882,0,0,247.7228597,0,0,0,0,364.0044873,0,0
707.03826,0,369.0193156,1606.0271,0,0,0,0,920.765897,0,0
520.95688,0,0,0,0,0,0,477.1151377,0,0,0
589.11493,0,0,0,72.25416015,0,0,0,0,0,0
643.20332,0,0,0,0,0,0,0,0,333.7785043,0
683.33161,1770.04608,0,0,0,0,3999.335166,0,0,0,0
695.28235,0,0,0,0,0,370.4801604,0,0,0,0
961.15778,0,0,0,0,468.5518012,0,0,0,0,0
914.97506,0,0,673.363851,0,2578.282964,0,0,530.9896163,3337.874264,0
745.13001,0,0,0,0,0,0,0,0,0,102.2936406
673.14263,525.855365,0,0,0,0,0,0,0,0,0
1089.00218,0,0,943.774821,0,0,0,0,733.2659464,0,0
595.07767,0,0,148.8720839,61.73095705,0,0,0,0,0,0
843.1192,0,0,0,0,0,0,241.6271851,0,0,0
820.14607,0,0,0,0,0,0,0,0,0,121.8812969
461.08379,0,0,0,362.2122364,0,0,312.6372216,92.13969791,0,776.4905859
968.96394,0,441.8201328,0,0,0,0,0,0,0,0
1315.78952,0,0,0,0,0,0,0,0,0,0
1074.96051,0,0,0,0,0,0,0,0,0,0
673.12245,0,0,0,0,0,0,0,0,158.2189906,0
963.60977,0,0,96.12527806,509.471294,0,0,0,193.808056,0,134.8657656
845.55053,0,0,0,0,0,0,0,184.376916,0,0
874.06683,0,0,126.5217963,0,0,0,0,0,0,0
901.04484,0,138.4823739,258.4433051,707.7578125,0,0,0,353.7658228,0,0
493.19806,141.7237625,0,0,0,0,0,0,0,0,0
1003.02795,0,0,1704.490126,0,643.9170139,0,0,0,0,0
703.13424,0,0,0,0,207.2927083,0,0,269.4111699,0,0
665.29115,0,0,0,0,0,0,72.99075166,0,0,0
1053.00781,0,1502.194653,0,0,167.8717664,0,380.1912709,0,0,0
481.2624,0,332.828772,1545.365004,0,0,0,411.7035794,963.0667524,0,0
438.03271,303.6934112,0,0,0,0,790.82941,3291.368657,0,0,0
567.05333,0,327.4423289,1424.430196,791.9391993,0,175.3694491,174.7580252,920.310176,0,292.0775625
600.90843,0,0,0,0,0,0,0,0,747.3227043,0
707.04805,0,0,0,0,2504.439236,0,0,941.7524723,901.1104506,0
745.13097,0,0,0,0,0,0,142.4698136,0,0,0
378.07312,0,0,0,0,0,0,0,0,123.0573058,131.0347031
1633.39031,0,0,0,0,5161.423568,0,0,0,1718.879685,0
781.01056,0,0,375.3428277,0,0,0,0,0,0,0
455.24897,0,0,0,0,0,256.7010176,0,0,0,0
975.10728,2302.818619,473.9854893,0,0,0,386.8592979,1602.832979,0,0,0
801.14956,0,0,0,0,0,0,0,0,311.8042912,0
515.02665,0,0,0,0,0,0,131.9852936,0,0,0
769.29116,0,0,0,0,0,0,0,0,0,0
1265.70429,0,0,0,3472.759902,0,0,0,167.2751619,0,267.526125
760.99173,0,0,1220.164605,0,3341.960851,0,0,0,2937.803725,0
909.06137,0,370.1040788,0,0,0,0,0,0,0,0
1187.72929,344.8598935,172.0708038,0,0,0,0,183.6616259,0,0,0
1377.85275,0,0,475.4560005,1595.384658,0,0,0,974.2147944,0,0
1039.57047,288.9074945,0,0,0,0,0,0,0,0,0
498.00842,0,0,0,0,3878.16671,0,0,0,2490.080616,0
555.04356,0,0,1633.811774,0,1415.999566,0,1795.650371,70.61694025,0,0
839.03404,378.1333656,1288.045797,0,67.47223145,0,420.4623253,0,311.6320461,300.1997849,0
579.25987,0,0,135.6353624,0,0,209.2343364,0,117.889772,0,52.62948438
590.96512,0,208.6598687,566.7863227,0,1207.469249,0,0,697.472508,2124.606261,0
631.0812,0,0,0,0,0,0,0,156.8536454,0,0
711.11025,0,0,0,85.7847949,0,0,0,0,0,0
1116.00679,0,0,0,0,0,0,0,0,0,0
459.00798,0,0,0,0,0,0,0,0,0,0
1444.97366,0,0,356.7475858,0,0,0,0,1095.267158,0,0
543.28768,0,0,0,0,3765.794922,0,0,0,2834.320822,0
1055.53373,0,0,0,0,0,0,161.4372873,0,0,0
441.1107,0,123.3744248,0,0,0,0,0,0,0,0
979.00568,0,0,0,0,0,0,0,102.3206339,0,0
867.03107,0,0,0,0,570.0546441,0,0,0,567.5700861,0
1311.87146,1469.868795,369.7779548,0,0,0,2690.297852,107.7500097,0,0,0
847.09801,0,0,121.6285536,0,0,0,0,0,0,0
549.02722,198.0316994,0,0,204.3260059,2923.39375,0,0,0,795.63202,0
411.11704,0,0,0,0,0,0,0,56.90861106,0,0
604.97294,0,0,0,0,0,0,466.7821782,0,0,0
1303.69439,2885.793972,0,0,0,0,2740.534334,0,0,0,0
500.84299,0,0,258.3516439,0,0,0,405.4084932,0,0,619.3294375
460.01656,0,96.4924511,284.9634196,0,0,0,0,581.9146065,0,0
655.30999,305.9387099,0,0,0,0,840.544742,0,0,0,0
1271.05043,0,0,0,0,0,0,0,144.8727873,0,0
1085.01803,0,0,339.804796,0,0,0,0,293.2938835,0,0
431.0784,1352.192893,0,0,0,0,566.666838,0,0,0,0
819.40583,597.1687119,0,0,0,0,859.0381374,0,0,0,0
1373.01458,0,176.6655543,426.2868246,0,0,0,0,0,0,0
739.37636,2147.468145,0,0,0,0,375.0259561,0,0,0,0
465.0741,0,270.8868625,0,0,0,0,0,0,0,0
999.1244,0,0,625.1601426,0,0,0,0,669.606025,0,0
505.25673,4513.933265,0,0,0,0,1422.519557,0,0,0,0
525.26205,0,0,0,0,0,0,0,0,0,0
1257.97096,0,0,515.371799,0,407.0150824,0,0,504.4780953,0,0
1091.02844,0,419.5365582,0,0,0,0,0,0,0,0
1101.01748,0,0,0,0,0,0,0,0,0,0
755.40197,832.8082654,0,0,0,0,1224.035105,0,0,0,0
659.0142,0,0,0,0,0,0,103.4977954,0,0,0
735.38172,0,0,0,0,0,0,0,197.8538989,0,0
817.3885,0,0,0,0,0,154.9398,0,0,0,0
1215.05961,0,0,274.7445475,0,0,0,0,1905.684187,0,0
1265.01942,740.9515866,664.6910348,0,0,0,1029.415502,0,0,0,0
1033.72139,0,204.8754793,0,0,0,531.9348274,0,0,0,0
779.09632,0,0,0,0,0,0,0,0,0,85.90503904
893.12222,0,0,254.5407715,0,0,0,0,152.4271163,0,0
857.03861,0,0,0,0,0,0,0,0,0,0
955.48767,0,0,0,92.07036135,0,0,0,0,0,0
879.46498,0,0,0,0,0,0,325.4884359,0,0,0
849.05576,0,0,189.9789225,70.62936525,0,0,0,0,0,0
594.10718,0,0,0,0,0,364.3429791,0,0,0,0
744.98021,0,0,0,0,5120.070378,0,0,0,2246.966542,0
409.02304,95.14831655,384.502061,1215.04678,0,345.8421983,0,564.6112894,1324.483738,0,0
473.23842,0,484.7562908,706.1024645,0,168.4900173,368.1119707,746.6843673,401.7117039,0,0
400.27045,0,0,0,0,0,0,0,0,0,89.46667968
457.08605,0,74.23749638,129.8152533,245.2109131,167.5665364,0,153.3321183,304.8633739,0,138.5701875
919.54326,752.1583933,825.2825441,0,0,0,617.6085526,0,0,0,0
455.31895,0,0,0,0,0,0,0,0,0,0
1343.84966,0,0,703.8037652,341.7510157,607.0437067,0,0,707.7498022,0,295.4683125
877.53672,121.1683231,0,0,0,0,0,0,1202.825505,0,0
817.00599,0,112.6729414,0,0,0,0,0,0,0,0
1049.06692,0,0,655.0809463,0,167.7157987,0,0,0,0,0
523.03324,0,0,0,0,331.3793403,0,0,0,3865.223222,0
653.09983,0,276.8425278,0,0,0,0,0,178.8657165,0,0
635.0641,0,162.9814153,410.9912788,0,465.6390191,202.080425,542.4017443,518.558087,346.9886493,0
947.025,0,155.4534485,0,0,0,0,0,0,0,0
847.5225,0,0,0,0,229.4576172,0,0,0,0,0
733.25086,0,0,198.6449653,0,0,0,0,0,0,0
745.03186,0,430.0182611,455.4653863,0,0,0,0,0,0,0
405.98444,0,0,0,228.0584571,0,0,0,0,0,0
1219.04087,0,104.1069306,0,0,0,0,271.1578744,0,0,0
1297.77475,92.90594752,0,0,0,0,0,0,0,0,0
759.49875,0,388.9533167,436.9299249,94.0082129,0,0,400.1220413,0,0,0
979.52369,0,0,305.4259033,0,0,0,0,547.2131997,0,0
412.11236,0,0,0,557.4426368,0,0,0,0,0,203.7993906
637.08017,166.2508642,140.9826735,445.2661947,0,223.7389974,265.1857782,0,0,0,392.8918906
1333.04312,0,0,2091.137668,0,0,0,0,2111.735685,0,0
723.37837,2326.394393,0,0,0,0,0,0,0,0,0
931.08054,0,127.9166147,0,0,0,0,226.235806,0,0,0
907.02027,0,0,0,0,0,0,0,0,1485.618093,0
707.0277,0,0,601.1918945,0,0,0,0,0,0,0
567.04159,0,0,0,0,0,0,0,0,0,0
701.35538,3125.156804,0,0,0,0,0,0,0,0,0
792.91605,113.9624412,0,0,0,0,0,0,0,0,0
1033.05509,0,0,391.778456,0,2069.255534,0,0,600.9835097,1055.680593,0
917.12124,0,0,148.6608887,0,0,0,0,109.6266812,0,0
1318.98924,0,0,1429.105808,0,0,0,0,1296.661442,0,0
1297.00318,0,0,0,0,0,0,0,0,0,0
644.09627,0,0,0,0,0,0,0,0,3422.915478,0
843.04576,0,79.40162479,0,0,0,0,0,0,0,0
947.02627,0,0,0,0,0,0,299.1171005,0,0,0
717.10486,0,0,0,0,0,0,162.3001238,0,0,0
1187.72025,0,0,0,0,0,0,0,44.00108782,0,0
799.04978,0,0,328.9516873,0,0,0,348.3499381,0,0,0
628.01307,0,0,0,0,521.2361111,0,0,426.0390625,0,0
717.10608,0,0,0,71.539209,0,0,0,0,0,0
443.26762,511.3407252,83.61044742,638.8194173,0,0,0,0,539.1071994,0,0
885.07708,0,0,0,191.0187403,0,0,0,0,0,136.153875
797.50733,0,0,467.4795194,0,0,0,0,0,0,0
739.42288,0,0,0,0,0,1674.160516,0,0,0,0
944.97167,0,0,926.1574438,0,0,0,0,0,0,0
588.9995,0,0,331.5392524,0,0,0,1194.446434,1445.5759,0,0
495.15314,730.5650236,0,0,0,0,262.2178249,0,0,0,0
699.10725,0,0,0,316.6750196,0,0,0,0,0,0
507.32227,0,0,0,0,0,175.1671207,0,0,0,0
595.01732,0,0,0,0,0,0,0,0,0,0
895.05559,0,0,0,0,0,0,0,0,0,0
507.25473,1645.230106,0,0,0,0,1316.183003,0,0,0,0
547.99239,0,0,0,134.0636621,0,0,0,0,0,266.6274375
685.37308,0,0,0,0,0,0,0,266.4275613,0,0
907.19319,0,89.74845429,1532.831312,0,0,0,0,2783.208688,0,105.2382734
823.00752,0,0,0,0,0,0,198.6567142,0,0,0
671.4144,324.6031354,0,0,0,0,245.5053711,0,0,0,0
389.06086,0,0,0,0,0,0,0,99.50822658,0,0
460.17993,195.3650096,0,1311.69378,0,0,0,0,3211.855654,0,0
669.00538,0,104.603935,239.8578288,0,0,0,0,231.2917326,0,0
895.38684,0,0,0,0,0,0,0,30.1283747,0,0
1027.04802,0,102.3560918,0,0,1294.431684,0,0,0,0,0
497.17477,995.0865602,0,0,0,0,0,0,0,0,0
966.95008,123.1160467,0,0,0,0,0,0,0,0,0
374.03769,0,0,0,0,0,0,0,0,0,0
409.17175,376.7106265,0,0,0,0,0,0,0,0,0
501.2348,0,0,0,0,0,196.4973016,0,0,0,0
905.56608,0,0,0,0,0,0,0,0,0,0
745.0376,0,0,0,0,682.7849392,0,0,0,0,0
473.08197,113.2227341,306.6602102,124.7061225,0,370.049566,0,0,203.6186709,182.1795035,0
807.23395,0,0,0,0,0,0,206.437384,0,0,0
883.00366,928.1981126,0,0,0,0,0,170.9072169,0,0,0
489.02115,0,0,0,0,0,0,0,0,0,0
941.03228,264.625795,0,224.0074327,0,0,0,0,0,0,0
395.07503,0,0,0,0,125.4199328,0,0,0,0,0
775.36994,0,0,0,0,0,282.2238899,0,0,0,0
913.08387,0,0,376.6560737,0,0,0,0,224.8937648,0,0
1589.00486,0,953.2399288,0,0,0,0,0,0,0,0
681.3671,2900.406492,0,0,0,0,2431.162315,0,0,0,0
487.03863,0,1054.766272,0,0,0,0,430.7129679,0,0,0
827.43859,1347.334849,0,0,0,0,1640.477873,0,0,0,0
829.57938,0,0,0,0,0,0,0,0,0,0
1049.03946,0,136.7804831,0,0,0,0,0,0,0,0
842.95567,0,0,376.6337348,0,0,0,5871.082147,0,0,0
685.36709,0,0,0,0,0,299.777575,0,0,0,0
755.37465,1927.761874,0,0,0,0,0,0,0,0,0
857.08093,0,0,0,0,0,0,671.0484221,0,0,0
1006.84832,0,0,0,0,0,0,0,147.1444818,0,0
1118.89248,0,0,137.5859917,0,0,0,0,256.7940442,0,0
1215.05027,0,428.3777439,0,0,0,0,274.279703,0,0,0
461.06903,0,0,0,689.0376563,0,0,0,138.4860685,0,514.4630859
777.20823,0,0,270.4893053,0,0,0,0,120.5055627,0,0
821.03767,0,0,0,0,0,0,369.0499497,0,0,0
925.11877,74.00500381,67.70199264,0,0,0,0,0,0,0,0
715.36291,0,0,0,0,0,0,0,0,0,0
500.03451,0,0,0,0,0,0,0,0,0,0
965.09846,433.8876866,738.3367763,313.2167155,509.6069239,0,0,0,1586.520619,0,0
835.05893,0,0,0,0,0,0,0,231.7247825,0,0
883.51684,0,0,0,0,0,862.2721012,0,0,0,0
489.07813,0,94.75520037,0,82.98831055,0,0,0,82.34507266,0,337.3764062
549.056,85.53695381,818.8399037,173.7489149,0,998.3057292,0,574.697111,985.091562,415.241961,0
895.02281,210.2896502,0,0,0,0,380.8220343,1230.914024,0,0,0
671.23565,0,0,0,0,0,0,0,0,0,0
749.37255,847.2883884,0,0,0,0,404.5920538,0,0,0,0
604.07288,0,712.7645705,592.6239963,0,0,0,0,1018.201469,0,0
1257.97079,0,0,0,0,0,0,721.5920869,0,0,0
652.97535,0,0,0,0,3789.417665,0,0,0,0,0
879.15214,0,2130.806593,0,0,0,0,1566.708868,0,0,0
969.08941,0,0,0,0,0,0,0,0,0,0
703.50831,472.0665445,0,0,0,0,487.5982216,0,0,0,0
469.05503,0,0,0,0,0,0,0,0,0,0
763.07468,0,0,0,0,1370.254861,0,0,0,0,0
1048.99977,0,125.2320264,0,0,0,0,0,0,0,0
595.00443,0,0,397.9388021,0,0,0,0,0,0,0
575.07689,0,0,0,0,0,0,0,0,791.8277287,0
950.95725,0,0,1526.124973,0,0,0,0,3014.410577,0,0
719.3789,3797.749274,456.0111736,0,0,0,1908.22407,291.9321337,0,0,0
851.08734,253.9052388,0,0,900.2804248,0,172.6370014,0,0,0,95.59028128
491.00226,0,371.2006806,113.2122599,0,0,0,620.4885907,110.3391391,0,0
461.08352,0,0,96.53934056,0,130.8722006,0,404.8421934,0,182.8359941,126.3982656
952.89452,0,0,293.7870551,0,0,0,0,543.1389191,0,0
699.10779,0,0,0,0,0,0,0,0,0,94.60456248
813.03105,0,458.8982458,0,0,0,0,0,0,0,0
910.96839,0,0,0,0,0,0,0,412.3283475,0,0
909.13874,0,0,434.3827853,0,0,0,0,0,0,0
992.86167,0,172.881782,0,0,0,0,433.545386,0,0,0
801.24662,0,0,266.3340115,0,0,0,267.4193611,0,0,0
857.05087,0,0,0,0,0,0,593.6159499,0,0,0
1091.00611,0,0,686.2970513,0,0,0,0,622.2848349,0,0
819.47699,4326.810046,0,0,0,0,1464.735609,0,0,0,0
1057.26849,0,0,0,0,4372.645964,0,0,0,921.6511267,0
1255.0917,0,0,0,254.7125782,0,0,0,0,0,0
879.57447,452.0131015,0,0,0,0,0,0,0,0,0
820.07106,111.1457498,2006.195193,792.3512234,0,0,928.9076378,0,918.0139315,0,0
689.36952,0,133.2141607,0,0,0,0,0,0,0,0
482.88648,0,0,0,0,0,0,0,0,312.8087352,0
703.42003,0,0,0,0,0,0,0,222.1172864,0,0
762.98339,0,0,1357.188043,0,0,0,0,648.9620253,442.5535836,0
376.04991,0,0,0,0,0,0,0,0,0,421.5925313
1249.05491,0,0,0,0,0,0,0,121.7088855,0,0
827.0411,0,0,0,0,0,0,0,0,406.9429065,0
979.55272,559.7194414,2116.29346,0,168.0155664,0,0,870.969833,0,0,0
766.99132,3092.736345,0,0,0,0,686.0435341,325.7762995,0,0,0
758.92889,0,0,154.6388075,0,137.3798502,0,0,136.1361996,0,0
481.02835,0,0,0,0,756.1505209,0,0,118.5201988,0,0
1225.14586,0,0,114.4444987,0,0,0,0,0,0,0
797.06208,0,0,0,0,270.0841797,0,0,0,0,0
635.07722,0,346.7412888,0,275.0579297,735.1107206,0,0,787.3415866,237.5396852,0
473.05055,0,0,0,0,0,0,0,123.9020223,0,0
827.03778,0,0,0,0,0,0,199.2326152,0,0,0
657.27691,0,0,0,0,0,0,0,0,0,0
857.10437,0,0,0,0,0,0,0,0,1666.990716,0
382.06344,0,0,0,0,0,0,100.1120727,0,0,0
1049.067,0,148.6578317,0,0,0,0,0,0,0,0
913.06656,0,0,0,0,481.8102213,0,0,249.6275465,494.4479591,0
793.01105,0,0,0,0,0,261.4527395,0,0,0,0
823.04974,0,0,0,0,0,0,674.3725925,0,0,0
1249.0548,0,59.50051524,0,0,0,0,0,0,0,0
1673.17312,0,0,0,1064.99627,1853.4685,0,0,198.8105345,0,1170.782211
803.47947,398.6051231,1794.310415,0,0,0,0,0,243.2755884,0,0
1061.63729,0,0,0,0,0,0,0,589.3771756,421.0898438,0
799.0529,0,0,0,0,0,0,0,0,0,0
1027.61696,341.4513965,0,0,0,0,0,0,0,0,0
854.99868,0,0,334.8874783,0,0,0,0,0,0,0
1114.99242,0,0,233.6925185,0,0,0,0,217.820535,0,0
623.21401,0,0,0,0,0,0,0,0,0,0
993.12368,0,0,0,0,559.8291232,0,0,0,0,0
897.10872,0,0,0,76.5291797,0,0,0,0,0,0
801.10591,0,0,0,0,0,0,0,0,0,0
797.06449,0,0,0,0,0,0,0,0,0,0
893.13414,0,0,215.829305,79.29595705,0,0,0,1328.010742,0,0
1057.73426,3317.293427,532.7345967,0,0,0,2224.161043,0,0,0,0
575.08762,0,0,0,0,0,0,0,0,0,0
1064.9683,0,129.8121406,0,0,0,0,0,0,0,0
1219.02846,0,0,370.0480957,0,0,0,0,444.9820016,0,0
932.9424,0,132.352629,0,0,0,0,0,0,0,0
1521.16013,0,0,0,65.20742675,0,0,0,0,0,0
890.34576,369.5240943,732.331504,0,0,0,551.344778,1233.931428,0,0,0
452.05713,0,0,1626.044088,0,0,0,0,2534.132157,0,0
1379.0659,0,0,1439.761583,0,0,0,0,2923.956586,0,0
641.31843,594.3529453,0,0,0,0,284.0923622,0,0,0,0
609.09581,0,0,0,84.26947265,0,0,0,0,0,0
389.09474,0,0,281.8362697,0,0,0,0,160.7744202,0,0
805.38396,394.7055102,0,0,0,0,773.5122584,0,0,0,0
1048.98295,0,0,1485.063965,0,0,0,0,215.4285008,0,0
742.05617,0,0,0,0,0,0,0,0,427.5713316,0
704.99835,0,109.8337328,0,0,0,0,0,0,0,0
1494.91783,0,0,74.42767333,0,0,0,0,0,0,0
843.26757,0,0,0,0,0,0,136.3215888,0,0,0
597.94364,0,0,539.7100694,0,0,0,0,3102.884345,0,0
783.08553,0,0,418.738661,909.0969238,0,0,0,331.1545008,0,205.7941641
759.00259,0,0,0,0,1228.097136,0,0,0,1237.569407,0
1037.03732,0,438.3065328,0,0,0,0,194.995475,0,0,0
609.09885,0,0,0,185.2547364,145.6736328,0,0,0,0,252.6277344
601.05416,0,0,0,0,509.9398438,0,0,0,528.5637455,0
389.13291,0,52.35374329,83.98339167,0,0,0,0,75.21867582,0,102.9648282
667.31596,0,0,0,0,143.472385,0,0,0,0,0
889.53136,0,0,0,0,0,0,0,0,0,0
739.37533,0,0,0,0,0,503.6120991,0,0,0,0
392.02939,0,0,0,0,0,0,0,0,335.9984714,0
663.02691,0,509.0039302,0,0,0,0,0,0,0,0
539.05547,0,0,0,483.7483692,0,512.8993626,785.3214342,0,0,1265.618734
759.3986,0,0,0,0,0,0,154.6278814,0,0,0
781.37464,0,0,0,0,0,307.8821958,0,0,0,0
577.22544,131.2434319,0,0,0,0,0,3685.167465,0,0,0
829.26908,0,1060.61146,0,350.1840625,0,0,495.4267868,1306.313217,0,0
401.15046,0,69.59699724,1720.560954,0,0,0,0,3112.360352,0,0
610.98369,1238.080493,0,0,0,0,447.9464946,0,123.1480914,0,0
751.38381,0,0,0,0,726.0073568,0,0,0,255.2585201,0
813.03075,0,0,0,0,240.6626519,0,0,0,0,0
1009.02399,0,0,0,0,0,0,0,0,0,0
1217.67374,2528.218785,411.205857,0,0,0,2070.912649,601.5618618,0,0,0
529.29345,2654.654833,238.25544,0,0,0,844.7863641,0,90.09037532,0,0
813.03524,0,0,0,0,0,0,0,0,0,0
575.07717,0,0,0,0,0,0,0,0,0,0
881.10668,0,0,0,0,1053.706467,0,0,0,274.0261265,0
851.06721,0,0,0,0,266.64273,0,0,0,0,0
1009.04094,0,0,0,0,0,0,333.9295328,0,0,0
707.02167,0,0,0,0,0,0,0,0,0,0
835.067,0,0,479.0575087,0,0,0,0,0,0,0
965.01474,0,2063.940987,0,0,0,0,1626.144725,0,0,0
775.36867,0,0,0,0,0,141.8881193,0,0,0,0
663.03722,651.6424052,0,0,411.1520313,0,1186.984272,0,0,0,313.1102031
376.0516,0,0,0,0,0,0,0,0,0,0
1293.85736,3408.675773,605.832906,0,0,0,1474.002827,129.2010751,0,0,0
655.03739,0,0,0,0,0,0,0,0,0,0
805.10021,0,0,0,0,0,0,0,123.0348596,0,0
644.07872,0,0,0,0,0,0,0,0,6543.054631,0
1089.05578,0,1267.918969,0,0,0,0,360.2411239,180.3491891,0,0
1164.86678,0,0,0,0,0,0,0,0,0,0
541.96452,0,0,0,188.0862501,0,0,0,0,0,0
981.06094,0,0,104.5603841,0,0,0,0,0,0,0
1373.01336,0,82.97124834,0,0,0,0,0,0,0,0
427.11075,0,0,0,0,0,0,0,0,0,116.4213203
498.02303,0,0,0,0,0,0,0,0,3105.125396,0
803.43259,0,0,0,0,0,0,0,127.6704658,0,0
627.24267,0,0,0,0,0,323.6735197,0,0,0,0
729.01031,0,0,0,0,0,0,0,0,285.4479733,0
1039.55259,0,0,0,257.1003907,0,0,0,0,0,0
475.02035,0,0,0,0,0,0,0,0,0,0
1243.05731,3129.307418,0,0,0,0,2762.392553,573.1947324,0,0,0
944.96345,0,0,0,0,0,0,0,0,0,0
461.23388,614.1872407,0,0,0,0,1069.975972,72.97601621,0,0,0
805.09759,0,0,0,59.9149756,0,0,0,0,0,0
801.10068,0,0,0,0,216.2059244,0,0,0,0,0
1407.02323,0,0,328.7341308,0,0,0,0,0,0,0
883.01394,2578.312275,0,0,0,0,1535.058439,0,0,0,0
1234.95007,0,0,0,0,0,0,0,223.709998,0,0
977.08796,0,0,0,121.68375,0,0,0,91.19170911,0,0
745.11479,0,194.7426488,0,74.2401953,0,0,0,0,0,0
763.08312,0,157.8068563,394.2687175,0,0,0,0,0,0,0
1070.97326,770.0324599,188.0415428,0,0,0,517.5699784,0,0,0,0
999.53268,575.1414374,0,0,0,0,147.7312912,0,0,0,0
837.39508,288.9854984,0,0,0,0,0,0,0,0,0
960.94957,0,545.2124952,703.8384739,0,0,0,972.4376934,932.1554589,0,0
913.08421,0,0,0,0,0,0,0,0,0,0
408.00549,0,0,196.8664958,0,0,0,0,0,0,0
429.31809,0,158.6800709,0,0,0,0,0,0,0,0
464.89201,0,385.7026098,589.214586,0,0,0,1015.708984,0,343.7743149,0
663.05858,0,0,0,0,0,0,0,0,0,484.3056406
1092.94325,0,0,0,0,0,0,0,110.8620204,0,0
733.14748,0,0,0,0,0,0,0,158.5764809,0,0
768.94901,1448.153035,308.4644723,0,158.1281006,0,1031.119629,159.0520189,250.9763956,0,0
557.29993,253.5301784,238.444282,0,0,0,798.4249332,226.5018371,63.88777563,0,76.63232031
1033.72269,0,0,0,0,0,0,0,0,0,197.2469844
855.49057,0,0,0,126.07375,134.8399957,0,0,0,141.550852,0
489.01706,0,103.1712639,0,0,0,0,0,0,180.9750057,0
661.30715,2654.511944,0,0,0,0,2020.402472,0,0,0,0
577.25308,3631.24364,0,0,0,0,1963.978516,0,327.0746885,320.0578012,0
489.17737,0,72.70638423,0,207.9471387,0,0,0,0,0,0
827.35105,1299.62462,0,0,0,0,2541.71397,0,0,0,0
933.95222,0,0,0,133.734751,0,0,224.454324,0,0,0
1161.04618,0,0,133.8477241,0,0,0,0,0,0,0
769.42805,652.7934181,0,0,0,0,2850.490337,0,83.27143494,0,0
633.24616,0,0,132.5844456,0,0,0,0,0,0,0
765.08854,0,0,0,0,356.2548177,0,0,1871.228553,0,0
850.96256,0,0,0,0,305.2494358,0,0,0,0,0
652.98229,0,0,0,0,0,0,0,0,0,0
1163.02629,0,1301.770238,183.8849962,0,0,0,718.7974164,200.6463608,0,0
1283.14329,0,0,576.1927897,76.14126955,0,0,0,0,0,0
879.06227,0,0,541.9944933,0,0,0,0,499.0361946,0,0
1357.17311,0,0,103.884196,0,0,0,0,0,0,0
426.01739,0,0,0,0,0,0,482.2912283,0,0,0
455.07242,0,0,0,0,0,0,0,0,0,108.3726718
961.57805,0,0,0,0,0,272.0018246,0,0,0,0
793.004,0,0,122.8739149,0,0,0,0,0,0,0
809.01373,0,0,0,0,0,0,0,0,0,0
389.99668,0,652.969445,1138.434842,0,0,0,465.9670869,1658.788865,389.0377038,0
1161.77867,0,0,98.41155326,90.66447265,0,0,0,0,0,184.2646562
966.96465,0,0,0,0,0,202.544138,0,0,0,0
1357.17719,0,0,77.46991646,0,0,0,0,0,0,0
709.06883,0,0,0,231.7388477,1738.237825,182.0478001,0,0,637.6616564,325.446375
719.44374,0,0,0,0,0,0,0,251.4044452,0,0
967.586,367.4694068,371.0554783,0,0,0,0,0,0,0,0
387.13881,0,163.779207,1191.418118,0,0,0,249.4291653,1638.565813,0,0
636.05758,0,0,3420.250543,0,0,0,0,0,0,0
835.07252,0,0,504.831109,58.05838865,521.5361546,0,0,191.9623715,0,0
469.0798,0,191.4390218,1023.272637,0,0,306.2898592,0,540.5234128,0,0
799.0166,0,0,0,0,0,0,0,105.1146163,0,0
795.90171,0,0,409.2292617,0,0,0,0,872.082124,0,0
951.00915,769.9064573,0,0,0,0,761.2462993,0,0,0,0
799.01612,0,93.41092313,0,0,0,0,0,0,0,0
977.09147,108.8382796,0,0,0,0,0,0,0,0,0
537.27272,1485.624914,0,0,0,0,3373.733013,0,0,0,0
609.09682,0,0,0,0,0,0,135.0855218,0,0,0
1393.80714,2984.483026,189.3417849,0,0,0,3338.497327,0,0,0,0
852.00966,0,0,0,0,0,0,0,0,0,0
453.20132,721.6715293,85.56130178,160.7612847,0,0,1256.282278,0,365.0147226,0,0
963.55321,4604.81651,227.2558953,0,0,0,1947.604235,0,0,0,0
413.00966,1133.504045,656.2870015,0,0,0,0,608.410427,0,0,0
723.03594,0,0,0,0,0,0,292.828009,0,0,0
1051.63186,0,690.3531442,0,0,0,0,0,0,0,0
875.06298,0,0,0,0,0,0,0,0,0,138.5476406
863.09495,0,0,0,0,0,0,242.1173036,0,0,0
863.09485,0,0,167.9629178,0,0,0,0,0,0,0
412.13339,0,0,0,0,1294.482411,0,0,0,539.4785157,0
663.29227,0,0,0,0,0,0,0,0,0,0
611.3022,0,0,0,0,0,190.8872584,0,0,0,0
503.26761,0,0,0,0,0,1024.820621,0,0,0,0
807.10371,0,0,0,0,0,0,0,0,0,0
907.02061,882.9539892,0,0,0,0,354.9890008,0,0,0,0
625.08185,0,0,0,98.83132815,0,0,0,0,0,0
1270.98187,0,0,0,0,0,0,0,105.894865,0,0
879.0381,0,0,0,0,0,0,128.0513421,0,0,0
901.41634,308.1740182,0,0,0,0,443.9811883,0,0,0,0
687.05502,0,254.2660803,0,0,0,0,413.4869276,1408.238331,0,0
975.01064,0,71.25727331,0,0,0,0,1709.283261,0,0,0
545.08757,0,0,0,0,798.2478299,0,0,0,0,0
477.0571,0,0,0,0,0,0,0,0,660.3973619,0
1026.33001,0,0,0,508.4031446,0,0,0,0,0,3424.050844
489.0786,0,183.3536174,100.9648166,0,0,0,0,0,0,0
811.00755,0,66.03700755,0,0,0,0,103.1067063,0,0,0
383.98097,0,0,0,0,1373.478125,0,0,0,1401.550498,0
531.08685,331.621716,156.1164925,324.6353353,706.1947462,182.6181423,410.1987304,234.6214419,447.7485661,0,345.0138282
544.95024,0,0,0,0,1443.864714,0,0,0,1332.269701,0
739.27587,0,0,0,0,0,0,426.9803914,0,0,0
763.07894,0,0,0,0,0,0,252.1484955,0,0,0
794.88935,0,0,0,0,0,0,0,0,0,0
657.0824,0,0,0,331.2102442,0,0,0,0,0,146.3754375
751.39266,0,0,0,0,0,0,0,0,0,0
521.0249,0,86.35056798,0,0,0,0,0,0,0,0
715.02618,0,0,0,0,0,0,0,0,0,0
1057.10403,0,85.79180049,312.8554823,0,0,0,290.846409,558.2706438,0,0
1391.04706,0,0,0,53.12021485,0,0,0,0,0,0
667.12551,0,0,537.0563558,0,0,0,0,0,0,0
745.11266,0,98.1266416,261.4213324,497.3449658,0,0,0,275.3914656,0,247.5189297
567.0506,0,150.6138204,459.358629,441.6383985,0,347.9051707,493.9125349,938.0071326,0,368.116625
833.45439,0,0,0,0,0,3273.312705,0,0,0,0
815.41156,2026.960557,0,0,0,0,0,0,0,0,0
1026.26622,0,0,216.4796549,262.3419532,1962.47053,0,0,663.8025737,465.3252943,881.288625
1268.94716,0,0,0,0,0,0,0,346.2558594,0,0
680.99913,0,0,0,292.9495313,0,0,0,0,0,0
963.57828,0,0,0,0,0,0,0,942.9497627,0,0
952.89442,0,0,0,0,0,0,0,0,0,0
1138.86863,0,0,184.8410169,0,0,0,0,70.36389316,0,0
895.53417,0,0,0,0,0,0,0,884.1249011,0,0
1287.08147,0,0,2058.354384,0,0,0,0,1786.275205,0,0
461.08368,0,0,0,0,519.7865668,0,0,0,179.2723336,0
913.06497,138.6998842,0,0,0,0,0,0,0,0,0
783.02789,0,277.9942964,250.2454699,0,0,0,189.0340153,177.2468107,0,0
477.05343,0,0,0,45.86263672,0,0,0,0,293.3673574,0
915.03246,0,0,0,0,0,794.5177582,0,0,0,0
738.97687,0,0,0,0,0,0,0,0,835.0632359,0
935.56619,0,0,236.3543294,0,0,0,0,1650.747676,0,0
775.36097,941.4975803,0,0,0,0,0,0,0,0,0
597.04241,0,0,0,0,1539.68125,0,0,0,287.8575917,0
447.04556,0,248.3345475,0,0,0,0,0,0,0,0
1075.57638,475.0143979,0,0,0,0,616.3856908,0,0,0,0
673.22449,921.8678269,0,0,0,0,4575.668213,0,0,0,0
767.01218,409.4508781,0,0,0,0,1009.396613,0,201.1698106,0,0
457.22615,0,0,0,0,0,140.7590204,0,0,0,0
783.3066,0,0,0,0,0,0,0,0,0,0
833.00333,363.4088773,0,0,0,0,293.4821649,0,0,0,0
995.53947,0,0,0,0,0,0,0,0,0,0
511.19963,0,0,108.8308919,0,0,0,0,0,0,0
650.97243,0,166.2389763,0,0,0,0,0,0,0,0
895.43255,0,0,237.996365,0,0,0,0,0,0,0
972.98179,0,0,111.5638903,0,0,0,0,0,0,0
651.06717,0,0,0,0,0,0,0,112.1672147,635.6605526,0
895.46679,1370.945071,519.3654621,0,0,0,1337.282972,174.819365,0,0,0
659.28536,0,0,0,0,4801.848177,0,0,0,568.4790535,0
507.27924,294.3844373,0,0,0,0,0,0,0,0,0
831.54998,0,0,0,108.1552246,0,0,154.8695177,1076.658463,0,0
749.03454,0,126.0966258,214.0734863,243.5035694,191.8299479,0,0,0,251.2544158,0
949.12121,307.6799641,124.8916315,0,0,378.9850151,0,784.3165611,0,0,216.741625
867.02161,0,0,0,0,0,0,263.4743386,0,0,0
657.33421,0,0,0,0,0,0,0,0,0,0
569.3184,130.7638965,0,0,0,0,0,0,0,0,0
396.9685,0,0,0,0,0,0,0,0,0,0
539.2177,0,0,0,0,0,376.9350586,0,0,0,0
517.06276,0,0,0,0,0,0,0,0,0,0
393.06617,0,0,0,100.9456446,1084.505013,0,0,0,306.0514323,0
795.19445,0,0,2471.270983,0,0,0,0,383.251298,202.1274061,0
805.32318,0,0,0,0,68.00925564,0,0,0,0,0
481.06282,883.9368778,0,0,649.0259229,0,0,0,0,0,312.9175469
577.37707,2413.239215,0,0,0,0,0,0,0,0,0
1115.64807,3408.469078,235.6737203,0,0,0,1588.425524,451.9262259,0,0,0
661.3531,0,0,0,0,0,1052.334087,0,0,0,0
680.99913,0,0,271.6374512,0,0,0,0,0,0,0
406.93348,0,0,0,0,479.8788194,0,0,0,1027.354761,0
855.49205,0,0,0,0,0,0,0,0,0,0
459.07968,0,0,0,0,0,0,0,0,0,0
811.43589,2299.761754,636.807126,0,0,0,553.8677014,0,0,0,115.9546562
1256.97199,0,0,217.0236817,0,0,0,0,0,0,0
793.04409,131.7438122,0,644.8181017,0,0,419.1385818,564.2584024,0,0,0
755.07742,0,0,0,306.9665821,0,0,0,0,0,0
608.92099,354.2514173,0,0,0,0,222.0689762,0,262.7283178,0,0
529.08371,0,154.821379,0,0,0,0,0,0,0,0
801.51681,625.5389934,0,0,0,0,0,0,0,0,0
591.02944,0,0,0,118.7204297,0,0,0,0,0,214.7231562
557.22624,0,0,0,0,0,0,0,0,1207.958531,0
1027.67111,0,0,84.67780222,923.7567921,0,0,0,474.9067011,0,157.6512969
949.12399,0,0,387.3712022,315.3028907,0,0,0,386.1147028,0,0
799.0876,0,0,158.9148492,190.1781641,0,0,0,143.7676523,0,0
1039.05927,0,0,0,0,2145.841276,0,0,0,441.7968184,0
801.23685,0,133.871621,2583.815579,0,248.3431858,0,0,943.1076691,0,0
421.07789,0,232.5918568,632.2709418,0,0,0,579.610574,113.7226563,0,0
802.89109,0,0,0,0,0,0,0,111.540311,0,0
551.02833,0,106.7842575,246.6431478,0,0,0,0,0,0,0
932.97305,0,0,346.8984917,0,0,0,0,235.7953175,0,0
621.11322,0,0,0,0,0,0,408.3369624,0,0,0
703.18062,0,0,2137.86556,0,0,0,0,935.3299792,0,0
717.11847,0,116.8615678,0,0,0,0,0,0,0,0
922.96937,0,0,0,0,0,0,119.3974513,0,0,0
427.30044,1039.844286,0,0,0,0,5624.408435,0,0,0,0
1377.83344,1375.701673,0,0,0,0,0,282.0885288,0,0,0
785.06606,0,0,0,0,0,0,0,199.5316703,0,0
898.99617,0,327.9766104,0,0,0,0,0,0,0,0
895.50269,0,0,243.4028049,278.8849023,428.1136719,0,0,1424.822562,0,0
389.09457,0,0,75.41374375,0,130.3211914,0,137.3034789,0,0,0
441.23505,0,0,0,0,179.8161783,0,0,0,0,0
698.99633,0,0,0,0,0,0,0,1326.717094,0,0
761.25187,0,0,307.8982748,0,0,0,0,0,0,0
967.51009,543.4939592,0,0,0,0,267.4738128,146.2681776,0,0,0
1121.64693,0,0,0,0,0,332.2262284,0,0,0,0
789.2977,0,0,185.5531684,0,0,0,0,402.9241248,0,0
651.31192,680.0067063,0,0,0,0,497.6694593,0,0,0,0
1435.02429,0,0,0,0,0,0,0,336.1824935,0,0
919.06748,0,0,0,219.1886817,0,0,0,0,0,0
1027.09842,0,119.720811,1286.036838,0,0,0,0,1090.644482,0,0
817.06571,0,0,187.35102,0,0,406.9840666,462.7072633,596.9883925,0,0
890.36486,0,0,1022.906277,537.4206446,728.3532118,0,0,0,0,468.432
460.04426,0,0,0,0,0,0,0,65.12468481,0,0
867.00472,0,0,185.5323893,0,0,0,960.3332109,0,0,0
803.08313,0,0,0,0,0,0,0,77.72724854,0,0
1379.08039,0,0,0,0,0,0,0,147.6673878,0,0
523.10934,0,0,0,80.817583,0,0,0,0,0,0
1219.02985,0,0,516.7142469,0,160.6245226,0,0,0,0,0
873.48886,0,201.6961033,0,0,0,0,0,265.8547023,0,0
787.50419,0,0,0,0,0,0,0,56.45123986,0,0
833.48639,1996.193169,227.1697901,0,0,0,4054.208059,0,0,0,0
499.00034,0,161.3982458,0,0,0,0,542.2065091,0,0,0
437.25126,0,0,0,0,0,0,0,0,0,0
993.08321,0,0,0,0,418.0949653,0,0,0,0,0
1115.55961,184.1972311,0,0,0,0,0,0,0,0,0
667.35896,149.615822,0,0,0,0,699.8672775,0,0,0,0
792.08384,0,0,0,0,0,0,320.2625889,0,0,0
601.33398,0,0,0,0,0,0,210.1043665,0,0,0
739.00823,0,0,0,0,0,0,0,0,0,0
1204.8236,0,0,80.16090222,0,0,0,0,50.28474523,0,0
812.99013,0,0,0,0,0,0,0,0,0,0
899.93828,0,0,171.5594347,0,0,0,0,0,0,0
786.9765,0,0,0,0,0,0,0,0,0,0
907.46055,0,0,0,326.1800391,0,0,0,296.6400687,0,213.1318906
617.01423,0,0,0,0,585.3355469,0,0,0,1029.331961,0
1113.12683,0,0,0,104.004668,0,0,0,0,0,0
605.3038,120.7572767,0,0,0,0,0,0,0,0,0
495.2249,0,0,0,0,0,0,0,0,0,0
423.06556,0,0,0,138.0307129,0,0,0,0,0,0
817.18003,0,0,168.1791382,0,0,0,0,92.52414209,0,0
972.99278,0,0,0,0,0,0,0,593.1222558,0,0
839.11728,0,460.9236604,1035.448147,0,470.5460503,0,0,514.6095728,0,625.6343438
757.9551,150.7210488,0,249.9894477,0,0,0,0,207.213484,0,0
907.54277,0,0,0,0,0,0,1343.769647,0,0,0
758.07181,0,0,0,0,3355.64757,0,0,0,0,0
572.93132,0,0,0,0,0,0,156.1388169,0,0,0
457.08677,0,184.6621094,0,0,168.8349609,0,0,0,0,0
1052.99221,0,125.8651984,0,0,0,0,0,0,0,0
717.11864,0,0,0,0,0,0,0,0,0,0
1209.02003,0,0,239.6379666,0,0,402.0039833,0,648.47545,0,0
455.02595,0,0,0,0,0,0,84.39621364,0,0,0
837.31234,307.9661919,0,0,0,0,0,0,0,0,0
488.97749,0,1104.366373,104.6377496,53.92726565,178.0962022,0,1442.312693,0,222.4454681,350.0244062
718.11086,0,1303.894987,741.3127577,0,0,0,0,1176.519655,0,0
529.06151,0,0,0,0,0,0,0,0,1607.204597,0
979.54867,0,0,234.5235189,906.8448438,326.8554253,0,0,1207.082637,0,359.1861562
1026.35752,926.8021812,740.1169479,0,0,0,2471.377056,0,0,0,0
1397.71282,1821.179325,124.7116804,0,0,0,1763.142167,0,0,0,0
564.07796,0,847.9716379,776.4975654,0,0,0,0,1356.141379,0,0
1017.58395,0,514.043496,0,0,0,0,0,0,0,0
1021.06237,0,0,0,0,0,0,0,0,0,0
1113.12638,0,0,185.2434082,0,0,0,0,0,0,0
1160.87045,0,0,145.6115994,0,0,0,0,220.2284168,0,0
973.00768,0,0,1329.409017,0,0,204.2908486,0,1630.824268,0,0
1145.07907,0,0,0,0,278.9559028,0,0,0,0,0
885.39962,2406.90542,0,0,0,0,2718.538214,0,0,0,0
1077.0391,0,1464.558582,0,0,0,0,959.6316522,0,0,0
863.53995,0,179.925326,92.8530341,0,0,0,0,0,0,0
1393.79103,1689.842367,164.5662744,0,0,0,1737.967157,0,0,0,0
585.30234,0,0,316.4556749,0,0,0,0,135.3453817,0,0
644.05072,0,0,0,0,0,0,0,0,1893.618546,0
493.06238,867.8481057,0,153.857232,0,0,664.7001953,0,158.9833984,0,142.5219844
577.20912,0,0,0,0,2056.653689,0,0,0,0,0
837.31122,0,0,0,0,0,0,0,0,0,0
455.18423,2116.752549,0,0,0,0,1242.440892,0,0,0,0
1237.14545,0,0,1236.903836,0,1738.974913,0,0,333.2133604,194.2110932,592.4484375
643.04083,0,838.3210554,0,0,490.4350694,0,754.8715385,0,0,0
591.02835,0,0,210.7287869,0,0,0,0,0,0,0
939.46797,754.5081754,73.55967215,0,0,0,1720.560316,0,0,0,0
592.27022,0,0,0,0,0,0,0,0,0,0
1479.80423,3245.33414,0,0,0,0,882.5568462,0,0,0,0
856.96284,671.8878769,0,0,57.85055175,0,0,0,0,0,0
429.28231,0,0,0,0,0,0,0,206.8841228,0,0
747.44874,635.4728982,0,0,316.4240723,0,0,0,0,0,0
835.06775,0,0,202.0774333,0,0,0,0,0,0,0
742.94742,0,227.7030291,402.3659804,0,0,0,0,200.3120921,0,0
974.92219,0,0,0,0,0,0,0,110.5137708,0,0
828.85725,0,0,1708.157878,0,0,0,0,1052.861711,0,0
1333.82872,0,0,0,2136.746621,0,0,0,254.4787258,174.456833,376.6133282
1111.07599,207.9825774,0,0,0,0,0,0,0,0,0
811.09019,0,0,0,0,437.7112848,0,0,0,0,0
471.26464,0,0,0,0,0,419.5170384,0,0,0,0
701.38999,0,0,91.07328285,0,0,0,0,114.3208811,0,0
986.85807,0,0,267.0878635,0,0,0,0,1126.205758,0,0
885.43487,229.5283808,0,0,0,0,302.1950041,0,0,0,0
879.16524,0,130.4686661,0,0,0,0,193.885017,151.7606556,0,0
827.23819,0,0,2461.494303,0,0,0,0,420.7593948,0,0
935.04268,0,0,0,0,0,0,0,0,0,0
861.55735,0,0,0,0,0,0,60.46512898,0,0,0
491.96912,0,0,0,0,0,0,0,128.0821549,0,0
417.10394,0,0,95.99279104,232.682583,0,0,0,119.5219479,0,0
900.36301,0,139.5804256,1930.502631,0,0,0,0,1152.603207,0,0
1145.05827,0,0,180.2523058,0,0,0,0,0,0,0
615.10625,340.453125,0,0,0,0,0,0,0,0,0
676.01274,0,744.7175877,0,0,0,0,1149.635829,966.8461852,0,120.4364141
1509.17865,0,82.04629387,984.4607476,863.063008,0,0,0,841.3677439,0,444.3801718
719.16828,0,0,0,0,0,0,0,0,0,316.4149062
1059.02914,115.4486743,0,1686.198568,0,0,0,0,1348.080004,0,0
845.09203,0,0,147.8512641,79.8612207,0,173.3768504,0,0,0,230.163875
637.02396,0,0,0,0,0,0,0,0,0,0
1209.03805,319.4127748,157.5544479,212.7672797,0,0,0,0,1612.799496,0,0
666.26532,0,0,1086.861179,0,369.9410157,0,170.1439705,0,0,0
723.38792,0,0,0,88.75623045,0,859.4604749,0,0,0,0
900.25792,0,508.1696942,275.1713596,985.9818848,329.2740234,0,0,215.476785,0,1022.311109
715.07863,0,0,0,103.5868555,0,0,0,0,0,315.6484687
1450.95361,0,332.3982278,0,0,0,0,0,0,0,0
929.55551,0,440.3626942,0,0,0,0,0,0,0,0
412.15681,89.64856717,355.6661594,0,288.9931934,0,0,269.5774288,0,0,191.24625
1265.71258,2404.773299,434.8347992,0,0,0,2074.500977,164.5014697,0,0,0
762.95081,0,0,796.2363285,0,0,0,0,0,0,0
740.97058,2214.972138,0,0,141.1305762,0,742.670847,0,0,0,82.44989064
429.06961,0,0,0,68.6784326,0,0,0,0,0,0
1029.23818,0,0,0,0,2570.871506,0,0,0,1284.047186,0
637.05754,0,266.5549751,0,0,188.6676216,0,0,0,0,0
761.10799,539.0562085,0,0,553.4234717,0,0,0,140.1506997,0,453.7914297
687.38849,0,110.6506782,0,0,0,0,0,45.69521361,0,0
429.06788,0,0,0,0,0,0,0,0,0,0
785.06541,0,0,0,0,0,0,0,0,0,0
663.07714,0,104.8397718,0,0,338.871224,0,0,0,0,0
963.05858,0,0,2212.94633,0,0,0,128.1411664,805.3789558,0,0
839.07173,0,0,0,419.2775782,0,0,837.5023206,0,0,1048.118078
612.89333,0,0,0,0,0,0,0,0,0,0
827.22112,0,0,0,0,0,0,0,413.6804292,0,0
900.19914,0,187.5331672,429.0012885,1511.68166,0,264.794742,242.4851292,0,0,463.9323594
533.10619,0,0,0,0,3988.764366,0,0,0,831.8107733,0
1216.95454,0,0,0,0,0,0,0,108.5579633,0,0
1117.7432,0,108.8791579,0,0,0,0,0,0,0,0
900.1756,0,0,0,1318.136836,0,0,0,254.9291683,0,807.1681876
624.9314,0,0,0,0,0,0,0,0,0,0
787.00368,253.372995,0,0,0,0,0,0,0,0,0
661.34639,0,0,0,0,0,0,217.1557665,0,0,0
507.18912,274.7839464,0,0,0,0,399.3129112,0,0,0,0
941.07214,0,0,0,0,0,0,0,0,0,0
845.0748,0,0,0,0,798.009809,0,0,0,183.7475799,0
951.49729,0,0,0,108.6348145,0,0,0,181.8911689,0,0
785.16223,0,0,0,0,0,0,0,0,0,0
837.39111,2075.163198,0,0,0,0,1138.173777,0,0,0,0
813.07829,0,0,0,0,0,0,0,0,0,0
829.22932,0,0,0,0,1366.915582,0,0,0,747.5260983,0
497.18649,1315.881084,0,350.0961372,0,0,0,0,0,0,0
1049.63907,0,0,0,0,0,0,0,180.9996786,0,0
449.10816,355.005047,209.5994536,0,0,0,0,0,0,0,0
587.05631,0,0,0,0,2602.122049,0,0,0,1176.595901,0
411.05495,0,0,0,0,0,0,0,0,221.9894842,0
667.05922,0,0,0,0,0,0,0,0,276.1165365,0
879.44078,0,0,217.0905355,0,0,0,0,312.4998146,0,0
945.52859,0,0,0,0,0,0,0,0,0,0
488.97911,0,1367.293011,83.01220028,0,0,0,1013.971593,329.5035725,0,0
729.02455,0,123.3318156,0,0,0,0,0,0,0,0
978.99581,0,100.5030794,0,0,0,0,0,147.1310695,0,0
457.08665,0,0,0,0,0,0,114.421672,0,0,0
1151.10685,0,0,0,0,0,0,0,205.0885458,0,0
1231.21405,0,0,0,0,4486.079167,0,0,0,603.5651607,0
563.26003,554.1089947,0,0,0,0,812.3798572,0,0,0,0
931.00413,0,0,0,0,0,0,446.6309174,0,0,0
501.18773,0,0,149.8430718,0,0,0,0,503.6521707,0,0
975.03334,0,0,0,0,0,0,136.6167138,0,0,0
837.14709,0,0,0,0,1209.078364,0,0,0,379.6554858,0
691.42131,0,0,0,0,400.0554688,0,0,0,0,0
657.07274,340.2772746,0,0,0,0,0,0,0,0,0
925.09941,0,0,119.6818848,0,0,0,111.897432,0,0,0
710.93104,0,0,0,0,0,0,0,0,0,0
737.07252,0,0,0,223.6357617,0,0,0,0,0,167.8939375
889.98477,0,0,0,0,1015.409332,0,0,0,0,0
1183.74461,274.6323112,158.1870806,0,0,0,384.2880475,0,0,0,0
893.13685,0,0,224.1769749,0,0,0,0,239.1126385,0,0
653.05711,0,175.6095547,329.6281467,0,630.5466363,269.3098787,914.7025835,913.7810275,310.8236809,0
836.06312,0,0,0,0,0,0,0,580.3983633,0,0
483.07188,0,0,0,118.0006055,0,0,0,0,0,0
629.05208,0,0,0,331.9954492,0,0,0,0,0,0
811.10236,0,0,0,0,0,0,0,0,492.2661912,260.7886406
694.39648,2085.426853,0,0,0,0,1332.371299,0,0,0,0
1349.76145,1307.688191,0,0,0,0,2555.022872,0,0,0,0
547.04824,0,360.8962567,0,1004.958389,0,0,0,0,0,581.031336
763.96068,0,0,0,0,672.9664062,0,0,0,0,0
811.08944,0,0,0,146.1386621,0,0,0,0,0,0
667.12636,0,0,0,0,0,0,0,0,0,0
493.11866,0,0,0,0,0,0,134.9342802,0,0,0
1151.10894,0,0,0,0,0,0,0,0,0,0
873.03931,0,0,0,0,582.5052518,0,0,0,2750.012851,0
679.3425,0,0,114.5365397,0,0,154.1148875,0,0,0,0
1349.82369,0,0,0,200.3590039,256.0566407,0,0,0,243.4823936,0
645.25903,0,0,0,0,0,0,165.5306892,0,0,0
1269.00194,0,0,0,0,0,0,0,334.1891318,0,0
819.48349,432.8314781,0,0,1516.561602,0,863.1627262,0,0,0,200.4608125
585.02539,0,0,0,0,0,0,0,0,2347.842731,0
981.4784,130.2870662,0,0,0,0,0,0,0,0,0
879.08524,0,0,0,0,1147.060026,0,0,0,1265.107563,0
960.94271,0,225.8324387,554.7441406,0,0,0,0,424.1819126,0,0
703.0531,0,0,0,329.0408887,412.4963542,0,0,0,431.7562839,393.4641094
764.99876,0,258.2083972,0,0,0,0,0,0,0,0
600.09981,0,0,0,0,0,0,0,0,0,0
673.10237,0,0,0,0,0,0,0,0,0,99.97358592
967.64901,0,0,91.29505069,485.520293,0,0,0,2418.859684,0,0
613.31141,0,612.4515194,643.1513672,0,0,0,926.1822788,0,0,0
1537.17185,0,0,344.3339572,0,0,0,0,0,2421.891446,0
983.41631,0,0,0,0,0,349.4086914,0,0,0,0
573.29122,456.3574392,165.0880104,0,0,0,1964.873869,0,0,0,0
597.91782,0,0,0,0,0,0,0,524.3750989,0,0
1057.10688,0,0,0,0,211.9646268,0,0,0,0,0
615.09933,0,0,0,0,457.9085503,0,0,0,0,0
717.37848,0,0,0,0,0,505.6282895,0,0,0,0
715.07636,0,0,0,149.0699903,0,0,0,0,0,0
555.08316,0,0,0,0,0,0,0,0,612.8956635,0
1026.22882,0,0,413.942966,0,1016.747743,0,0,903.0192099,1005.909817,0
613.07224,0,0,0,65.23750975,221.6263889,0,0,0,0,0
941.04745,104.3240286,0,0,0,0,0,0,0,0,0
763.29871,0,0,115.5315619,0,0,0,174.2215153,0,0,0
941.04611,0,0,0,0,0,0,0,74.40134247,0,0
807.3942,2126.341209,225.4072445,0,82.03890625,0,1909.078254,0,0,0,0
719.16001,0,0,0,0,0,0,0,0,0,0
891.02226,0,0,0,0,0,0,0,0,0,0
1095.06877,0,0,1345.053535,219.0449317,0,0,0,597.225178,0,0
510.98971,282.7470963,140.5300997,0,468.9198633,0,503.6192949,0,0,0,0
1026.37282,1639.146242,1120.35856,0,0,0,962.0043175,0,0,0,0
755.08836,0,176.5550949,0,367.4934326,0,0,0,0,0,395.6419454
1057.10497,0,0,0,0,0,0,275.1402479,0,0,0
526.01094,0,1292.772767,0,0,1433.984462,0,1249.852723,0,0,0
677.0777,0,0,0,0,0,0,0,0,483.2058425,0
1441.74233,2108.83917,98.8160827,0,0,0,802.8758995,469.6708307,0,0,0
763.45574,0,0,0,0,1122.981641,0,0,0,0,0
639.32762,621.4326604,0,0,0,0,0,0,0,0,0
999.05249,0,0,0,304.0135401,0,0,0,0,0,0
820.97091,0,0,0,0,0,0,0,0,0,0
879.06398,0,0,398.6524387,0,0,0,0,0,0,0
811.0867,89.82332,0,0,0,0,0,0,0,0,0
522.59419,0,220.6008196,216.9236247,0,0,3455.167301,448.8758122,0,0,252.1665938
638.88837,0,117.038727,302.049859,0,0,0,0,382.6263845,0,0
755.04267,209.6474004,0,0,151.6185157,0,0,0,0,0,0
900.12862,0,138.1905794,579.504381,632.8180078,0,0,0,164.3131675,0,1018.143922
1073.07625,0,0,631.9414199,0,0,0,0,307.9839918,0,0
473.08286,0,0,0,579.9518359,0,0,0,0,0,427.3768046
797.00211,528.0028001,315.0343654,1025.932156,0,0,794.1444028,1100.351949,452.421875,0,0
1039.58834,0,270.0940855,0,0,0,0,355.2998917,0,0,0
740.98623,0,0,0,0,1883.871832,0,0,0,704.5216825,0
545.27998,112.2388689,0,69.83081736,412.1099317,0,0,0,0,0,127.0798672
767.39095,0,0,175.3823649,0,0,722.9487047,0,0,0,0
559.25691,0,0,107.8492635,0,0,0,0,0,0,0
1005.09575,0,0,0,0,0,0,0,0,0,0
855.01965,0,0,0,0,219.4754991,0,0,0,0,0
613.0719,0,0,157.8181288,0,0,0,0,0,0,0
1513.90204,0,0,662.767741,0,0,0,0,2554.498035,0,0
649.13361,0,0,0,0,0,0,0,0,465.0030287,0
1271.03537,0,178.9338454,0,0,0,0,0,0,0,0
731.39753,415.6721861,0,0,0,0,341.5197625,0,0,0,0
663.00067,0,0,448.2240669,0,0,0,0,461.255093,0,0
999.61462,206.1000588,0,0,0,0,0,0,0,0,0
637.05746,0,0,109.6848144,0,0,0,0,0,0,0
921.12454,0,212.0891248,253.6185574,928.5460547,0,0,0,157.4546084,0,361.1620938
1113.12229,90.65784018,143.1541052,229.9354316,491.7739063,0,183.06728,303.3545212,115.8900564,0,311.2957969
371.12991,0,0,318.7679037,0,0,0,0,0,0,0
959.08699,0,0,0,0,0,0,0,93.37920911,0,0
737.29583,0,0,366.352946,0,0,0,0,514.1873641,260.5533854,0
1445.0086,0,0,1470.218438,0,0,0,0,1158.94085,0,0
1089.0936,0,0,0,0,0,0,278.1404317,0,0,0
1249.3131,0,0,0,0,2520.370161,0,0,0,1480.857181,0
742.91073,0,929.6628044,295.1594238,0,0,0,699.8982828,784.5416337,0,0
1353.76651,0,185.7288511,0,0,0,0,1275.214921,0,0,0
1173.03128,0,0,374.3691135,0,0,0,0,0,0,0
925.08237,0,0,196.7669135,0,0,0,0,0,0,0
599.26729,0,0,0,0,0,0,0,0,0,0
1089.73278,0,0,0,0,0,0,890.0862082,0,0,0
981.07094,0,0,224.6960178,0,0,0,0,0,0,0
873.15539,0,0,151.8266601,0,0,0,0,0,0,0
590.93036,0,0,288.6733127,0,0,932.1690995,0,0,0,0
747.07711,0,0,124.6014269,0,0,0,0,0,0,0
709.08921,0,133.9696367,189.4402533,461.5516797,682.9375651,0,0,0,252.1565897,633.43925
566.94247,0,481.8272623,326.7144097,0,407.3265842,0,0,0,0,0
1175.2229,0,0,0,0,2396.085851,0,0,0,1785.061934,0
509.10589,0,0,0,0,0,0,0,0,0,0
547.16977,207.6830406,66.27819448,920.7757433,0,0,208.323602,0,1760.591049,0,0
1015.11431,0,0,1296.092611,0,517.1296658,0,0,1173.141119,0,0
1465.89817,0,0,1118.84569,560.1030372,444.4736328,0,0,922.9700851,0,251.8377813
1397.79441,0,226.3336968,0,0,0,0,654.5989712,0,0,0
431.08876,417.4346999,0,0,0,0,0,0,0,0,0
1057.14013,77.90791794,73.63318994,0,667.8942286,0,0,0,111.2766268,0,144.8308594
1026.23866,251.0388205,1567.460985,0,0,0,0,1252.682975,0,0,0
945.52324,1299.041171,0,0,0,0,2134.399568,0,0,0,0
895.44551,150.5734755,0,1044.808323,0,0,0,0,878.7851315,0,0
908.02256,0,273.9867595,0,0,0,0,977.1188119,0,0,0
877.57169,1681.397158,157.9859687,0,0,0,1904.288857,0,0,0,0
647.08086,0,0,0,0,0,0,0,0,440.9431896,0
957.03544,0,0,654.9733072,0,0,0,0,529.0866792,0,0
673.09545,0,0,0,0,0,0,0,78.2563662,0,0
651.31895,1661.142526,0,0,0,0,0,0,0,0,0
679.31751,127.2296132,0,0,0,0,0,0,0,0,0
1007.57524,1770.710575,207.5595284,0,0,0,3368.243421,0,0,0,0
892.96411,0,0,0,0,0,0,0,337.7354505,0,0
1221.79206,0,0,120.3766412,413.345625,0,0,0,0,0,539.5382578
781.30789,0,0,0,0,0,0,0,0,3232.21892,0
1055.06613,0,0,724.7643433,0,80.59399957,245.0660208,0,439.0012485,0,0
677.07366,0,0,0,0,0,0,0,0,0,0
836.99465,0,102.6145873,0,0,0,0,0,0,0,0
1509.17501,0,0,326.224311,367.7291601,0,0,0,1967.599177,0,311.4966874
718.10858,0,630.2383771,708.2164578,0,173.4587457,0,0,1214.433149,209.0736526,0
1136.97386,0,0,1594.717665,0,0,0,0,1627.658104,0,0
1213.026,0,0,767.6347792,0,0,0,0,1572.373628,0,0
487.18639,0,0,0,0,0,0,0,0,324.1312274,0
1253.32721,0,0,0,0,2745.60076,0,0,0,0,0
1397.78713,0,0,0,2292.172715,0,0,0,62.9366965,0,0
1529.86292,0,0,0,2429.453037,0,0,0,0,0,0
665.02315,0,0,0,0,0,0,0,0,0,0
949.11816,0,240.427974,717.2139757,114.5313086,0,0,227.0643757,906.6174224,0,647.4579844
806.87583,0,0,453.7701551,0,0,0,0,554.9664013,0,0
461.06836,0,0,0,0,198.5822917,0,0,0,0,0
953.02969,0,0,0,0,0,0,0,0,0,0
793.02253,0,0,0,0,0,0,4794.562577,0,0,0
410.04437,0,77.22211104,0,0,0,0,0,0,0,0
769.96434,0,0,0,280.0013184,0,0,0,0,0,0
439.21357,0,0,0,442.4016309,0,0,0,0,0,504.6278282
454.02916,0,0,0,186.7283594,0,0,0,0,0,1545.558109
406.06833,0,0,0,0,0,0,0,484.0608559,0,0
1018.99802,0,0,725.7645399,0,0,0,0,185.3123764,0,0
827.40688,2276.564989,0,0,0,0,396.3603259,0,0,0,0
474.0334,0,0,1300.247369,0,141.7158311,0,836.4327235,716.2380217,0,0
1144.901,0,0,0,0,0,0,0,152.0471346,0,0
731.3984,696.9885233,0,0,0,0,0,0,0,0,0
969.04746,0,0,397.6579455,0,0,0,0,161.3193483,0,0
951.00292,0,0,155.1229926,0,0,0,0,0,0,0
977.55133,539.5292451,0,0,0,0,1247.553994,0,0,0,0
1330.98839,0,0,0,0,0,0,0,155.5616841,0,0
1148.94586,0,0,0,0,0,0,0,127.5727601,0,0
817.05872,0,552.9593079,890.0900065,0,306.0411459,0,0,0,0,0
825.99237,76.66845271,0,588.5325792,0,206.1965494,0,1391.571898,483.0721173,0,0
879.07531,0,0,188.3172676,160.6085889,0,0,0,105.3648882,0,251.3656485
639.12551,0,0,60.99966092,0,0,0,0,0,0,0
723.39443,0,0,0,0,164.9668511,0,0,0,0,0
849.53297,0,0,0,0,0,0,0,0,0,0
869.04865,0,88.2658946,0,0,0,0,0,247.6330103,0,0
1077.00532,0,1110.519052,0,0,0,564.989155,488.0846226,0,0,0
863.05924,0,466.731667,0,0,0,0,642.8722734,0,0,0
731.17601,0,0,848.2734105,0,0,0,0,424.0478516,0,0
917.01606,0,0,0,0,0,0,181.7170096,424.4710246,0,0
1073.07756,0,99.40989865,0,0,0,0,0,0,0,0
626.10003,0,0,0,0,0,0,0,218.350178,0,0
803.47869,0,0,228.6857639,0,0,0,0,280.8580153,0,0
749.03651,0,0,0,0,0,0,251.3123453,0,0,0
537.0715,0,0,0,0,0,0,0,0,778.4103828,0
1065.61019,1749.736881,0,0,0,0,1348.898283,0,250.8238479,0,0
875.08092,0,0,0,0,0,0,0,0,0,0
1085.13557,109.9572559,76.69542037,0,0,0,0,386.2466546,0,0,0
1219.01941,0,0,1036.680393,0,0,0,0,0,0,0
637.28649,248.7818031,0,0,738.8372071,0,0,0,0,0,1672.344234
603.93509,0,0,0,0,0,0,0,0,0,131.7298282
587.06955,0,0,0,0,448.9681423,0,0,0,1260.607733,0
497.19845,0,89.24333779,368.1725939,0,0,0,0,0,0,0
618.92964,0,0,0,0,0,0,0,0,0,0
742.01211,0,0,0,0,0,0,384.7783107,0,0,0
669.43676,0,51.82064801,0,0,0,0,0,0,0,0
879.07568,0,0,0,0,429.34477,0,0,0,188.1708135,0
635.32088,0,206.1831624,0,86.6334961,0,0,0,0,0,134.0700469
738.96483,754.8543626,0,0,0,0,1012.441895,2706.695236,123.4768839,0,0
1283.02825,0,76.5321427,0,0,0,0,0,0,0,0
650.03582,0,151.2035324,1931.385308,0,935.5188368,0,0,0,0,0
956.95754,307.8965708,335.0140913,920.9568549,0,0,0,0,2155.089362,0,0
1085.12022,0,0,0,375.0599609,0,0,0,0,0,139.4200469
669.09113,0,0,116.6257867,0,0,0,148.4908436,0,0,0
971.11714,0,0,301.3803982,0,0,0,0,0,0,0
843.08189,0,0,277.691786,0,238.3131944,0,0,1250.886261,0,0
814.97829,0,0,0,0,0,0,0,244.4587619,0,0
865.06561,0,0,0,0,0,0,0,0,0,0
507.01666,0,0,0,0,0,0,0,0,1682.879161,0
1077.51939,1141.595167,0,0,0,0,1379.408833,0,0,0,0
504.0259,0,0,0,0,1568.829601,0,0,0,298.8689425,0
1324.9717,0,0,0,0,0,0,0,0,0,0
533.08252,0,0,0,0,0,0,0,213.5755167,0,0
1054.98687,0,0,0,0,0,0,133.5113513,0,0,0
650.99349,0,0,0,0,0,0,391.3116878,0,0,0
453.21398,0,0,0,0,0,0,0,172.0792252,0,0
929.01258,0,0,0,0,0,0,0,0,521.0429122,0
412.07875,0,169.1715275,0,0,0,0,0,296.5526973,0,0
614.2978,0,440.950393,957.7107205,0,0,0,0,415.694818,0,396.8756562
541.27824,0,0,500.8078478,0,0,0,0,123.3015847,0,0
983.4748,460.2958725,0,0,0,0,0,0,0,0,0
939.53613,0,0,494.985121,382.9261133,0,0,0,1574.095691,0,213.5571875
1221.61232,1016.985792,272.197002,0,0,0,2659.46582,500.0911394,0,0,0
907.04977,0,0,0,0,0,399.3875925,0,0,0,0
615.14322,0,0,0,0,0,0,0,0,0,0
849.07894,0,0,286.4218478,0,0,0,0,0,0,0
395.94609,0,0,0,0,0,0,278.3979928,0,0,0
687.41802,1314.513413,0,0,0,0,3086.270302,0,0,0,0
555.27157,0,0,0,0,0,285.6135383,0,0,0,0
965.08672,0,0,0,0,0,0,0,0,0,0
441.00873,0,0,0,0,338.0940756,0,0,0,0,0
533.04974,0,0,0,0,215.11773,0,0,0,614.5985904,0
929.01294,0,94.57791534,0,0,0,0,165.8541731,0,0,0
523.02667,0,429.8707822,0,0,0,0,0,0,279.6703181,0
546.92165,0,0,195.6524794,0,0,0,0,0,0,0
414.10077,60.73736519,0,0,0,0,0,0,0,0,0
917.00972,0,0,0,0,0,0,872.5987006,0,0,0
1209.01226,0,0,0,0,0,0,0,131.7522004,0,0
835.06396,0,0,0,78.34251465,0,0,0,0,0,0
633.13201,0,0,0,0,2306.209852,0,0,0,1657.685717,0
879.08016,0,0,299.8540582,0,0,0,0,331.2478738,0,0
773.09861,0,0,0,237.108291,0,205.168547,0,0,0,281.7925625
807.29133,0,0,0,0,0,363.2194438,0,0,0,0
737.04788,161.3130877,294.2728623,0,0,0,0,0,0,0,0
699.11195,0,0,0,0,0,0,0,120.7549199,0,135.5373282
647.1143,0,0,0,255.7444532,0,0,0,0,0,995.3071875
940.97391,0,0,248.0058594,0,0,0,0,376.3765453,344.5606884,0
535.02865,0,0,0,89.6890039,0,0,0,0,0,180.3981094
735.39574,0,0,0,0,0,145.3804354,0,502.6600944,0,0
903.13539,0,0,605.5315213,0,0,0,0,0,0,0
843.02688,0,0,0,0,0,0,277.5992033,218.5088261,0,0
767.39341,114.756326,0,0,0,0,216.3119861,0,0,0,0
783.31287,389.964982,0,0,0,0,1737.503958,0,0,0,0
875.28219,0,0,0,0,1680.618642,0,0,0,1434.662421,0
889.46012,996.4644981,0,0,0,0,331.9720138,0,0,0,0
885.02176,0,69.28990129,0,0,2426.051302,0,0,263.133171,0,0
497.23837,0,0,318.9063721,0,0,0,0,598.1621218,0,0
474.06649,0,0,1588.86164,0,0,0,0,302.8266046,0,0
455.04358,0,0,0,0,0,0,0,0,383.5029155,0
529.23114,0,121.567976,0,0,0,0,0,0,0,0
757.445,0,0,0,0,0,305.5640933,0,0,0,0
895.04227,0,0,0,0,0,0,0,0,0,0
1407.04737,0,0,1266.011108,0,0,0,0,441.6586234,0,0
525.29833,0,128.075405,467.8361138,0,0,0,0,0,0,0
756.92238,0,353.0235933,0,0,0,0,1397.29966,0,0,0
775.02196,0,0,0,0,462.6515191,0,0,0,800.9850828,0
791.31387,0,0,0,0,0,0,0,0,0,184.5059218
888.9865,0,0,1064.708551,0,841.0897569,0,280.4463954,0,309.4067029,0
911.00779,0,0,0,0,0,0,491.0684174,0,0,0
837.32425,0,0,0,0,0,0,0,0,0,0
541.07173,0,0,0,0,305.062283,0,0,0,0,0
1063.14052,0,0,90.04068333,0,0,0,0,85.50278133,0,0
459.21925,424.4333431,0,0,0,0,0,0,0,0,0
725.01606,394.3235965,0,297.287896,0,0,0,0,0,0,0
581.10247,0,73.66301405,139.4061551,518.36021,0,0,197.8270421,0,0,108.0869922
832.99512,0,264.8571942,0,0,1124.783984,0,0,1008.240506,266.9426517,0
583.2065,0,0,897.2678087,0,0,0,0,0,0,0
827.06082,0,0,0,0,0,0,0,419.0236353,0,0
635.32102,329.9176577,0,0,0,0,209.6519068,0,0,0,0
600.18316,0,1004.274564,0,424.6872168,0,0,394.3766631,0,0,0
1023.59434,0,0,0,802.3494727,206.524197,0,0,1205.231062,0,0
907.50276,0,159.6903518,0,0,0,0,1010.565207,0,0,0
652.99739,0,0,0,0,0,0,0,221.0507071,0,0
1089.05529,0,0,0,0,574.9786676,0,0,0,0,0
530.99561,0,0,135.0085585,0,0,162.3415528,0,0,0,0
399.08148,0,0,0,0,0,0,0,0,0,0
1201.69488,0,0,0,0,0,398.4102591,0,0,0,0
773.01366,0,437.7603048,0,0,0,0,757.085164,0,0,187.7747344
397.15829,1102.950256,0,0,0,0,984.6241005,0,0,0,0
411.05199,0,0,526.1714681,0,0,0,373.9731784,156.5352428,0,0
837.33508,0,0,0,0,0,0,0,0,0,0
1085.10602,310.0169386,0,0,0,0,0,0,181.244153,0,0
1161.79429,506.9811774,0,0,0,0,305.7842311,0,0,0,0
919.04963,0,0,0,0,0,0,0,0,0,0
551.1746,0,0,280.1858453,0,0,0,0,0,0,0
1209.01353,180.8032183,0,0,0,0,250.2100637,0,0,0,0
1078.04273,0,0,0,0,0,184.7417892,0,0,0,0
585.22186,0,0,0,0,0,0,0,0,433.8112829,0
447.00268,0,167.9773474,1155.885993,0,0,0,343.9855159,672.3170985,0,0
640.96729,535.242706,0,0,0,148.773036,0,0,0,0,0
515.09283,0,0,640.5545112,371.1816992,0,0,0,282.2886051,0,0
438.0226,0,58.02772718,0,0,0,0,2626.514378,0,0,0
767.37752,0,67.25534411,0,0,0,0,0,0,0,0
451.04471,0,353.1316023,0,0,0,229.246068,0,208.7014191,0,0
559.98189,0,0,0,196.5879493,0,0,0,0,0,237.78925
739.10933,0,0,0,353.4944044,0,0,0,0,0,667.0959688
1485.78863,0,0,0,2256.964912,0,0,0,0,0,0
1027.05698,0,234.4106355,0,0,0,0,349.9030013,0,0,0
473.27958,312.0647297,397.6694426,157.6170926,0,743.6381293,0,428.9943534,425.4791461,483.9502661,0
1065.53397,0,0,0,0,0,0,0,147.3020051,0,0
681.19623,0,0,0,0,0,0,496.3767018,0,0,0
1165.55244,123.6878889,0,0,0,0,0,0,0,0,0
753.46221,0,0,0,0,0,0,121.7844021,0,0,0
1589.04733,0,0,477.1031494,0,0,0,0,198.8328347,0,0
711.12516,0,0,296.1388617,0,0,0,0,325.8073082,0,0
1003.02965,0,0,0,0,0,0,269.0630028,0,0,0
847.06637,60.80312327,0,160.2480197,0,0,0,0,248.6284365,2204.186368,92.92196872
845.07338,0,0,0,0,0,0,248.8130801,0,0,0
707.05495,0,0,0,0,0,0,0,874.2910651,0,0
1085.12389,163.6092886,0,0,109.5732129,0,0,0,0,0,208.8385625
651.32237,662.6429757,0,0,0,0,0,0,0,0,0
531.00122,0,117.2925613,0,0,0,0,0,0,0,0
575.05077,0,64.89000791,66.00315349,0,0,0,0,0,0,0
1095.69803,0,0,255.9645996,329.016958,0,0,0,1528.04389,0,0
703.45937,0,0,0,0,0,0,222.4625232,0,0,0
839.08359,0,0,0,0,698.2473524,0,0,0,485.8379332,0
744.92563,0,767.5697374,969.0680609,0,0,0,1509.706819,726.2239171,0,0
749.03,0,0,0,0,0,0,0,0,0,0
1043.07452,0,0,0,0,0,0,0,80.82900886,0,0
1052.9985,0,0,0,0,0,0,0,0,0,0
1157.01961,0,0,0,0,0,0,0,621.4808272,0,0
1395.32213,0,0,0,0,0,0,0,0,2448.34041,0
995.51778,0,477.3330258,0,0,0,0,309.3223237,0,0,0
783.3354,0,0,0,0,0,312.4720138,0,0,0,0
865.1199,0,0,0,0,0,0,0,103.4158858,0,0
875.08722,0,0,0,490.3869531,0,0,0,0,355.7757303,204.3265938
474.02272,0,0,1008.946384,0,0,0,904.2161781,346.5886694,0,0
1275.693,1312.669594,338.4084068,0,0,0,1108.729364,776.9683632,0,0,0
999.05814,0,0,0,0,0,0,0,0,0,0
515.31035,392.7914132,236.7224166,0,0,0,0,0,0,0,0
793.01231,0,0,0,0,210.1174046,0,0,0,0,0
517.1355,0,97.39009178,0,0,0,0,171.6216739,0,0,0
1583.03996,0,93.09055074,0,0,0,0,212.0020305,0,0,0
1292.97784,1279.772729,0,0,0,0,2043.486585,0,0,0,0
535.00651,0,0,0,0,0,0,0,0,256.4708446,0
865.12563,0,0,0,0,143.5185764,0,0,0,0,0
761.08537,0,0,158.1036648,194.0342432,0,0,0,0,0,0
1401.15539,0,0,0,0,0,0,0,0,862.8119339,0
503.03245,0,0,0,0,171.6875434,0,0,0,164.9107648,0
837.09882,0,0,0,0,1032.694097,0,0,0,0,0
819.42219,0,0,0,0,0,0,0,0,146.1803243,0
627.32645,0,0,0,0,0,271.7878289,0,0,0,0
1015.05336,0,0,0,0,0,0,0,152.8152319,0,0
1434.97275,0,0,0,0,0,0,0,0,0,0
1224.98151,0,1924.268273,0,0,0,0,331.5402131,0,0,0
581.22371,0,0,0,0,0,375.0446136,0,0,0,0
869.0529,0,0,0,0,0,0,0,266.8587693,0,0
1265.72444,1100.698942,0,0,0,0,0,0,0,0,0
975.05391,0,0,393.9467231,0,0,0,0,318.1966104,0,0
469.08899,273.2281354,0,666.7549913,0,286.5641927,0,228.238668,0,0,0
719.41408,0,1285.027008,275.0922581,333.263086,0,0,624.9363784,375.2691233,0,0
737.08685,0,0,1000.888116,0,0,0,0,180.0417078,0,0
891.50221,0,0,568.8951009,1404.031865,0,0,0,978.9639785,0,282.8704375
504.02367,0,0,0,258.2782227,0,299.499743,0,0,0,0
901.01304,0,0,0,68.12867675,0,0,0,0,0,0
439.07841,0,0,0,0,0,0,0,0,321.3504586,0
543.27628,0,0,0,0,1261.288325,0,0,0,1887.070369,0
564.10815,0,0,0,0,870.0417101,0,0,0,2885.626132,0
731.26507,316.1916828,0,0,0,0,0,0,0,0,0
1231.03601,0,0,309.6868218,0,0,0,0,485.6259395,0,0
1371.85003,0,0,178.5203315,0,0,0,0,0,0,0
717.24033,508.6154245,0,0,0,0,802.4253701,0,0,0,0
1089.05827,0,463.4128583,0,0,0,124.1092465,0,0,0,0
621.29341,0,0,0,0,0,1390.241776,0,0,0,0
399.11506,0,167.3592731,69.53436958,51.77950685,0,0,0,0,125.039388,89.44942184
417.12808,0,0,0,0,0,0,0,75.80945285,0,0
1157.01146,0,335.7363221,0,0,0,0,0,0,0,0
1674.18283,0,0,0,745.5752051,906.8391928,0,0,263.5156003,0,818.3726406
504.96187,229.9370852,0,0,0,0,0,3357.009824,0,0,0
1212.98286,0,0,232.8524306,0,0,0,0,0,0,0
614.07329,0,0,0,0,0,0,0,106.6080523,0,0
470.90892,0,0,0,0,0,0,0,0,272.8677536,0
655.05895,0,0,109.1214735,0,0,0,0,136.4456586,0,0
702.9776,0,0,0,0,760.9483507,846.4055818,0,573.0347113,0,0
1159.60665,605.9914442,0,0,0,0,493.4178661,0,0,0,0
661.25285,1166.075913,0,0,0,0,0,0,0,0,0
777.02093,288.5309216,0,0,0,0,0,0,0,0,0
950.95259,0,0,0,0,0,0,3303.802135,0,0,0
861.06949,0,0,0,80.1704785,0,0,0,0,0,0
757.42809,1157.488783,0,0,0,0,842.4086914,0,0,0,0
829.09802,0,0,0,0,261.5453126,0,0,0,1815.994254,0
1112.97358,0,0,1237.802572,0,0,0,0,1376.582118,0,0
577.37403,0,0,0,0,0,0,0,0,0,0
1353.7565,0,0,0,1888.468755,176.1763889,0,0,239.7732397,0,0
866.92131,0,0,183.6227892,0,0,0,2583.784596,0,0,0
687.3996,1805.274302,0,0,0,0,1594.680561,0,0,0,0
863.37335,434.8709555,0,0,0,0,0,0,0,0,0
582.02924,497.0362279,0,0,258.0214649,0,827.2889083,0,0,0,847.7912187
792.07358,0,0,0,0,268.9623698,0,0,0,1044.753199,0
797.09783,0,0,0,68.87404785,0,0,0,0,0,0
747.13099,0,0,105.6312595,0,0,0,0,73.27302956,0,0
773.08756,0,314.1210099,0,0,0,0,0,0,0,0
599.18527,0,0,0,0,0,217.0248253,0,0,0,0
682.08901,264.3337078,0,448.3336588,0,0,0,300.3078202,172.5776429,0,0
1377.83742,0,0,0,0,0,0,0,140.60223,0,0
545.04005,0,0,0,0,0,0,0,952.4032835,0,0
725.26392,0,0,680.2997098,0,0,0,0,0,0,0
458.04624,0,500.5769866,0,67.34555665,0,0,0,181.4855494,0,45.77760547
923.55046,577.0113385,0,0,0,0,1392.356548,0,0,0,0
665.22664,0,0,0,0,0,528.4676192,0,0,0,0
649.10423,0,0,698.488539,0,0,0,0,0,0,0
895.99165,0,0,0,0,0,0,0,0,0,0
582.99925,0,0,0,0,0,0,0,127.245179,0,0
617.17647,274.9707031,0,0,0,0,0,0,0,0,0
395.12086,0,0,0,71.69188965,0,0,0,0,0,0
1011.23861,0,0,0,0,0,0,0,0,1692.393683,0
715.02958,0,0,0,0,0,0,0,0,0,0
1209.05076,0,0,0,0,0,280.0959087,0,0,0,0
537.09768,972.5086425,160.5090467,0,0,0,0,0,600.0878659,0,0
443.10895,0,120.1467839,271.9721951,0,0,0,166.2749072,158.9301078,0,0
567.02139,0,400.0663823,0,0,0,0,0,0,0,0
1260.94903,0,0,181.6256646,0,0,0,0,0,0,0
949.08893,597.0510145,0,0,0,0,427.6088482,233.1556312,95.58507222,0,0
647.01075,799.8980227,0,480.647244,0,0,0,522.6014464,0,0,600.3686562
863.41522,257.9886442,0,0,0,0,0,0,0,0,0
505.19817,0,246.1549199,179.6439209,0,0,0,989.0237856,550.1428501,357.6736583,0
829.09773,938.4120748,182.0575633,0,0,0,392.0189401,270.29264,0,0,0
709.05525,0,449.343726,236.7695313,0,0,0,0,457.4121712,0,0
683.07922,0,0,0,0,0,0,0,0,0,0
951.5485,0,571.9025834,0,0,0,0,1840.309213,0,0,0
1381.73723,187.4869676,0,0,0,0,730.4352384,0,0,0,0
563.04807,0,0,0,0,0,0,874.1955446,0,0,0
574.92504,300.5709606,0,200.6966688,0,0,0,0,0,0,0
427.22585,0,0,0,0,0,256.4691097,0,0,0,0
1150.8942,0,0,276.1312053,0,0,0,0,1092.17609,0,0
1333.90226,0,218.7032448,0,0,0,0,0,0,0,0
753.46783,0,0,0,0,0,0,0,180.5095678,0,0
523.04276,0,0,0,435.6160938,0,0,0,0,0,0
650.99033,0,0,0,0,435.4363608,0,0,0,0,0
881.13089,0,0,0,108.8785352,212.9318142,0,0,0,0,0
857.48926,0,0,0,0,0,541.8851254,0,0,0,0
795.49455,0,0,0,0,0,0,0,0,0,0
859.09838,0,0,0,253.4559961,0,0,0,264.8590784,0,0
827.06603,0,0,0,0,0,0,0,0,0,0
1023.53668,0,0,0,0,0,1465.646176,0,0,0,0
785.36598,0,0,0,0,0,0,0,49.77761261,0,0
731.17752,0,0,505.343221,0,0,0,0,618.630266,0,0
509.98681,0,0,0,0,0,0,0,0,0,0
1087.01305,0,0,150.0581733,0,0,0,0,158.1165447,0,0
799.04195,0,156.1525714,654.6747233,0,479.9750651,0,0,322.5954312,0,0
569.23477,0,0,464.6280247,0,0,0,0,0,0,0
995.57858,823.1392423,0,0,0,0,5222.920539,0,0,0,0
680.02664,0,0,0,0,1586.351476,0,0,0,938.6939822,0
1309.68361,0,0,0,1689.949688,0,0,0,88.4748319,0,415.327
773.10892,168.6883642,0,0,130.6180371,156.6733073,0,0,0,0,0
1231.24108,0,0,0,0,2272.112326,0,0,0,1594.428159,0
651.37013,771.0900512,0,0,0,0,1535.432566,0,0,0,0
548.96584,0,0,0,0,897.9453124,0,0,312.0258356,363.4846581,0
774.97663,0,0,0,0,0,0,0,0,596.3595448,0
755.045,0,0,0,0,0,0,0,0,0,0
1377.81533,0,0,0,0,0,0,0,442.8982397,0,0
1009.09267,0,414.7712807,0,0,0,0,0,339.95357,223.3863791,0
979.03089,0,0,0,0,0,206.7698396,0,0,0,0
1256.95371,0,0,245.0081651,0,0,0,0,311.4551153,0,0
782.93096,662.5553443,0,308.5738661,0,0,1533.526881,0,0,0,0
736.93485,0,0,0,0,0,0,125.0442353,0,0,0
811.26866,0,0,0,0,0,0,429.1193147,0,0,0
963.02344,1782.840414,0,0,0,0,893.8418225,0,0,0,0
785.18588,0,0,0,0,1970.981423,0,0,0,2450.110281,0
1298.91108,0,80.08260638,0,0,0,0,0,0,0,0
1136.98836,0,0,1592.423313,0,0,0,0,961.7477749,0,0
699.07725,0,70.90889209,0,520.8220313,0,0,0,0,0,733.0376406
1111.10381,0,0,0,1282.74584,0,0,0,176.5695708,0,911.2479062
761.27713,473.3133988,0,0,0,0,1057.865106,0,0,0,0
911.34778,130.0802423,0,0,0,0,0,0,0,0,0
641.10318,0,0,291.2683919,0,232.9695096,0,0,0,0,0
1033.5408,0,0,0,0,0,386.6070107,0,0,0,0
597.95378,0,0,2267.919325,0,0,0,0,551.3536887,0,0
777.08783,0,0,0,156.1158155,0,1018.286852,0,0,0,0
883.96932,0,105.5056437,0,0,0,0,275.6571202,0,0,0
922.98733,0,0,180.9930556,0,0,0,0,129.9345332,0,0
1401.15594,0,0,113.299174,0,0,0,0,0,0,0
849.23346,329.909776,0,0,0,0,202.0371093,0,0,0,0
497.0819,85.85976389,0,400.4995117,648.6179737,0,0,1000.054001,351.1580672,0,0
890.00592,0,0,0,0,0,0,0,130.457365,0,0
709.09256,0,0,0,0,0,0,0,0,0,535.6471406
937.11875,0,213.7744201,378.6307848,440.8058106,0,0,868.5227124,100.9402196,0,122.539539
543.37834,1882.085194,119.6337471,0,0,0,917.2113487,0,218.3816258,0,0
1241.82403,1906.895188,893.1471794,0,0,0,474.3781867,0,0,0,0
1377.81908,0,0,0,0,0,821.1884766,0,0,0,0
555.05839,0,0,207.9994981,0,0,0,234.2539255,0,1189.962466,0
1181.08127,0,0,105.4565769,0,0,0,0,193.1638585,0,0
603.05315,0,0,0,0,0,0,0,0,0,0
739.2618,0,0,0,0,0,0,0,0,3537.480412,0
813.08562,168.0126175,0,0,0,0,0,0,0,0,0
407.03716,0,0,0,0,165.2723199,0,0,0,537.9653957,0
763.2763,0,0,0,0,0,0,0,0,0,0
827.00633,0,103.0689825,0,0,0,0,174.6446279,150.8896608,0,0
1086.99626,0,0,230.9983453,0,0,0,0,573.5638103,0,0
738.93792,0,0,0,0,672.6522136,0,0,0,0,0
447.10861,0,0,0,0,0,0,0,0,0,0
843.28188,0,0,317.7559001,0,0,0,0,0,0,0
393.07071,0,0,0,0,340.6532336,0,0,0,0,0
1266.95874,0,83.59663178,0,0,0,0,0,0,0,0
1071.02866,0,0,0,0,0,0,0,0,0,0
603.05381,0,84.12509589,0,0,0,0,0,0,0,0
681.03185,0,0,0,626.2138868,0,0,0,0,0,1148.90775
863.12934,0,0,165.3577474,0,0,0,0,0,0,0
549.01842,0,387.5229103,338.9878201,583.368789,0,0,0,594.8667425,0,0
574.9576,133.0224264,0,0,0,0,0,0,0,0,0
954.97572,0,0,0,0,0,0,259.377572,0,0,0
1092.98385,0,0,108.2698161,0,0,0,0,0,0,0
487.02855,0,0,0,0,0,0,0,0,0,0
745.05468,0,0,0,0,429.0308593,0,0,0,0,0
1485.37992,0,0,0,0,2967.682248,0,0,0,525.1274342,0
965.07042,0,0,307.1842448,0,0,0,0,0,0,0
1265.81167,860.129373,233.7757021,0,0,0,0,0,0,0,0
1111.11396,147.3946522,652.7465372,0,632.6728028,0,685.5041247,632.8192103,0,0,104.0306484
665.22151,0,0,0,0,0,0,0,0,0,0
890.00479,0,0,0,0,0,0,0,0,0,0
820.86829,0,0,1126.689901,0,0,0,0,977.6488578,0,0
1026.21452,0,0,0,229.8669141,2730.280382,0,0,0,0,0
783.39172,201.8121888,0,0,0,0,0,0,0,0,0
703.03265,0,0,0,139.9662403,0,0,0,0,0,0
875.34911,0,0,150.6515571,0,0,0,0,242.1516391,0,0
475.0374,0,0,0,0,1770.935938,0,0,0,1855.85043,0
1209.33632,0,0,0,0,0,0,0,0,391.6384738,0
917.4468,0,52.8379745,0,0,0,0,0,0,0,0
599.02107,0,0,0,0,574.6158203,0,0,0,382.6610338,348.391461
970.88175,0,0,0,0,0,0,0,155.9501459,0,0
937.13101,0,0,0,0,0,0,0,0,0,146.9508906
1303.70159,768.6619193,0,0,0,0,536.9161184,0,0,0,0
631.37531,0,0,0,184.869961,0,0,0,0,0,0
907.49847,454.2540791,0,0,0,0,0,0,0,0,0
740.95811,0,0,0,0,0,0,312.7539255,0,0,0
957.03797,0,0,187.9623752,0,0,0,0,0,0,0
635.06202,0,0,0,0,242.4209201,0,0,0,549.296677,0
1083.59181,0,234.5297043,0,0,0,0,0,0,0,0
1223.00138,0,0,0,0,0,0,0,135.0544403,0,0
1121.01299,0,0,0,0,711.0130534,0,0,0,337.2221751,0
545.27434,0,0,0,0,0,0,0,0,0,0
1276.93836,0,85.20550951,0,0,0,0,0,0,0,0
1049.05473,0,0,0,0,0,0,0,0,0,0
907.52195,1971.090397,0,0,0,0,0,0,0,0,0
540.71237,347.8021812,0,0,0,0,0,943.2958888,0,498.5504839,799.4763438
1087.00547,0,300.8211513,0,0,0,0,188.4892868,0,0,0
759.44558,491.4535398,481.0920485,0,170.9086524,0,0,0,512.604999,0,0
1083.04842,0,0,0,0,0,0,0,0,0,0
1247.13258,0,0,635.1066557,124.4531739,0,0,0,1573.17478,0,0
629.42135,1815.826492,501.4557132,0,0,0,834.9657689,92.60368,0,0,0
799.39884,559.2540963,0,0,0,0,350.4415091,0,0,0,0
1441.35148,0,0,0,0,2460.522721,0,0,0,824.5034533,0
743.40784,0,150.0348807,0,0,0,270.0058851,0,0,0,0
519.10385,0,0,97.25322132,0,0,0,122.5849706,0,0,0
1193.0803,0,0,0,0,0,0,0,399.7550806,0,0
797.33627,1858.209866,0,0,0,0,2012.68511,0,0,0,0
572.06016,0,322.3833038,1031.58488,0,0,0,0,0,0,946.5272188
748.95511,0,0,182.6940511,0,0,0,0,0,0,0
1101.1149,1145.614387,0,0,0,0,0,0,0,0,0
715.04626,0,0,0,134.5440235,0,0,0,0,0,0
677.30438,0,0,0,0,0,0,0,0,0,0
833.02937,0,0,0,0,0,0,0,0,0,0
1080.93554,0,0,1248.871745,0,0,0,0,0,0,0
542.71326,388.5008988,0,956.1593967,0,357.2784288,0,199.1963567,0,0,1187.483531
1133.58394,427.9326604,0,0,0,0,0,0,0,0,0
758.08254,0,0,0,0,782.8690972,0,0,0,792.875283,0
975.08922,0,0,0,0,1396.328212,0,0,0,532.7172216,146.8758438
1075.0378,0,0,0,0,0,0,0,103.8597582,0,0
456.96836,0,0,0,622.104336,0,0,179.6802483,0,0,0
526.02465,0,945.481116,0,0,762.5511284,0,0,0,1241.035043,0
545.28026,0,0,0,0,132.632487,0,0,0,0,0
1139.0362,0,0,0,0,0,0,0,151.0769506,0,0
929.05811,0,0,192.0349664,0,0,0,163.6760713,177.9853639,0,0
851.47903,0,0,0,0,0,0,0,0,0,297.1273125
564.99422,0,0,0,0,0,0,0,0,0,0
1589.0466,0,0,0,0,0,0,0,0,0,0
951.02921,216.7219995,0,0,0,0,0,0,0,0,0
457.0662,0,0,121.3878445,0,0,126.7660747,156.0209623,0,0,0
1305.70666,0,0,0,149.2672266,0,0,0,0,0,241.5218594
1181.01178,0,0,0,0,0,0,0,0,0,0
662.99738,0,73.90125337,0,0,0,0,0,0,0,0
813.08435,0,0,0,0,0,0,0,0,0,0
685.02359,0,0,0,0,0,0,0,0,0,0
879.09152,0,0,0,536.4734864,0,399.9768451,0,180.1350252,0,420.5001406
1013.2747,0,0,139.0426839,0,0,0,0,0,0,0
841.16211,0,0,0,0,0,0,0,0,372.2668988,0
847.44674,0,0,0,0,0,0,0,0,0,0
600.13283,0,0,0,0,1254.059158,0,0,630.4932259,1518.470222,0
975.10092,0,0,499.7847358,520.1017481,0,0,0,578.2279223,0,688.6210391
623.05823,0,0,0,707.6136963,0,104.7357756,0,0,718.2338088,292.8928282
685.05434,0,0,0,157.0109326,0,0,240.9510171,0,0,169.0580156
585.39328,1542.798621,254.9078197,0,0,0,1825.425807,126.9182878,0,0,0
881.13051,0,0,0,255.5422364,0,0,0,0,0,0
479.23878,100.5754113,0,0,0,0,0,0,0,0,0
595.05849,0,0,0,0,904.0978299,0,0,0,612.0833616,0
1051.60295,1539.844925,232.7132861,0,0,0,1068.047543,0,0,0,0
438.21188,0,0,0,0,0,152.5585424,0,0,0,0
1055.06373,0,98.78744491,0,0,0,225.675113,229.5400584,0,0,0
635.33367,904.9798811,0,0,0,0,0,0,0,0,0
947.08451,0,0,0,96.678916,0,0,0,0,0,0
733.17255,0,0,164.879815,0,0,0,0,0,0,0
515.10891,152.8886546,0,0,0,0,0,0,0,0,0
833.02174,0,0,0,0,309.0579427,0,210.9523902,0,538.9801291,0
839.08274,200.1045181,0,0,0,0,0,176.5552096,0,0,0
1249.04986,0,0,0,0,0,0,0,0,285.6313688,0
1105.02596,0,91.88111699,337.4714763,0,0,0,0,0,0,0
756.96679,0,0,0,0,0,275.6487201,0,0,0,0
1425.84856,798.4990666,1064.48223,0,0,0,1003.480854,113.7748202,0,0,0
597.01966,0,0,0,0,0,0,1453.044748,0,0,0
789.52874,0,0,0,0,0,0,0,794.7253263,0,0
622.90858,0,0,0,0,0,534.6730058,0,0,0,0
668.99509,0,0,0,0,0,0,0,157.271163,0,0
673.36416,0,0,0,0,0,0,0,97.3644,0,0
965.0231,0,420.4898269,524.357978,0,442.2159506,0,0,196.7099856,303.9823652,0
1303.01738,0,0,1019.414863,0,0,0,0,0,0,0
788.97909,0,0,0,0,0,0,308.7788908,0,0,0
626.13813,0,0,0,0,0,0,0,144.8029445,0,0
847.44838,0,0,0,0,0,0,0,0,0,0
1349.80062,0,211.1673217,0,0,0,0,0,0,0,0
1214.99012,0,0,609.6650933,0,0,0,0,877.1314528,0,0
1405.97473,0,0,1270.125556,0,0,0,0,1001.304694,0,0
923.58591,0,0,186.8008355,0,0,0,0,0,0,0
879.20798,0,0,1131.347317,0,0,0,0,1425.623554,0,0
1055.58114,177.2078955,0,0,0,0,0,0,0,0,0
1333.786,0,0,0,0,0,0,0,0,0,0
1101.12836,0,0,612.5183919,269.198877,795.0437283,0,0,519.7477625,184.5097232,0
1673.14667,0,1830.030124,0,0,0,220.4278114,589.0047571,0,0,0
875.08691,0,0,0,284.1696436,0,0,0,0,0,0
799.37753,0,0,0,0,0,165.0659951,0,0,0,0
965.07109,0,0,175.2994792,0,0,0,0,0,0,0
941.65081,1311.412196,600.8500647,0,0,0,1461.565147,0,0,0,0
562.31539,945.0522158,0,0,0,0,1168.421284,0,0,0,0
534.99692,0,0,0,0,0,0,145.1474223,0,0,0
783.09384,123.8926732,0,0,221.4943653,0,0,187.3607286,0,0,0
371.14241,0,402.5141871,656.1831055,0,0,279.9248047,630.6595181,1378.497256,0,0
696.93809,0,0,0,0,772.9999782,0,0,0,588.7137681,0
1037.04711,0,0,167.2043592,0,0,0,0,0,0,0
993.06485,594.3060012,968.0671971,0,0,0,0,321.8020189,0,0,0
1011.11996,0,0,0,104.754043,0,0,0,0,0,155.1484375
521.13516,0,0,0,0,0,0,0,0,0,0
1007.5986,0,471.3656537,0,0,0,563.5412212,0,0,0,0
572.95995,0,0,0,0,0,192.0205463,0,0,0,0
597.02551,0,0,0,0,669.5914713,0,0,0,281.146909,0
629.43136,767.7970825,62.61301767,0,0,0,269.8378392,0,0,0,0
707.06385,0,0,0,0,0,0,0,0,1615.386492,0
383.08364,0,652.4871729,160.4861925,0,0,0,133.144744,839.4729097,0,70.013375
1381.73959,0,0,115.9012044,0,0,0,0,0,0,0
519.10324,0,0,0,52.29848635,0,0,0,0,0,0
893.05302,0,0,631.4196235,0,0,0,0,405.4096989,0,0
669.09608,0,0,0,0,0,0,0,80.63862861,0,0
407.03533,0,76.61962589,0,0,0,0,0,0,0,0
835.49,0,0,0,0,0,0,0,288.8700801,0,0
989.20081,0,0,0,0,933.4725694,0,0,0,452.8212183,0
1033.04488,832.9044524,0,0,0,0,564.1647307,697.7190981,0,0,0
433.20156,0,0,0,0,0,0,0,0,0,0
1048.98089,0,0,0,0,0,0,0,0,140.9121801,0
1393.79264,0,0,0,1773.80918,305.4238064,0,0,0,0,0
713.06721,0,0,0,531.9381446,290.8802734,0,0,0,0,467.1222813
1296.95751,0,368.0296323,0,0,0,0,314.6037477,0,0,0
1073.06997,0,0,0,0,0,0,0,121.6017108,0,0
799.07036,0,0,0,79.91188475,0,0,250.2046141,0,0,110.2334922
961.60514,0,0,0,0,0,0,0,1833.321536,0,0
1095.32433,0,0,0,0,2751.253103,0,0,0,755.9791809,0
446.99872,0,140.2548049,0,0,971.7505427,0,0,0,906.5663071,0
1661.41813,0,0,0,0,3108.2977,0,0,0,304.4987545,0
1014.99525,0,0,0,0,0,0,0,0,0,0
733.12819,0,0,426.1885444,0,0,0,0,1474.06483,0,0
697.017,530.0041136,0,0,0,0,0,0,0,584.3513361,0
455.19931,288.1469251,0,0,0,0,1617.114489,0,0,0,0
721.50109,0,243.9947517,0,0,0,0,0,0,0,0
1011.11977,0,0,0,100.6197364,0,0,0,0,0,0
486.98796,0,0,0,0,0,0,0,0,305.8448539,0
801.32611,0,0,0,0,0,0,0,0,0,0
702.13625,0,0,0,0,0,0,0,0,0,0
607.07988,0,0,0,292.755586,0,0,0,0,0,0
597.2672,0,0,0,0,0,358.9491674,0,0,0,0
921.12516,128.6062897,0,0,0,0,218.563605,186.7067992,120.2610265,0,0
394.09677,0,482.8889954,0,0,0,416.4045667,353.2884437,0,0,0
567.2887,130.4676179,0,0,0,0,420.7124282,0,0,0,0
647.10839,0,0,0,290.3001172,0,0,0,0,231.3960881,0
595.13609,206.5435737,0,0,0,0,0,0,0,0,0
1037.05015,0,99.46504742,0,0,0,0,0,0,0,0
625.36168,111.1750121,0,0,0,0,0,0,0,0,0
785.02737,0,341.8508975,0,0,0,0,0,1633.037468,0,0
439.24822,0,0,0,0,0,0,0,0,0,0
542.97752,0,90.05372294,0,0,0,0,358.1947324,470.2706932,0,0
655.34214,160.4449322,0,0,0,0,710.7133661,0,0,0,0
1158.92347,0,0,195.0759277,0,0,0,0,0,0,0
773.01854,0,0,0,0,0,0,0,0,384.1386152,0
1041.9647,0,0,1615.142456,0,0,0,0,626.2398882,0,0
651.30781,288.2789685,0,0,0,0,459.7934313,0,0,0,0
497.01113,0,0,0,0,0,0,0,0,334.5718128,0
883.97028,0,0,145.7433268,0,0,0,0,139.0833292,0,0
1231.20252,0,0,0,0,525.7215712,0,0,0,1102.489527,0
655.06072,0,0,0,0,0,0,0,0,0,0
475.09672,0,88.91561423,96.81033667,93.2188086,0,0,0,0,0,295.4910938
1605.37448,0,0,0,0,3004.940517,0,0,0,764.128708,0
667.33367,0,0,0,0,0,0,0,0,0,0
823.183,0,0,384.4777426,0,0,0,0,139.011385,0,0
1265.67682,0,0,0,1820.209649,0,0,0,0,0,0
1175.25242,0,0,0,0,2537.358203,0,0,0,1379.497679,0
1209.23198,0,0,0,0,264.4373047,0,0,0,0,0
733.09476,0,0,0,119.3692237,0,0,0,0,0,0
801.11442,0,121.8213909,0,0,0,0,0,0,0,0
481.21473,0,171.1133652,0,0,0,168.3971525,440.0244624,170.4344096,0,0
1111.60396,0,0,0,359.1037012,0,0,0,0,0,0
901.057,0,0,0,0,0,0,0,206.39777,0,0
1089.56949,0,0,0,0,0,0,0,177.7009865,0,0
1021.07793,0,0,0,0,0,153.8368241,0,0,0,0
659.13568,0,0,0,0,0,0,0,0,0,0
638.05901,0,0,0,0,0,0,0,0,0,0
1174.83436,0,0,211.0155029,0,0,0,0,137.6777715,0,0
731.44354,0,0,0,0,0,612.8977179,0,0,0,0
1013.70678,766.5467973,0,0,0,0,0,0,0,0,0
761.12898,0,0,341.3657498,102.2547949,0,0,0,133.1797246,0,0
1261.73824,1651.051369,0,0,0,0,2442.202508,0,0,0,0
859.09662,0,0,0,215.2413086,0,0,0,0,0,0
509.00246,0,0,0,0,0,0,0,0,0,0
408.93764,0,0,0,865.1365137,0,0,0,0,0,331.3675782
399.00981,0,0,0,235.5120801,0,0,0,0,0,0
1083.63102,1093.285122,0,0,0,0,0,0,0,0,0
743.05818,0,0,0,0,436.9461589,0,0,0,0,0
610.0743,0,0,0,0,277.5282552,0,0,0,364.7048517,0
933.00844,0,0,0,0,0,0,0,179.0822537,0,0
504.03078,0,0,0,0,0,0,0,0,0,0
1021.07195,0,0,0,0,0,121.8663394,0,0,0,0
1071.63431,155.9842886,0,0,0,0,0,0,0,0,0
738.98847,410.5328402,0,0,0,0,0,0,0,0,0
1196.98745,0,0,0,0,0,0,0,0,187.1885474,0
747.15762,0,0,0,0,0,0,0,83.23609323,0,0
1215.04136,97.93807903,0,0,0,0,0,0,0,0,0
767.40613,0,178.0126055,0,0,0,0,0,0,0,0
377.0746,1328.52781,0,0,0,0,1140.707879,0,0,0,0
1327.77639,0,0,0,0,0,0,247.2078435,0,0,0
591.38508,0,0,0,0,0,506.3335218,0,0,0,0
711.37432,562.4939332,0,0,0,0,551.4779761,0,0,0,0
1103.9835,0,0,578.2349718,0,0,0,0,1644.684175,0,0
885.02599,0,94.47477117,390.5667996,0,0,0,0,0,0,0
1493.20188,0,0,71.24702965,0,0,0,0,0,0,0
536.96318,0,397.2853959,123.8717041,0,0,0,207.1954865,348.6564354,0,0
651.01176,0,0,148.3060574,0,0,0,0,0,0,0
1397.75351,0,0,0,1840.943096,0,0,0,0,0,0
764.99484,0,119.3001582,0,0,0,0,0,0,0,0
1181.01895,0,0,0,0,0,0,0,0,369.8525249,0
1101.0986,0,0,0,0,0,0,0,0,248.9118546,0
1261.7686,0,728.5809409,0,0,0,0,1137.887376,0,0,0
847.18397,0,0,0,0,0,0,0,0,0,0
607.20121,0,0,0,0,0,0,0,0,0,0
1366.81548,0,0,274.1072726,0,0,0,0,373.1433692,0,0
453.19922,1103.117939,0,0,0,0,1513.37315,0,0,0,0
792.1234,0,0,0,0,0,0,0,0,0,0
1061.65701,0,0,376.1002876,0,0,0,0,898.8483238,0,0
1067.56115,0,533.631818,0,0,0,0,0,0,0,0
1089.11528,0,0,0,0,0,0,0,0,571.2326767,0
717.14064,0,0,215.3382975,0,0,0,153.0092919,563.5248096,0,0
715.97069,0,0,0,0,239.9538629,0,0,0,0,0
525.17961,0,0,0,43.80265137,0,0,0,0,0,0
997.06656,0,0,165.1255561,0,0,0,0,133.2272053,0,0
841.36982,1408.363385,0,0,0,0,904.7163087,0,0,0,0
492.99627,192.8737037,295.0854582,0,0,0,0,0,0,0,0
810.01486,0,0,0,0,0,0,0,0,0,0
1273.75643,0,0,0,0,0,160.2016474,0,0,0,0
703.22735,0,0,0,67.55506835,0,0,0,0,0,0
717.13102,0,116.2829155,0,0,0,0,0,680.288568,0,0
703.09074,0,312.9096051,389.6878798,0,0,0,982.5766553,0,0,0
1086.99429,0,0,329.1455078,0,0,0,0,323.2363034,0,0
1039.06331,0,0,0,0,0,0,0,0,228.0117329,0
814.03771,0,0,0,0,0,349.4689557,3216.01255,0,0,0
575.09824,0,0,0,0,325.7196831,0,0,230.3766565,275.203578,0
523.22907,0,0,0,87.35967775,0,1183.121402,0,0,0,0
780.09893,0,0,0,0,1781.453472,0,0,200.5383579,498.0318586,0
879.42802,0,0,160.5301649,0,0,0,0,163.0600772,0,0
1139.0463,0,0,0,0,0,0,0,104.6951889,0,0
513.1136,805.6419386,0,0,0,0,467.2594572,0,0,0,0
693.06888,0,0,0,0,0,0,0,0,0,0
965.09749,200.4219268,654.6749784,0,0,0,344.2074682,291.9057859,0,0,0
761.02782,0,0,0,0,0,0,232.9315826,0,0,0
806.99802,0,0,0,0,172.9601997,0,0,0,0,0
505.02241,0,604.5043377,238.6079915,0,0,0,0,0,0,0
406.02026,0,0,311.9819065,0,0,0,0,0,0,0
629.06977,0,0,0,0,0,0,0,0,538.4255548,0
597.27219,0,0,81.6775716,0,0,0,0,0,0,0
847.11631,0,0,0,175.5384473,0,0,0,0,0,103.494
633.16311,0,0,0,0,455.7945747,0,0,0,1612.206324,0
1299.04265,0,0,827.1762764,0,0,0,0,1521.54855,0,0
783.06909,0,0,0,133.7720508,0,0,0,406.2641169,0,0
1015.07186,0,0,0,0,0,199.0389212,0,238.3100277,0,0
525.06269,0,0,0,175.4930079,0,0,0,0,0,224.4188828
1067.33539,0,0,0,0,649.7038194,0,0,0,1746.481431,0
783.02543,0,0,0,0,0,0,1654.260442,0,0,0
422.22961,0,0,921.5002442,0,0,0,0,938.7367608,0,0
667.11797,0,0,121.6103922,0,0,0,0,0,0,0
667.29053,0,40.88909425,0,0,0,0,367.2182085,0,0,0
393.05622,0,0,0,207.5370508,0,0,0,0,0,326.665875
384.09981,0,184.4313351,122.2796495,0,0,0,0,239.5642244,0,0
557.04677,0,0,0,0,0,339.1467671,0,0,0,0
1328.92325,0,0,0,0,0,0,0,128.1185349,0,0
764.14067,0,0,0,0,0,0,0,0,0,0
1107.10413,0,0,0,0,0,0,98.59079131,0,0,0
426.2764,0,0,0,0,0,3001.456543,0,0,0,130.917461
511.26185,277.5212424,0,0,0,0,434.7604338,0,0,0,0
500.0579,0,138.4851898,0,0,521.328711,0,0,0,849.9057971,0
833.14195,0,0,0,0,0,0,0,0,0,0
847.26059,0,0,261.192966,0,1860.336502,0,0,0,0,0
1423.35378,0,0,0,0,1839.727387,0,0,0,0,0
737.02304,0,81.01728454,0,0,0,0,0,0,0,0
865.15513,0,0,713.9494562,0,0,0,0,458.4631502,0,0
460.96681,0,75.54130319,0,0,0,0,0,0,0,0
870.9914,0,0,0,0,0,0,0,359.952235,0,0
1309.00531,0,0,0,0,0,0,0,95.50693481,0,0
1085.16618,0,0,480.4400635,0,0,0,0,0,0,0
1007.60375,0,0,0,0,0,0,0,484.1673754,0,0
623.0393,0,109.4796539,0,0,0,0,0,0,0,0
790.97676,0,0,0,0,0,0,1182.109917,0,0,0
711.24212,0,0,849.6453722,0,0,0,0,466.8271608,1070.498387,0
937.07831,0,0,0,0,0,0,0,0,0,0
835.02091,0,104.3924942,0,0,0,0,0,0,0,0
404.0589,0,0,187.3413764,0,0,0,0,0,0,0
747.41395,0,0,156.539483,0,0,0,0,0,0,0
837.32343,0,0,0,0,0,592.4070724,0,0,0,0
563.32244,725.5999378,0,0,0,0,587.2938425,0,0,0,0
795.08495,0,0,0,65.76513185,0,0,217.0926864,0,0,0
557.32608,692.0283117,250.382453,0,0,0,0,0,0,0,0
997.04102,0,0,0,0,0,0,1260.826036,0,0,0
481.21931,0,557.9099885,0,0,0,0,0,0,0,0
495.24127,0,0,0,58.0803369,0,0,0,0,0,0
592.04751,0,1072.541555,314.7843424,0,0,108.4284026,1588.838258,222.9889735,0,0
1221.67989,0,0,0,1629.623565,131.2693251,0,0,0,0,0
1009.49458,735.9457101,0,0,0,0,399.8601974,0,0,0,0
1349.82228,0,1021.67009,0,0,0,0,615.3461092,0,0,0
743.32817,231.6210592,0,0,0,0,0,0,0,0,0
891.51856,0,0,1207.028307,184.2033203,261.4189237,0,0,0,0,661.8130625
792.12445,0,0,0,0,0,0,186.9238088,0,0,0
1441.77815,0,0,0,1756.615635,0,0,0,0,0,0
849.38531,845.5455959,0,0,0,0,0,0,0,0,0
879.13871,0,926.5778614,0,0,0,0,656.1724164,0,0,0
993.12769,332.7885786,0,0,0,0,0,0,0,0,0
1673.1886,339.6628526,1881.701543,0,111.9050489,0,0,0,0,0,0
781.91006,282.7907564,492.9168424,129.7811008,0,0,0,438.95152,119.8390279,0,0
1241.00737,0,0,0,0,0,0,0,0,0,0
436.07305,0,0,0,0,0,0,102.2392868,0,256.7881284,0
627.31071,0,0,260.8799506,0,0,0,179.4828473,136.0083873,0,0
1215.06436,0,132.5501821,0,0,0,0,224.8679417,0,0,0
723.07526,257.3599627,0,0,0,0,0,0,0,0,0
483.0566,132.9645499,0,0,131.9942383,490.239171,231.047903,0,0,0,665.5878594
935.0621,0,189.3650487,0,0,0,0,397.4307897,0,0,0
602.91395,0,0,0,0,0,0,0,0,0,0
811.28336,0,0,0,0,737.9799696,0,0,0,469.1644871,0
601.35969,342.8035122,351.2963717,0,0,0,0,0,0,0,0
879.58683,0,185.838993,0,0,0,0,0,0,0,0
1255.02141,0,0,0,0,0,0,0,0,376.1174423,0
485.13225,0,0,0,0,0,1127.351665,0,0,253.9291497,0
1127.02024,311.4838565,0,0,0,0,223.9531764,0,0,0,0
735.42492,0,0,0,0,351.3501302,0,0,0,0,0
1099.03723,283.7933144,0,0,0,0,298.2864412,0,0,0,0
480.03018,0,0,0,0,1174.001476,0,0,0,0,0
1259.04674,0,0,0,0,0,0,0,544.9639414,0,0
716.99468,0,0,0,0,663.6938802,0,0,0,0,0
871.44732,1771.947698,0,0,0,0,1508.731265,0,0,0,0
879.50369,0,0,0,0,0,0,0,0,0,0
825.19779,0,0,0,0,0,0,0,0,0,0
858.09556,0,0,0,1355.137774,0,0,0,0,0,0
505.11847,0,0,115.6510145,0,304.2693577,0,0,570.8219195,0,0
1057.14151,82.08482266,0,0,0,0,0,0,0,0,0
1407.82607,1094.349367,361.0070816,0,0,0,1023.747507,407.3459351,0,0,0
811.20363,581.6492672,0,0,0,0,0,395.1225248,0,0,0
755.09116,112.0040445,0,0,0,0,0,0,0,0,0
623.04167,0,0,0,0,0,0,0,0,0,0
1026.39301,0,0,1178.794284,0,0,0,0,370.0284687,0,0
1245.76888,326.6387928,0,0,0,0,481.6790708,0,0,0,0
641.07911,0,0,0,75.17325685,0,0,0,0,0,0
733.10982,0,0,0,69.6115381,0,0,0,0,0,105.0892656
717.13226,0,382.200381,0,0,0,0,0,0,0,0
935.06239,0,0,0,0,0,0,0,0,0,0
1349.76326,0,0,0,1722.834004,0,0,0,0,0,0
701.17282,0,0,0,0,0,350.5851408,0,0,0,0
517.1094,0,158.9576903,0,128.0330664,0,0,0,0,0,0
645.10655,0,377.169814,0,0,0,0,0,0,0,0
1451.02817,0,0,1168.33233,0,0,0,0,191.8034266,0,0
458.06377,0,0,0,0,0,0,0,0,0,0
931.095,0,0,174.3665636,0,0,0,183.836305,0,0,0
551.23768,349.4699253,207.9704336,0,0,0,662.6843647,0,0,0,0
1437.83273,0,0,0,1549.767725,0,0,0,0,0,0
374.06569,151.8338115,0,0,0,0,0,0,0,0,0
1011.50443,0,0,0,0,0,0,151.7661761,0,0,0
971.50686,160.3134161,0,0,0,0,0,0,0,0,0
1271.06109,0,0,0,0,0,0,0,283.2990506,0,0
937.10484,129.5686273,134.1030244,0,277.6252637,0,0,0,0,0,308.48775
889.61102,0,0,0,0,864.5979167,0,0,0,0,0
1231.73697,0,0,175.3409424,475.5725294,0,0,0,848.5345877,0,114.0197031
1039.55372,0,330.5715107,0,0,0,0,0,0,0,0
428.06342,0,0,0,0,0,0,1234.749227,0,0,0
1143.70184,0,0,0,58.9461035,0,0,0,0,0,0
443.10336,0,0,0,0,168.2330078,0,0,0,0,0
1015.07756,1401.517578,112.4623754,108.086419,0,0,1336.725509,0,0,0,0
1003.46192,130.5913907,0,0,0,0,0,0,0,0,0
1393.81881,2262.45838,0,0,0,0,1102.606908,0,0,0,0
885.54396,0,0,419.4396973,0,0,770.126285,0,0,0,0
784.9684,0,0,0,0,0,0,0,0,0,0
797.53111,0,150.9650834,336.485867,0,0,0,0,469.5446623,0,0
895.52091,122.015746,0,0,0,0,0,0,637.3505734,0,414.3332187
799.02768,0,0,0,0,254.2044053,0,0,0,233.1255096,0
397.09013,0,0,0,0,0,0,0,0,0,0
679.19696,341.3481402,0,0,0,0,0,0,0,0,0
661.27846,0,0,0,0,0,0,0,105.5078001,0,0
1215.67621,790.7441925,0,0,0,0,1138.337274,0,0,0,0
751.42468,0,0,0,0,2025.71632,0,0,0,750.3874264,0
695.27023,0,0,0,0,0,0,0,0,0,0
663.0146,0,0,0,0,0,0,0,0,534.410043,0
911.41103,0,0,0,0,0,0,0,0,0,0
889.34198,1266.939782,0,0,0,0,1933.711966,0,0,0,0
949.55221,0,0,0,0,0,138.1984734,0,0,0,0
517.1328,211.2605607,0,0,0,0,233.1410362,0,0,0,0
615.02921,0,0,115.3956842,0,0,0,0,0,0,0
879.50168,0,0,0,0,0,0,0,0,0,0
761.37547,0,0,0,0,0,0,0,0,0,0
837.10255,0,0,0,0,0,0,0,0,0,0
599.3634,0,0,0,0,0,693.2631579,0,0,0,0
525.24398,0,0,0,0,0,0,157.1252707,0,0,0
550.94103,0,168.6824913,0,0,0,0,0,0,0,0
838.8334,0,0,55.48963081,0,0,0,0,225.6952446,0,0
1095.03318,0,0,0,0,0,0,0,0,0,0
721.10857,0,0,0,0,0,0,0,0,0,0
871.15934,0,0,63.25741916,0,0,0,0,0,0,0
1093.74674,442.7463358,1023.248203,0,0,0,0,321.0456953,0,0,0
951.52178,0,110.3337807,0,577.2138379,0,0,0,299.8494734,0,1142.983016
721.11393,0,0,0,0,769.9480903,0,0,0,0,0
861.46512,274.4670129,0,0,0,0,0,0,0,0,0
1033.0695,300.4867257,0,0,0,242.4895617,551.4708059,0,0,0,0
1111.60146,112.8175211,0,0,0,0,0,0,0,0,0
729.33864,102.9270949,0,0,0,0,0,0,0,0,0
863.04936,0,0,0,0,0,0,0,476.3892653,0,0
977.65856,0,0,732.1647949,0,0,0,0,247.637856,0,281.657625
745.31005,0,0,0,0,0,0,0,0,0,0
580.08407,0,0,0,0,178.0972873,0,0,0,0,0
699.36504,212.4425816,0,0,0,0,0,0,0,0,0
1371.89814,0,0,129.3712158,0,0,0,0,0,0,0
623.07154,0,0,0,451.5720997,0,0,0,0,0,0
1305.77122,0,0,0,1305.339727,0,0,0,0,0,0
533.33215,0,0,0,0,0,0,0,0,0,0
458.06116,0,89.65397337,0,0,0,0,0,0,0,0
668.95399,0,0,0,0,0,0,0,116.352947,0,0
567.28792,112.2800056,0,0,0,0,0,0,0,0,0
779.18662,0,0,0,0,215.9622613,0,0,0,0,0
801.09405,0,0,0,0,0,0,162.0691909,0,0,0
390.17935,0,65.9072865,0,0,0,0,0,0,0,0
659.0613,0,0,0,158.4364551,0,0,0,0,0,614.4860938
743.39879,0,0,0,0,0,0,0,0,0,0
646.98772,0,478.8862394,471.9500461,0,0,0,241.9506498,493.7770471,0,0
1333.01571,0,0,1373.585253,0,0,0,0,837.0894729,0,0
1247.63737,1085.243951,0,0,0,0,1163.788626,0,0,0,0
451.05669,233.154366,0,0,0,0,649.6377982,0,0,0,307.7304375
1061.06444,404.1940508,0,0,87.87413085,0,314.6752416,0,0,0,0
621.29804,0,0,69.87855361,0,0,0,0,0,0,0
755.08449,0,0,0,0,0,0,0,122.5260211,0,0
631.0052,0,0,0,0,0,0,0,0,0,0
754.15275,0,0,0,0,0,0,0,0,0,2482.209141
531.01218,113.5455181,0,0,0,0,0,0,0,0,0
949.11881,579.2539062,216.8951423,0,0,0,190.0731008,238.240099,0,0,0
883.02986,0,0,0,0,713.0284504,0,0,190.6237144,1135.643682,0
1379.81274,998.615943,760.0166315,0,0,0,1002.645534,0,0,0,0
553.10971,0,0,0,119.9566895,0,0,116.012879,0,0,0
818.02378,0,194.2266823,0,0,0,0,0,0,0,0
873.07661,0,0,0,72.1308203,0,0,0,0,702.1654213,0
799.38699,182.5698977,0,0,0,0,271.5544049,0,0,0,0
1441.80743,0,0,0,1446.153428,0,0,0,0,0,188.760375
522.99475,0,0,0,69.61884275,0,0,0,0,0,0
1209.26749,0,0,0,0,0,0,0,0,335.9242243,0
1045.54116,0,0,159.1396349,86.24831055,0,0,0,0,0,0
691.07886,0,0,0,0,0,0,0,0,0,0
747.35756,0,0,0,0,0,159.1399954,0,0,0,0
1245.79674,0,270.3004577,0,0,0,0,633.7167582,0,0,0
638.89288,0,0,0,0,0,0,0,0,0,0
751.99507,0,0,0,0,0,0,371.9890935,0,0,0
504.96221,0,0,0,0,1781.105056,0,0,0,0,0
1106.96621,0,435.5059073,0,0,0,0,329.1964341,0,0,0
519.07546,0,0,0,0,0,0,0,87.77309753,0,0
683.23702,0,0,0,0,261.316059,0,0,120.7574911,391.7316577,0
446.0856,0,0,0,0,0,0,0,0,206.7809812,0
567.03432,102.4701759,176.2415165,0,0,0,0,250.7528234,0,0,0
982.23841,0,517.2532712,156.2938775,614.5985059,0,0,0,0,0,154.4522969
1148.99589,0,0,130.3059082,0,0,0,0,161.0163049,0,0
519.07431,0,0,0,0,0,0,126.563931,0,0,0
737.02611,0,0,0,0,0,240.3784693,0,0,0,0
537.98405,0,0,0,100.9950586,0,0,0,0,0,0
911.96961,0,0,559.0417209,0,635.645204,0,0,0,1712.323879,0
717.16552,0,0,178.6392958,0,0,0,550.1994122,0,0,0
812.886,0,0,0,0,0,0,0,70.76785006,0,0
885.04915,0,75.6204527,0,0,0,289.785773,192.8880724,262.0153778,0,0
747.57984,0,0,1075.607673,0,0,0,0,907.974257,0,0
989.09885,0,0,0,38.47104737,0,0,0,0,0,0
612.91249,0,0,0,0,85.95743816,0,0,0,188.6394928,0
435.0286,0,0,0,0,1657.764095,0,0,0,745.9550923,0
1143.99997,245.5313537,0,0,0,0,0,0,0,0,0
1095.68467,1087.211249,0,0,0,0,1748.294202,0,0,0,0
879.46495,0,69.23469252,0,0,0,0,0,0,0,0
434.08318,0,163.8596026,0,0,0,0,0,0,0,182.1716718
811.13021,0,0,0,0,0,0,0,138.89442,0,0
723.36446,417.5287957,0,0,0,0,0,0,0,0,0
715.35267,228.1512549,0,0,0,0,0,0,0,0,0
1011.60808,0,126.7186661,0,0,0,352.3303608,0,0,0,0
1333.84456,558.3216261,0,0,0,0,0,0,0,0,0
855.03863,0,0,0,0,155.6540256,0,0,287.9015032,0,0
677.24359,0,0,0,0,799.6401041,0,0,0,302.3755378,0
1185.01956,0,109.5908742,948.8934733,0,204.6535157,0,233.5537786,0,639.0289855,0
621.16773,0,0,0,0,754.9008681,0,0,0,0,0
1057.16365,0,0,163.4149034,0,0,0,0,120.211605,0,0
513.02869,0,0,0,0,0,0,153.4681022,0,0,0
1051.61404,0,0,0,0,0,0,0,801.3729975,0,0
843.39435,149.7750277,0,0,0,0,522.4902343,0,0,0,0
629.32459,0,0,130.7126465,0,0,1345.886513,0,0,0,0
479.08945,0,0,0,50.1896631,0,0,0,0,0,0
747.17188,0,0,0,0,0,0,0,116.2653036,0,0
629.32737,0,0,133.6443956,0,0,0,0,134.6170268,0,0
594.9592,311.4294801,0,0,310.7766211,0,0,0,0,0,0
1177.59145,446.7822006,0,0,0,0,2406.099198,318.6513285,0,0,0
1252.99388,0,511.0886695,0,0,0,0,0,0,0,0
691.31364,111.8903658,0,0,0,0,0,0,0,0,0
693.07051,0,323.0216401,0,0,0,0,369.9599706,894.1679193,0,0
873.62513,0,0,0,0,305.3311198,0,0,0,0,0
877.4743,679.5814436,0,0,0,0,0,0,0,0,0
1293.77158,0,0,93.15381535,0,0,0,0,1935.782165,0,0
1261.70952,0,0,0,378.9303711,316.7009331,0,0,1156.983312,0,0
1095.00576,0,0,0,0,0,0,0,0,695.2545572,0
443.12366,0,0,0,0,0,0,0,156.8551844,0,0
773.91677,127.4622857,134.0617451,0,0,0,0,199.2387647,0,258.5162194,0
768.99688,0,683.816526,0,0,0,1325.470164,0,0,0,0
769.11717,0,0,0,0,0,0,0,0,634.5358357,0
645.39369,0,0,0,0,0,0,237.1054301,0,0,0
849.36495,1498.327866,0,0,0,0,946.8977693,0,0,0,0
674.93922,0,767.5250432,234.7684733,0,0,0,985.7816174,164.5225722,0,0
427.25633,0,0,0,0,0,600.6904554,0,0,0,0
771.38256,173.869953,0,0,0,0,299.3633326,0,163.9237045,0,0
744.93953,0,0,0,0,0,0,0,0,0,0
1057.16412,0,0,0,0,0,0,0,0,0,0
931.08836,0,0,0,0,0,0,182.2454556,0,0,0
929.42722,583.1156319,0,0,0,0,220.556178,0,0,0,0
763.1824,0,0,0,0,0,0,0,0,0,0
384.03256,1544.321937,0,0,0,0,764.5826995,0,0,0,0
982.92142,0,0,0,0,0,0,0,0,0,0
937.41511,0,0,0,0,0,228.7883172,0,0,0,0
599.00549,0,0,0,0,0,0,0,0,338.9820822,0
867.38704,0,0,0,0,0,0,0,0,0,0
611.05275,0,0,891.3324924,0,367.0273438,0,432.7296952,662.9887015,0,0
1130.92047,0,0,409.7757975,0,0,0,0,694.3917252,0,0
839.16321,0,210.0966737,0,0,0,0,0,99.66227006,0,0
1090.99584,0,0,199.5180122,0,0,0,0,0,0,0
800.89802,0,0,288.7848578,0,0,0,0,0,0,0
645.99526,0,658.9871429,179.4876574,0,0,0,892.7278582,419.4108238,0,0
581.05634,0,0,0,0,0,0,172.1887763,0,0,0
557.16883,0,0,419.7818197,0,0,0,0,265.5114221,0,0
626.15153,0,0,0,0,0,0,0,0,0,0
1397.73389,0,0,0,1580.900273,0,0,0,0,0,0
739.31089,0,0,0,0,581.5628256,0,0,0,0,0
817.04388,0,0,0,0,0,0,472.1218286,0,0,0
975.1253,411.5763274,706.2902967,0,0,0,249.140625,0,132.8342934,0,0
1117.65481,0,226.3998275,0,0,0,0,0,0,0,0
1407.05593,0,91.38565828,0,0,0,0,150.1307241,0,0,0
985.03214,0,0,0,0,0,0,0,129.1475846,0,0
1063.13667,0,0,0,0,0,0,0,0,0,0
577.19193,965.4460385,0,119.9369439,0,0,299.1931538,0,0,0,0
1431.07748,1137.77826,0,0,0,0,1356.621916,0,0,0,0
847.00803,242.2905144,0,0,0,0,468.4130346,0,0,0,0
1261.77501,0,0,0,1034.092451,194.0618272,0,0,0,0,528.3407657
811.22218,0,0,136.9590251,0,0,0,0,0,464.9343864,0
1079.09976,0,0,0,0,0,0,0,0,0,0
731.18,0,0,157.5547417,0,0,0,0,118.9374753,0,0
687.0531,0,0,0,0,0,0,0,0,0,0
1283.64689,0,0,139.1831326,0,0,0,0,0,0,0
757.94465,0,0,211.4972195,0,0,0,0,0,0,0
1265.00724,0,0,230.5100369,0,0,0,0,263.6059385,0,0
1431.0809,0,0,0,1199.614004,0,0,0,0,0,0
475.05936,0,0,0,0,0,0,109.6618773,0,0,0
401.09541,0,0,0,0,0,0,0,0,0,0
1229.97866,0,244.3378067,0,0,0,0,198.8688312,0,0,0
413.07631,0,0,62.41407606,0,0,0,0,0,0,0
413.08126,0,0,0,0,0,0,0,0,0,69.85900782
799.431,225.565784,0,0,0,0,306.1526779,0,0,0,0
1303.0169,0,233.741193,0,0,0,0,0,0,0,0
1029.70453,0,0,298.5967,542.2059376,208.543099,0,0,114.403617,0,138.9986094
434.07252,167.7139796,0,0,0,0,0,223.776725,0,0,0
771.48404,0,0,1087.577501,0,126.9198026,0,0,1430.063736,0,0
807.36899,0,0,0,0,0,376.0150339,0,0,0,0
698.9765,187.2598002,605.0375767,636.5189344,0,0,0,909.5211169,0,0,0
527.03555,0,0,0,219.9450586,0,0,0,0,0,246.1195156
819.17621,0,0,0,0,1327.352778,0,0,0,1258.144928,0
829.08516,0,0,0,0,0,786.8966386,0,0,0,0
1457.34399,0,0,0,0,2002.413943,0,0,0,0,0
566.95968,0,495.817916,0,0,0,0,0,0,0,0
1089.55718,192.3901583,0,0,0,0,0,0,0,0,0
771.29965,0,0,0,0,0,488.1659129,0,0,0,0
917.62171,0,353.5470188,0,0,0,0,0,0,0,0
890.28567,0,0,1358.853082,0,1276.475217,0,0,0,0,0
1290.94021,0,0,236.1183268,0,0,0,0,198.6033673,0,0
805.12007,0,0,110.4906074,0,0,0,0,0,0,0
560.0452,0,0,0,0,0,0,0,0,0,186.5797813
993.13177,0,0,0,0,0,0,0,0,0,0
520.93125,0,0,0,0,0,0,386.1593634,0,0,0
581.97743,0,0,0,0,0,0,0,0,0,411.4725938
1373.16461,0,0,1405.497043,294.4635743,0,0,0,957.7968936,0,219.697125
737.04684,0,126.5011623,0,0,0,0,0,0,0,0
407.97205,0,838.5554304,0,0,0,0,0,0,0,0
841.25342,0,0,0,0,564.230382,0,0,0,0,0
371.11593,0,0,0,0,0,1042.477076,0,0,0,0
890.25109,0,0,0,0,675.8202691,0,0,877.1838904,0,0
1026.26023,376.3689159,254.9846626,0,0,0,0,654.2992343,0,0,0
991.29441,0,0,0,0,0,0,0,0,0,0
1271.05715,0,0,0,0,0,0,0,78.92378487,0,0
436.0699,0,0,0,0,0,0,0,0,0,100.5927734
519.22728,153.3013516,0,0,0,0,0,0,0,0,0
774.06296,0,0,381.9375814,0,0,0,0,0,0,0
1077.75807,0,0,584.2256877,388.2718653,0,0,0,259.5051672,0,521.7424687
783.02401,0,0,210.3957655,0,0,0,0,419.520718,0,0
1133.60444,216.7847933,0,0,0,0,0,0,0,0,0
1051.00163,0,221.4617283,0,0,0,0,0,0,0,0
644.12392,850.6574254,0,0,0,0,0,0,0,0,289.5462734
900.32871,0,0,238.5495334,145.5299512,597.1879123,0,0,433.2701864,0,250.0341875
1101.1154,0,0,0,0,658.8836154,0,0,0,0,0
617.28644,0,0,0,0,0,0,0,0,0,0
877.50182,939.7708106,0,0,0,0,0,0,0,0,0
547.17879,0,0,0,0,0,0,0,0,165.2203775,0
487.06211,0,0,0,524.3806983,0,0,0,0,0,0
1045.06371,0,69.91587785,0,0,155.899349,0,0,182.5117311,0,0
542.99008,0,0,0,0,0,0,731.0663676,0,0,0
517.10836,0,0,0,0,0,0,0,0,0,0
529.26475,310.3771087,108.9528255,0,0,0,0,0,0,0,0
425.27503,0,0,0,0,0,0,0,0,0,0
1015.06627,405.3160088,150.0147263,0,0,0,0,144.5241917,0,0,0
598.9596,0,0,0,0,593.3682726,0,0,0,0,0
907.9462,0,1195.081756,0,0,0,0,261.4412129,0,0,0
923.45491,539.2836698,0,0,0,0,0,0,0,0,0
687.06694,0,0,0,0,2281.446832,0,0,0,355.8297951,0
434.00245,0,364.9760592,575.8899332,56.89262205,0,0,551.1907874,437.9029742,0,0
793.01247,0,0,0,0,0,0,346.9617884,0,0,0
925.12198,0,0,0,62.41714845,0,0,0,0,0,0
1071.03152,0,0,115.9377442,0,0,0,0,0,0,0
947.06926,0,0,734.3743762,0,0,0,109.3022413,242.8947537,0,0
691.45823,0,0,0,0,3256.32934,0,0,0,161.001939,0
893.16937,0,0,479.5348036,0,112.1580403,0,0,226.3103738,0,0
837.08348,0,0,129.5017497,0,0,0,0,0,0,0
1133.01752,290.8413561,88.43893791,0,0,0,0,0,0,0,0
425.07191,0,0,0,0,224.5906901,0,0,0,480.3761039,0
580.97259,0,0,0,0,0,0,213.072401,0,0,0
933.16164,0,0,0,0,0,0,0,0,0,0
649.23651,0,0,0,0,0,0,0,0,0,0
925.06912,101.974039,0,0,0,0,0,0,0,0,0
1057.16352,0,0,0,0,0,0,0,0,0,0
419.19951,828.7012237,0,0,0,0,384.0660337,0,0,0,0
707.10246,0,0,0,0,0,0,387.6709468,279.8100772,0,0
893.12628,0,0,0,0,0,0,0,0,0,0
963.52252,1038.096412,588.3366565,0,0,0,0,284.6167814,0,0,0
1485.83657,0,0,0,1237.109463,0,0,0,0,0,313.6085
951.48463,265.7568446,0,0,0,0,1028.127519,0,0,0,0
711.30341,0,0,0,0,0,0,0,0,0,0
1213.05413,0,0,1380.053969,0,0,0,0,194.6739888,0,0
546.98613,0,0,173.8167724,0,0,0,0,164.278481,0,0
553.99633,0,121.2577885,0,0,273.8140842,0,0,0,0,0
863.13325,0,0,0,80.4833545,0,0,0,0,0,0
773.1105,0,0,153.0569526,1008.967417,0,0,0,0,0,250.1043906
557.13399,0,175.8435343,0,194.8753516,0,0,0,0,0,0
1423.02853,0,0,0,0,0,0,0,98.83360734,0,0
677.06183,0,0,0,0,0,0,0,0,0,0
649.12008,0,0,0,0,428.2147136,0,0,0,0,0
1011.25524,0,0,0,0,3709.739758,0,0,0,0,0
723.36368,0,0,0,0,0,331.6407278,0,0,0,0
737.08809,0,0,0,0,0,0,0,0,0,151.4926875
520.99402,652.4832861,0,0,0,0,0,0,0,0,0
1095.01633,0,0,203.2960883,0,0,0,0,0,0,0
671.03478,0,0,114.0790744,0,0,0,0,0,0,0
461.09847,0,82.08803442,0,100.6073828,0,0,0,0,0,125.16775
563.09142,0,0,151.6113688,129.1276465,0,270.40625,0,115.270582,1575.064934,0
621.23029,0,0,133.8930257,0,0,0,0,0,0,0
1026.38534,285.3158704,563.2094038,0,0,0,923.7850534,366.3911278,0,0,0
953.10072,0,0,0,0,0,0,0,109.9310473,0,0
504.03917,0,0,0,0,0,0,346.2024675,0,0,0
793.37366,0,0,0,0,0,181.4505808,0,0,0,0
401.165,126.7584348,0,826.0853272,0,0,0,0,715.3744066,0,0
495.13871,78.55191337,0,0,0,0,0,0,0,0,0
835.06126,0,0,152.0180393,0,0,0,0,0,0,0
851.05342,131.2874205,0,0,0,0,0,0,0,0,0
680.95852,0,0,0,0,1451.35638,0,0,0,1949.175074,0
858.02011,0,0,0,85.3845996,0,0,0,0,0,0
719.33918,162.6115701,0,0,0,0,0,0,0,0,0
1290.89923,0,0,0,0,0,0,129.6762163,0,0,0
939.53731,0,925.6550877,0,0,0,838.0864001,400.4359917,0,0,0
971.11569,0,0,124.5380995,0,0,0,0,0,0,0
1347.74773,0,0,0,0,0,0,0,0,0,0
769.46004,0,0,0,0,0,0,0,0,0,0
839.18612,0,0,456.8401422,0,0,0,0,435.6544638,0,0
597.03133,0,0,0,0,1214.674653,0,0,0,452.4220165,0
615.04345,0,0,0,0,520.9216146,0,0,0,0,0
561.1985,213.6677613,0,0,0,155.5838324,0,0,0,0,0
1263.02306,0,0,0,0,0,0,0,91.71305133,0,0
1333.06359,0,76.66642902,928.1210802,0,0,0,0,650.1674804,0,0
1023.54157,0,0,1172.620605,0,0,0,0,812.0226834,0,0
693.27406,0,0,109.5144247,0,0,0,0,0,0,0
395.1098,0,0,0,0,0,0,0,0,0,0
647.07756,0,0,0,0,0,0,0,0,0,271.3168125
907.44266,698.1401411,0,0,0,0,1035.87996,0,0,0,0
1604.9744,0,0,0,0,0,0,0,98.39176228,0,0
499.01975,0,0,192.623169,0,0,0,0,358.8659884,0,0
1039.6273,0,0,74.99246556,0,135.1279514,0,0,119.803167,0,0
905.57763,753.2236933,0,0,0,0,416.2776137,0,0,0,0
431.05915,0,0,0,0,303.38648,0,0,255.2417178,0,215.3824531
413.9637,0,0,724.0754938,0,0,0,1039.477568,0,0,0
1337.79359,0,0,529.0369602,0,0,0,0,1060.197847,0,124.5961172
481.07849,0,0,0,0,0,0,0,0,0,112.3815703
1189.04393,0,0,177.8899604,0,0,0,0,110.3974733,0,0
445.04735,0,0,103.4740058,0,0,0,0,0,0,0
867.46603,0,0,0,0,0,0,716.0498917,0,0,0
1013.7041,0,0,0,0,0,0,0,0,0,0
921.12372,0,0,132.6331651,76.8459668,0,0,0,696.3962372,0,0
709.06184,0,0,0,173.803086,0,0,0,0,0,460.6403281
611.16607,0,0,0,0,0,485.192537,0,0,0,0
604.91374,0,0,0,0,0,744.5352591,0,0,0,0
900.23887,155.515625,0,0,0,0,0,2743.118019,0,0,0
395.08561,0,0,0,63.217251,0,0,0,0,0,122.0634453
960.99068,0,0,549.6555448,0,0,0,536.6056235,300.289149,0,0
893.12581,0,0,0,75.72981935,0,0,0,0,0,0
903.13976,0,0,0,0,0,0,0,199.9467773,0,0
385.08154,0,0,0,0,0,0,0,0,0,0
1265.70064,1301.869642,286.0173864,0,0,0,329.2578896,0,0,0,0
697.02173,0,0,0,0,259.1742621,0,0,0,0,0
1143.57405,0,0,0,0,0,0,0,56.58230939,0,0
449.06915,0,0,0,0,325.1178602,0,0,0,0,0
753.30363,2235.353498,0,0,0,0,0,0,0,0,0
896.95276,0,0,327.2994792,0,0,0,0,191.3187549,0,0
1215.06439,0,0,0,0,0,261.0003084,0,0,0,0
1086.99746,0,0,0,0,0,0,0,0,0,0
1026.19815,0,0,394.5665555,266.3447657,898.9715279,0,0,0,0,0
1009.04741,0,0,407.9290093,0,0,0,0,341.9259791,0,0
594.14505,0,0,0,0,0,0,0,0,0,0
682.08657,0,0,0,0,0,176.9347888,0,0,0,0
885.41988,705.8990943,0,0,0,0,1305.152087,0,0,0,0
504.04231,0,0,0,0,290.5242839,0,0,0,0,0
1134.94305,86.12531112,0,0,0,0,0,0,0,0,0
1039.09172,281.8286089,0,0,859.9590528,0,0,0,0,0,0
725.03474,509.011857,0,530.931505,0,0,0,0,241.3867435,0,0
460.15728,0,0,288.2394206,0,0,0,0,1310.689527,0,0
1344.83594,0,0,0,0,0,0,0,0,0,0
1334.96072,0,0,0,0,0,0,0,157.0749728,0,0
719.4534,0,0,0,0,0,0,473.2706142,301.2520273,0,0
653.07896,0,68.55776098,0,0,0,499.9570312,0,226.5706339,0,324.5382813
983.08822,0,0,92.56452771,74.44192385,0,0,0,106.3841723,0,0
863.11034,0,92.32829877,0,58.2792285,0,0,0,343.1732348,0,0
1377.8499,1084.390314,484.1004481,0,0,0,0,201.2878636,0,0,0
767.21885,0,0,0,0,0,0,0,0,0,0
1187.05686,0,44.86389834,0,0,0,0,0,0,0,0
434.11492,188.8677406,0,0,505.1017286,0,0,677.3537477,0,0,402.2654531
697.01827,0,0,0,0,0,0,406.4481746,0,0,0
581.10252,0,0,110.7345378,0,0,0,0,0,0,0
1095.62408,0,0,0,0,0,0,0,303.8721074,0,0
747.06589,0,0,196.5295546,0,0,575.0684108,365.2745784,0,0,0
649.12168,0,158.2590347,0,0,0,0,0,0,0,0
781.22168,0,0,0,0,0,0,0,0,0,0
999.05083,328.1712009,0,0,0,0,238.9939093,0,0,0,0
835.07879,0,0,0,0,0,0,0,0,0,168.1126484
585.26011,0,0,0,0,0,0,0,0,0,0
1165.7073,318.5861796,0,0,0,0,0,0,0,0,0
717.14408,0,0,0,0,0,0,0,0,0,0
830.02372,0,0,0,0,0,193.8934262,0,0,0,0
1616.39193,0,0,0,0,1574.156597,0,0,0,702.4561255,0
667.0364,0,0,0,0,138.8633247,0,0,0,0,0
481.21361,0,0,0,0,265.2715929,0,0,0,0,0
542.97485,0,0,0,0,0,0,595.989983,0,0,0
601.02668,0,0,135.658488,0,510.1537436,0,0,134.9366223,309.0540648,0
503.26682,0,0,0,0,0,287.9710886,0,0,0,0
1058.9846,0,194.4977473,184.4770779,0,0,0,658.8954982,0,0,0
481.06288,0,0,0,0,0,0,0,0,0,0
379.06851,0,0,0,0,0,0,0,0,0,0
744.97953,0,0,0,70.4235547,0,0,0,0,0,0
849.3157,1029.257813,0,0,0,0,346.2902446,0,0,0,0
1529.81461,0,0,0,1425.46335,0,0,0,0,0,0
741.3858,0,0,0,0,0,0,0,72.89167576,0,0
1067.61188,0,0,0,590.339043,0,0,0,273.1888103,0,0
1027.55689,0,0,0,0,0,487.3395867,0,0,0,0
695.98828,0,0,0,0,0,0,0,0,340.7649739,0
1113.92669,0,120.7801117,314.8757731,0,0,0,139.5271407,0,0,0
391.99852,0,287.5541363,0,0,0,0,0,0,0,289.7895
479.08495,0,0,0,0,535.1675348,0,0,0,0,0
1245.76911,0,0,0,177.5110499,0,0,0,0,0,139.9474375
769.07464,0,589.2007945,0,0,0,0,856.5079671,0,0,0
1060.0245,424.2870921,0,0,0,1065.27283,0,0,0,0,0
863.0482,0,149.6026649,0,0,0,0,0,0,0,0
705.3073,0,0,0,0,0,0,0,0,0,0
742.00078,762.314505,0,0,0,0,0,403.2933942,540.8845431,0,0
743.36802,0,0,0,0,0,0,0,116.5035972,0,0
775.00447,0,0,0,0,0,200.8302324,0,0,1207.347769,0
731.08026,0,0,270.8826497,149.6459278,583.3782118,0,0,0,0,123.4148828
525.16433,0,0,0,0,0,0,758.2707302,0,0,0
425.07234,0,0,0,111.8779395,0,0,0,0,0,0
406.11441,0,0,157.1321615,0,0,0,0,0,0,0
761.49537,675.7732474,0,0,0,0,816.0717003,0,0,0,0
951.04137,0,0,0,0,341.6263889,0,0,0,0,0
741.95125,0,0,0,0,0,0,384.5201501,0,0,0
577.20136,570.8398092,0,0,0,0,0,0,0,0,0
473.16234,456.8381672,0,0,0,0,0,0,0,0,0
600.13217,0,483.0874233,0,0,0,0,341.5448639,0,0,1349.389812
1097.57913,0,0,0,0,0,2538.983501,0,0,0,0
977.10407,0,0,0,127.2839649,0,0,0,151.8558025,0,261.7240078
983.53543,1204.480642,0,0,0,0,1095.962197,0,0,0,0
923.03599,0,133.3250815,211.5872667,0,229.6832031,0,139.7426903,168.2025564,0,0
907.05,0,0,0,0,0,0,0,0,0,0
406.93408,0,0,0,0,0,0,2653.587533,0,0,0
655.02586,0,0,0,0,0,0,0,96.02470456,0,0
781.0599,0,0,0,0,0,0,0,0,0,0
1110.97016,0,0,0,0,0,0,0,0,303.8379472,0
623.29528,0,0,0,0,0,0,0,0,0,0
797.5377,0,199.9781382,0,0,0,0,307.3444558,0,0,0
850.97857,0,0,0,0,2642.627908,0,0,0,303.5993546,0
819.86524,0,0,0,0,0,0,0,49.60888981,0,0
801.08654,0,0,0,0,0,0,0,0,0,127.5663203
1025.0166,0,0,0,0,0,0,593.8620437,0,0,0
429.24664,0,279.6892494,942.4799262,0,0,0,0,171.6584504,0,0
1027.5106,0,0,0,0,0,0,0,0,0,0
729.96055,221.9341296,0,0,0,0,329.8859478,1967.951268,0,0,0
639.08393,0,0,0,47.54155762,0,0,0,0,0,0
821.27004,0,0,0,0,0,633.5445878,0,0,0,0
566.93846,0,0,0,0,0,0,0,0,368.1002038,0
868.99728,0,0,282.964464,0,0,0,0,0,0,0
808.99375,0,0,659.4040663,0,0,0,0,0,0,0
1403.86933,0,0,0,0,0,0,0,116.1398215,0,0
561.07647,0,117.5984351,276.1043837,0,0,0,0,344.9034316,0,0
566.18713,0,0,0,0,0,5265.923931,0,0,0,0
823.50385,0,0,0,0,0,0,0,0,0,0
621.25676,676.6107923,0,0,0,0,282.2471474,0,0,0,0
387.16418,117.4981073,0,0,0,0,0,0,0,0,0
709.03995,0,0,0,550.1594043,0,0,0,0,0,139.6266718
889.27639,1495.013585,0,0,0,0,1435.969418,0,0,0,0
893.05013,0,0,0,0,0,0,249.2248994,0,0,0
711.12079,0,0,0,0,0,0,0,0,392.0142946,0
935.5792,0,0,262.7870551,0,0,0,0,185.8377546,0,0
739.31623,0,764.0730685,0,0,0,0,420.796991,0,0,0
1283.83247,0,0,176.0688544,0,0,0,0,92.50676177,0,90.36303904
737.08386,106.3177285,0,0,0,0,0,0,0,0,0
571.27651,0,0,0,0,0,0,0,0,0,0
550.96358,211.1806554,0,0,0,0,0,0,0,0,0
603.36304,0,160.0252468,0,0,0,2323.970909,0,0,0,0
449.25065,173.0525442,0,0,0,0,175.4834884,0,0,0,0
915.31207,611.488359,0,0,0,0,976.5511411,0,0,0,0
541.13025,0,0,0,197.633418,0,0,0,0,0,0
903.10163,0,264.2182707,307.9212511,0,0,0,614.8529936,0,0,0
1108.92897,0,0,160.8200276,0,0,0,0,481.1804663,0,0
961.59229,394.9959901,306.8556605,0,0,0,0,0,0,0,0
425.07894,111.865848,0,0,0,0,0,0,0,0,0
681.24759,0,417.1313746,0,0,0,0,0,0,0,0
797.09286,0,0,0,0,834.4289497,0,0,0,0,0
1007.56281,0,0,164.025689,134.6121289,0,0,0,419.7202334,0,0
1475.00285,1106.735205,0,0,0,0,1597.98769,0,0,0,0
893.3271,534.8968819,0,0,0,0,0,0,0,0,0
946.92135,0,343.370902,0,0,0,0,0,0,0,0
881.39212,1155.318187,0,0,0,0,509.443565,0,0,0,0
957.59015,0,0,0,0,0,0,0,100.2020742,0,0
1259.04781,0,81.29397528,0,0,0,0,0,0,0,0
425.07237,0,0,0,0,118.2793946,0,0,0,0,0
888.95232,0,0,0,0,0,0,293.6537554,0,0,0
921.60904,0,0,114.0295953,178.1343995,0,0,0,1409.551214,0,0
575.09754,0,0,0,0,0,0,0,0,0,0
1247.12144,0,83.3216665,0,1019.567793,0,0,164.2326346,0,0,881.5212656
1431.09093,0,0,0,1095.118125,0,0,0,0,0,442.8088906
595.18748,371.1926507,0,0,0,0,0,0,0,0,0
705.39417,194.883573,0,0,0,0,0,0,0,0,0
859.37873,1509.48759,0,0,0,0,953.2811987,0,0,0,0
428.21157,0,0,0,0,901.9074653,0,0,0,1168.579555,0
566.93935,0,0,0,0,0,0,0,0,0,162.2476562
1113.11145,0,0,0,107.3108008,0,0,0,62.14134815,0,230.6394219
754.14274,0,0,0,119.5001856,0,0,0,0,0,0
715.10385,0,0,0,464.7356592,0,0,0,197.6822092,0,0
771.21027,0,0,0,0,0,0,0,212.1515279,0,0
977.67042,0,0,0,0,0,0,0,0,296.537449,0
675.38796,0,0,0,0,0,0,0,870.3136867,0,0
676.72903,0,0,535.2161458,0,0,0,0,0,0,1565.530906
789.16302,0,0,0,0,0,0,0,0,0,0
1086.13735,107.0581876,0,0,98.63356445,0,0,121.2410465,0,0,126.3442969
734.99784,0,0,0,0,0,0,365.1915996,453.5514241,0,0
537.06928,0,0,0,52.93646975,0,0,0,0,0,0
436.03995,0,0,0,0,0,0,0,0,0,0
1026.3051,0,0,0,533.4125,0,0,0,0,0,855.60175
1043.18972,0,0,0,0,0,0,0,0,0,90.82706248
564.05136,0,0,0,0,1525.756337,0,0,0,347.2058141,0
441.0321,0,0,315.752143,0,572.681033,0,489.8440594,279.9053723,0,0
681.06629,0,0,0,250.5070899,0,0,0,0,0,0
829.10006,143.2899008,0,0,0,0,0,0,0,0,0
1231.17726,0,0,0,0,1372.320313,0,0,0,548.7430933,0
686.97853,0,0,0,0,0,0,0,0,240.1507586,0
885.58285,0,0,0,0,332.5789713,0,0,209.7214696,0,0
823.38737,0,0,0,0,0,0,0,0,0,0
1017.56734,0,191.3794335,0,0,0,0,0,0,0,0
633.09813,0,0,0,66.1371631,0,0,0,0,0,0
1115.5818,258.5676335,261.1201052,0,0,0,1213.470523,0,0,0,0
963.56624,0,751.8324866,0,0,0,0,0,0,0,0
428.18942,0,0,0,114.3496094,0,0,286.7219988,359.0098089,0,767.4046562
767.21096,0,0,0,0,0,0,0,0,0,0
579.03641,0,0,0,0,290.6960287,0,0,0,0,0
622.98636,0,0,560.5797797,0,0,0,0,1195.419427,0,0
619.41993,0,0,0,0,0,0,0,105.6774995,0,0
787.08522,0,228.7910995,0,925.556084,0,170.169742,0,102.1922221,0,143.1537969
717.249,0,0,0,0,0,0,0,0,0,0
1188.01554,985.9983926,0,151.1734483,0,0,0,0,154.9989246,379.8326257,0
415.07948,0,0,0,214.7425196,0,0,0,156.5781682,0,0
690.03894,74.59141662,0,0,0,0,0,0,0,0,0
487.10745,1245.114007,0,0,141.0751563,0,757.8778268,0,0,0,0
890.30696,0,0,0,0,0,0,1965.058671,0,0,0
406.81495,0,0,0,0,962.3605034,0,0,0,1150.480752,0
903.54718,0,65.23542344,0,0,0,279.3666992,0,0,0,0
653.1154,0,168.7200321,0,0,0,0,1004.513943,0,0,0
765.09889,0,0,0,0,0,0,0,230.2762559,0,0
1057.36585,0,0,0,66.2505908,0,0,0,0,0,0
541.94982,0,0,0,1010.283398,0,0,0,0,0,354.8745
404.93393,0,0,269.7446018,0,0,0,0,0,0,1826.772047
487.22154,0,0,0,0,0,545.1677117,0,0,0,0
639.29196,511.9379321,0,0,0,0,0,0,0,0,0
1055.21494,0,0,0,0,0,0,0,0,0,0
907.55459,0,0,0,0,1416.004666,0,0,0,0,0
771.37769,0,0,0,0,0,0,0,43.43641527,0,0
937.10381,0,0,0,0,0,0,0,0,0,128.3538125
1189.80242,156.9076155,0,0,0,0,0,0,0,0,0
1031.56326,0,0,0,0,0,0,0,0,0,0
455.10291,179.5453712,0,0,0,0,0,0,0,0,0
651.08408,0,0,176.8643799,253.2350196,0,0,0,167.4870327,0,131.2705313
1173.6579,672.387825,340.7803154,0,0,0,1531.826686,0,0,0,0
765.09907,0,239.3432228,0,237.143916,0,0,0,0,0,0
593.06994,0,0,0,0,0,0,0,0,172.8415422,0
1055.04411,0,0,0,0,0,193.0666375,0,0,0,0
415.10916,0,0,122.8396674,0,0,0,0,0,0,0
385.1094,0,0,0,49.07379395,0,0,0,0,0,0
1587.37089,0,0,0,0,911.5052518,0,0,0,857.7557178,0
983.26747,0,0,0,67.4682129,0,0,0,0,0,0
1279.99569,0,134.1858105,0,0,0,0,0,0,0,0
1188.84188,0,56.96336992,0,0,0,0,0,0,0,0
649.15906,0,0,0,0,0,0,0,0,578.6187161,0
544.83191,0,0,0,0,0,0,1146.530399,0,0,0
742.04083,0,0,0,0,0,0,0,0,0,239.8556172
585.03326,0,0,0,0,0,0,0,0,0,0
1406.99854,0,0,354.394043,0,0,0,0,0,0,0
683.11017,0,0,0,0,0,0,0,0,0,0
998.8458,0,0,517.3919949,0,0,0,0,220.819818,0,0
703.07924,0,167.8530004,0,588.8682618,0,309.0722913,0,0,0,0
820.89574,0,0,0,0,0,0,86.98880338,0,0,0
1113.94797,0,0,151.5198568,0,0,0,0,189.1940146,0,0
483.05334,0,0,0,0,0,0,0,0,0,326.2672187
1449.95026,0,0,520.3484565,0,0,0,0,1198.794094,0,0
1193.2812,0,0,0,0,203.4101346,0,0,0,0,0
961.61018,0,0,0,0,0,0,0,0,0,0
811.39677,0,0,0,0,0,269.9234683,0,0,0,0
925.12893,0,0,0,0,0,0,0,0,0,0
823.46041,0,424.1170317,0,0,0,920.3767475,0,0,0,0
789.41083,0,0,73.35405139,0,0,0,0,0,0,0
803.41154,0,0,0,0,0,0,0,0,0,0
835.15139,0,0,0,0,252.8679904,0,348.0270731,0,255.1563067,0
522.03001,0,0,0,0,93.89307726,0,0,0,0,0
1593.40299,0,0,0,0,862.0011286,0,0,0,1814.03735,0
667.30753,0,0,0,0,0,0,0,0,0,0
415.10362,110.4055413,0,0,0,0,0,0,0,0,0
1263.96569,111.1098935,0,0,0,0,0,0,0,0,0
813.08831,163.8253077,0,0,0,0,286.5070929,0,0,0,170.6561562
1017.49163,114.5393564,0,0,0,0,0,0,0,0,0
845.03429,0,293.3147347,0,0,0,0,162.6633856,0,0,0
979.57273,0,0,280.9527181,244.9499024,0,0,0,0,0,0
497.07837,0,90.10358755,0,0,0,0,1954.390915,0,0,0
1677.41851,0,0,0,0,2101.952669,0,0,0,0,0
745.37676,0,529.9740702,0,0,0,0,218.3246249,171.9436313,0,0
1033.06634,0,0,0,0,230.0902561,0,0,0,0,0
709.36514,0,0,0,0,0,2277.393966,0,0,0,0
549.06926,0,0,0,0,88.75524089,0,0,0,0,0
908.00866,0,571.9722728,235.7428928,0,0,0,543.0718982,0,0,0
415.20995,0,128.7088885,0,0,0,0,0,281.881292,0,0
649.21139,0,0,0,0,918.8827691,0,0,0,535.034477,0
1343.8754,0,0,0,0,0,0,568.0766166,0,0,0
867.02306,0,0,0,0,0,204.9953999,0,0,0,0
1235.98598,0,0,179.9113905,0,444.7173828,0,0,0,0,0
788.91781,0,204.617499,0,0,0,362.5988128,0,0,0,0
1283.15372,0,0,0,0,0,0,0,101.9585085,0,0
961.03529,0,0,626.2979194,0,0,0,0,529.6002275,0,0
1387.80578,0,0,0,0,0,0,0,0,0,0
1276.01835,710.5736484,0,0,0,0,366.7593287,0,0,0,0
796.96983,0,0,528.3166775,0,0,0,320.3259592,0,0,0
903.57338,0,0,0,0,0,0,0,131.8279643,0,0
689.2216,0,0,0,55.7546875,0,0,0,0,0,0
963.51729,0,0,352.4061958,587.4310254,0,0,0,578.5131527,0,0
773.02979,177.8989215,0,0,0,1026.711719,0,0,0,0,0
949.08444,114.5095323,0,0,0,0,0,0,0,0,0
811.29439,0,0,0,0,0,0,0,0,0,0
769.01614,0,413.354618,0,0,0,0,563.1312075,0,0,0
907.61997,296.206893,0,0,0,0,611.1897616,0,0,0,0
787.08115,0,0,121.9690484,854.9082471,179.844911,0,0,345.4373022,0,0
699.03176,0,296.1499952,502.6150174,0,0,0,0,0,0,0
771.09296,0,0,0,89.6641992,0,0,0,0,0,179.4397813
956.91865,0,0,0,0,0,0,0,0,0,0
481.16958,0,0,1028.18533,0,0,0,1098.208462,0,0,0
611.24324,412.6756775,0,0,0,0,0,0,0,0,0
722.9489,0,233.4081672,0,0,0,0,0,0,0,0
577.06641,0,198.7515937,0,62.8903955,0,0,497.3493,0,0,194.2843906
873.46849,0,186.0056077,0,0,0,0,0,0,0,0
387.14556,0,0,520.2627089,0,0,0,0,744.3025736,0,0
558.07211,0,0,0,0,0,773.7680407,0,0,0,511.4075
1421.87611,291.9600042,441.3138301,0,0,0,1066.249332,0,0,0,0
548.02872,87.64296702,0,0,0,0,0,0,0,0,0
693.2403,0,0,176.9821099,0,0,0,0,158.0319793,0,0
776.89897,0,0,0,0,1265.05089,0,0,0,194.26738,0
555.29179,0,0,0,0,0,638.4438734,0,0,0,0
489.25401,0,70.79618601,0,0,0,0,0,0,0,0
1057.09528,0,99.10039423,131.9167888,0,0,0,0,654.908883,0,0
1149.6685,0,281.4177291,0,0,0,0,0,0,0,0
653.29719,0,0,0,71.1905371,0,0,0,0,0,0
981.18169,0,0,552.8359511,0,0,0,0,979.1069954,0,0
429.11005,0,0,0,198.2135987,0,0,0,0,0,0
977.6592,0,330.9772335,0,0,0,0,0,0,0,0
763.09033,0,530.1231188,219.5172797,116.0018555,666.413737,0,0,100.4979418,433.9759114,0
645.06129,0,0,0,161.9810205,0,0,0,0,0,0
431.09506,235.1176715,0,0,0,0,0,0,0,0,0
702.12388,0,0,0,0,0,0,0,0,0,145.8722656
909.10549,0,0,0,525.9698926,0,0,0,0,0,0
610.96172,0,0,0,0,0,0,0,0,0,0
1309.65854,273.8957412,182.076136,0,0,0,0,0,0,0,0
799.05853,0,0,0,0,239.9463542,0,0,0,0,0
795.15465,0,0,0,0,0,0,0,423.1171009,0,0
765.08679,0,0,0,0,0,0,0,0,0,0
458.02418,0,205.9749509,0,0,0,0,0,0,0,0
796.96254,0,0,0,0,0,0,386.7485303,0,0,0
375.13144,0,0,0,0,1159.519423,0,0,0,395.6612601,0
1113.01688,0,0,217.4211426,0,0,0,0,0,0,0
436.10619,0,0,103.1871202,0,0,0,0,0,0,0
875.1212,0,0,0,332.8855127,0,0,0,0,0,128.3254218
851.4645,0,0,325.7334256,0,0,0,0,308.1525168,0,0
483.04245,218.9925159,0,0,295.1973828,0,0,0,0,0,0
1095.65025,0,559.0744824,0,0,0,0,0,0,0,0
377.03147,0,0,49.14818658,0,0,0,0,0,0,0
643.39166,1638.607992,0,0,0,0,0,0,0,0,0
1249.83824,0,0,79.75252278,0,0,0,0,0,0,0
1103.93795,70.5589308,285.55567,0,0,0,0,172.3498221,0,0,0
709.07609,0,0,0,0,0,0,254.6981551,0,0,0
604.9846,0,0,0,238.4204297,0,0,2045.95328,0,0,0
461.23104,0,0,0,0,0,0,0,0,0,0
758.15274,0,0,0,0,0,0,0,0,0,0
1249.14208,0,0,0,0,0,0,0,0,0,0
729.08506,0,0,0,0,205.5205947,0,0,0,263.1672894,0
742.04299,0,0,0,0,0,0,0,0,461.9983583,0
799.08909,87.73084901,163.6030303,0,85.25529295,0,0,382.1375793,128.4104282,0,138.9866718
849.30031,459.5934216,0,0,0,0,0,0,0,0,0
967.61716,0,0,0,0,0,1106.987099,0,0,0,0
819.38592,93.36981469,0,0,0,0,0,0,0,0,0
527.05596,752.4893702,0,0,0,0,0,0,0,0,0
1504.86625,0,0,73.88534882,0,0,0,0,0,0,0
458.02613,0,0,0,0,0,0,0,0,0,0
796.89498,0,0,716.6071778,0,0,0,0,0,1055.67496,0
1083.56316,0,0,0,121.1723633,0,0,0,0,0,0
781.29457,0,0,715.1665581,0,0,0,0,148.9396015,0,0
991.05305,0,0,0,0,0,0,0,0,0,0
501.05025,0,0,0,0,0,0,0,0,159.5886125,0
533.11695,0,0,606.8010933,0,0,0,0,381.426523,0,0
814.06233,0,0,0,0,0,0,603.5195119,0,0,0
443.0898,0,0,129.2540554,0,0,0,0,0,0,0
829.0711,0,0,0,0,0,0,0,0,573.6733186,0
915.01694,404.9784983,0,0,0,0,0,1142.024559,0,0,0
1305.74255,0,0,0,343.3282618,0,0,0,286.8476315,0,441.9541875
1809.11982,0,0,895.8431736,0,0,0,0,778.272152,0,0
863.0794,0,246.6068947,0,0,0,0,835.4004099,0,0,0
416.08041,0,0,0,0,0,0,0,0,0,0
1091.02242,0,0,0,0,0,0,0,127.6432333,0,0
700.98604,0,412.2107937,0,0,0,0,0,470.6790942,0,0
1328.85656,302.7749585,0,0,0,0,0,0,0,0,0
1033.68593,0,0,0,0,0,0,172.1942489,0,0,0
605.11021,0,0,0,0,0,0,0,0,0,0
693.0471,0,145.3867667,0,0,0,0,0,0,0,0
637.09214,0,0,0,282.1436035,0,251.1964689,0,196.5173062,0,0
810.98877,0,0,0,0,570.7282118,0,183.9261487,0,0,0
595.04514,0,142.0126294,351.1721327,0,0,0,564.8438854,0,0,0
1403.82399,0,0,0,0,0,0,0,0,0,0
919.08085,0,0,0,0,0,0,0,0,871.9985281,0
795.25326,0,0,0,0,0,0,0,233.2490358,0,0
839.11911,0,0,0,0,975.0739149,0,0,0,1329.204229,0
770.01943,368.239906,0,0,364.1575684,0,1083.699373,0,0,0,0
979.53253,0,837.454479,0,0,0,0,272.2011526,0,0,0
843.08098,0,0,0,0,0,0,0,0,0,269.227289
594.16782,0,0,0,0,0,0,0,0,0,0
688.99821,0,0,0,0,0,0,0,119.1118473,0,0
828.96126,0,0,0,0,0,0,446.268835,0,0,0
1159.58943,0,0,0,0,0,0,0,0,0,0
893.1841,0,0,0,0,0,0,0,178.4746094,0,0
505.0408,0,0,0,69.00297365,0,0,0,0,0,0
1435.74959,663.4390211,0,0,0,0,770.1009458,0,0,0,0
1441.79918,0,0,0,0,0,415.7114514,256.3731243,0,0,0
1065.02319,0,0,292.4572211,483.777124,0,0,0,0,0,138.3279531
895.44275,763.0673396,0,0,0,0,0,0,0,0,0
1019.04478,0,0,255.5375976,0,0,0,0,0,0,0
905.96455,0,0,0,0,0,0,0,0,0,0
1005.63014,0,0,0,0,0,0,0,1358.849671,0,0
605.28545,762.3793817,0,0,0,0,886.9690968,0,0,0,0
907.00927,0,0,0,0,0,0,0,0,0,0
907.49528,0,0,0,0,276.8901259,0,0,0,0,0
1537.1323,0,0,0,0,0,0,705.9305771,0,0,0
1626.97855,0,0,0,0,0,0,0,63.31962646,0,0
717.416,0,0,0,0,0,0,0,92.30660975,0,0
688.03081,0,0,0,0,0,584.6390317,0,0,0,0
971.20605,0,0,623.6852892,0,0,0,0,987.331648,0,0
797.31774,696.4502558,0,0,0,0,457.8125,0,0,0,0
983.22017,0,0,0,0,758.096875,0,0,0,1508.963655,0
561.09091,0,211.5174703,451.3067627,0,0,0,0,461.2714349,0,0
673.08037,129.0916413,0,0,68.44901365,138.6101346,0,0,0,0,753.1851562
863.08984,0,178.497939,0,0,0,0,0,0,0,0
564.07557,0,135.5317173,0,475.8150098,0,0,0,0,0,700.9903438
533.10564,0,0,0,0,0,0,0,192.263573,0,0
711.06517,108.8644912,0,0,0,0,0,0,0,0,0
982.2253,199.0087804,591.0104906,0,0,0,253.4026779,328.0557221,0,0,0
1026.34086,0,0,443.9080404,262.2483008,0,0,0,580.6651998,0,0
437.0151,0,0,0,0,0,0,1902.573107,0,0,0
1312.92072,0,0,0,0,0,0,0,0,0,0
494.97885,0,279.8030339,0,0,0,0,676.9625812,214.4616792,0,0
1005.51592,0,0,0,48.42654785,0,0,0,0,0,0
774.96038,426.9990666,0,0,0,0,0,0,0,0,0
895.46473,0,0,0,0,0,1749.562705,0,0,0,0
473.22672,0,115.2965874,150.459649,0,0,0,0,286.8420317,0,0
1188.85375,0,0,0,0,0,0,0,81.51035899,0,0
607.08441,0,0,461.1967231,0,0,0,0,0,0,0
1245.69733,0,0,0,0,0,0,0,413.7416312,0,0
1353.73658,1004.43107,0,0,0,0,1095.571238,464.9560644,0,0,0
995.53675,0,464.491828,0,0,0,0,1568.667776,0,0,0
883.03938,1160.502783,0,0,0,0,0,170.235632,0,0,0
807.48915,0,365.3075633,0,0,0,0,0,0,0,693.7603126
827.1378,0,0,0,0,0,0,0,0,0,0
1111.13077,0,0,518.469496,0,0,0,167.7611193,661.7443632,0,239.3205782
557.16754,0,0,0,51.77083985,0,855.3583214,243.2521465,0,0,0
909.12024,0,0,195.3511556,0,0,0,0,183.8478416,0,0
1039.56515,763.8161643,0,0,0,0,0,0,0,0,0
820.06017,0,149.4937572,0,0,0,663.04099,0,0,0,0
1273.98752,0,0,254.4555122,0,0,0,0,0,0,0
1061.0759,75.96293383,0,0,0,0,0,0,0,0,0
473.25349,0,0,0,0,0,0,0,0,236.4142181,0
731.12464,0,0,338.8257922,0,0,0,0,168.4044699,0,0
1136.87117,0,0,378.745714,0,0,0,0,0,0,0
1071.58547,695.4461422,0,0,0,0,2301.820133,0,0,0,0
1356.89493,0,0,0,90.78862305,0,0,0,0,0,0
397.06613,0,93.6447889,97.41257056,244.745,0,0,0,0,0,733.1461719
1277.33703,0,0,0,0,1196.82845,0,0,0,515.7364697,0
695.30938,100.1549191,0,0,0,0,0,0,0,0,0
929.71363,233.8132432,0,0,0,0,0,0,0,0,0
829.07297,0,174.0914853,0,0,0,0,0,0,0,0
763.43768,0,0,879.2314996,0,0,0,0,416.4370056,0,0
829.07792,0,0,0,86.7011621,0,0,0,0,0,0
888.94559,0,0,0,0,0,0,0,887.2860956,320.8255209,0
771.09188,108.3487711,0,0,0,0,0,0,0,0,0
645.07245,0,0,0,60.8772412,0,0,440.5747602,0,0,0
1218.9973,0,575.9398845,0,0,0,0,0,0,0,0
621.25407,0,0,326.6879341,0,0,822.3396896,0,107.4298111,0,0
737.25488,0,0,430.7683783,0,0,0,0,0,0,0
1451.36034,0,0,0,0,710.6535808,0,0,0,1737.622877,0
681.33963,294.3645949,0,0,0,0,414.6953382,0,0,0,0
397.05109,0,0,0,0,133.1077582,0,0,173.4750544,317.9753878,0
1209.036,0,0,374.6055772,43.4208252,0,0,0,688.9503065,0,0
937.16837,0,140.9191191,146.2978787,0,0,0,0,113.2922394,0,0
900.22492,205.3514069,173.575417,0,640.8575391,287.1359809,0,0,0,0,274.4788438
811.39715,0,0,0,0,0,0,0,0,0,0
1117.08191,0,0,0,0,0,0,143.2604231,0,0,0
649.29983,0,0,0,0,0,170.5271767,0,0,0,0
981.05769,0,0,94.58017986,0,0,0,0,0,0,0
1084.93409,0,211.6144555,0,0,0,0,1126.573561,0,0,0
687.06466,0,0,0,64.472334,0,174.6515728,0,0,0,0
975.04709,0,130.9659701,0,0,0,0,0,128.6001904,0,0
973.60723,0,0,0,0,348.8314453,0,0,99.70103589,0,0
997.01972,0,0,0,0,0,0,520.4536278,172.6261744,0,0
997.03977,0,0,91.12200931,0,0,0,0,0,0,0
895.49463,0,228.4697326,0,0,0,0,0,0,0,0
757.40283,314.5214498,0,0,0,0,0,0,0,0,0
505.02691,258.8678097,0,0,0,0,0,0,0,0,0
1133.75996,0,0,0,0,0,0,0,125.4863158,0,0
537.0593,0,0,0,0,0,0,183.2993116,399.6142208,0,0
441.08896,431.356091,0,0,0,761.4245009,578.7881887,0,0,1284.140512,0
827.33621,426.9352185,0,0,0,0,0,0,0,0,0
1053.5233,731.1666724,59.34029309,0,0,0,289.0638363,0,0,0,0
907.54847,0,0,0,0,0,0,0,106.0268246,0,0
1119.9129,0,184.7692556,0,0,0,0,0,0,0,0
1101.29494,0,0,0,0,1863.539301,0,0,0,600.4528843,0
1343.81528,1022.492188,0,0,0,0,1610.295128,0,0,0,0
539.05445,0,0,0,0,0,0,0,104.1309583,0,0
749.31214,1033.105711,0,0,0,0,0,0,0,0,0
765.10336,0,169.2088766,0,0,0,0,0,191.862997,0,0
1209.19772,0,0,0,0,0,0,0,0,0,0
1173.05207,0,56.61558187,0,0,0,0,0,0,0,0
617.08429,0,146.1385401,0,64.9106836,324.8149957,0,383.5980044,0,0,0
563.30783,425.8956029,0,0,0,0,0,0,0,0,0
757.22615,565.2316614,0,0,0,0,613.4355212,0,0,0,0
1466.94743,0,0,0,0,0,0,0,194.8513153,0,0
1163.03784,0,135.3461944,0,0,0,0,0,0,0,0
849.99475,381.4205873,91.79588644,0,0,0,0,0,0,0,0
748.04234,0,0,0,352.8832422,0,0,0,0,0,0
602.91908,154.9002869,0,0,0,0,0,0,0,0,0
734.98902,0,0,0,0,0,0,560.5676439,0,0,0
1009.5251,0,0,0,0,0,0,0,0,0,0
659.06197,0,0,0,0,0,0,0,0,0,0
413.24902,0,0,599.4719917,0,0,0,0,0,0,0
977.56595,641.3115667,0,365.4742296,231.0302539,0,270.4658203,0,248.301968,0,0
1310.86168,809.6631465,110.0933666,0,0,0,1269.589124,0,0,0,0
989.30607,0,0,0,0,854.6261719,0,0,0,0,0
1009.53998,923.1761442,0,0,0,0,1721.30718,0,0,0,0
1363.75493,1417.304342,0,0,0,0,985.7447061,0,0,0,0
539.0573,0,0,0,0,0,0,0,78.25381975,0,0
709.07585,0,0,0,167.5730664,0,0,0,0,0,0
663.45941,0,103.6511934,456.8967014,0,0,0,0,0,0,0
665.01223,0,0,0,0,0,0,0,0,0,201.7734687
545.25324,139.4863022,0,0,0,0,0,0,0,0,0
763.04982,0,89.91388276,0,0,0,0,0,0,0,0
589.08335,0,0,0,121.324834,0,0,0,0,0,0
1357.83398,0,0,0,0,0,204.2643914,0,0,0,0
789.00804,0,108.8683498,0,0,0,0,0,675.5263177,0,0
969.03511,0,0,840.5349528,0,0,0,0,149.7643518,0,0
533.15375,0,229.4415261,209.7545641,0,0,138.2396947,0,605.4049089,0,0
739.22559,0,0,429.2632514,0,0,0,0,0,0,0
442.99265,0,0,0,0,0,0,2314.361763,0,0,0
958.98214,0,490.1548481,0,0,0,0,0,0,0,0
708.01389,168.1115356,0,0,0,714.859961,310.3770816,0,0,447.6311425,0
827.07766,105.7356454,0,0,0,0,0,0,0,0,0
541.15012,0,0,109.1749064,0,287.4994141,0,0,0,0,0
426.03402,0,0,0,0,0,0,218.4116259,0,0,0
533.10608,0,0,82.6253391,0,0,0,0,0,0,0
421.02136,0,0,0,0,807.0188369,0,0,0,0,0
811.23004,0,0,90.63535563,0,0,0,0,0,0,0
793.02389,0,0,0,0,0,0,0,0,0,0
507.14583,0,0,0,0,0,383.2210372,0,0,0,0
827.38163,0,0,0,0,0,255.8854338,0,0,0,0
1203.63562,1814.279694,0,0,0,0,344.8539525,0,0,0,0
829.16071,0,0,0,0,632.4860677,0,0,0,0,0
811.25656,0,317.2808906,0,298.7714649,0,0,890.3256884,0,0,0
1165.8099,1447.324435,210.0315017,0,0,0,192.9001979,0,0,0,0
993.07707,0,0,301.3139649,0,0,0,525.1461169,243.6227996,0,0
683.36703,452.0022988,0,0,0,0,645.6928712,0,0,0,0
475.06581,0,0,0,0,1025.469499,0,0,0,285.1189425,0
769.05141,0,0,0,0,0,0,0,0,0,0
545.25048,0,0,0,0,0,0,0,0,228.1857451,0
735.43562,0,0,0,0,436.7959636,0,0,0,0,0
1488.96212,0,0,97.66824,0,0,0,0,91.85697684,0,0
591.18251,362.6052614,0,0,0,0,0,0,0,0,0
779.43964,0,347.8678106,0,346.2647266,0,0,0,0,0,0
943.98611,0,0,564.7834744,0,0,0,0,322.8964102,0,0
731.12018,0,0,295.1146647,0,0,0,0,0,0,0
947.07434,0,0,0,86.81506835,0,0,0,158.796022,0,0
1451.02661,0,0,0,0,0,0,150.8589592,0,0,0
717.04951,0,0,0,0,0,0,0,738.9516911,0,0
739.18013,0,0,126.8640272,0,0,0,0,0,0,0
612.96442,480.1538648,0,0,0,0,2298.56507,0,0,0,0
627.26839,0,0,0,0,0,0,194.6431196,0,0,0
461.05165,274.0697335,0,0,0,0,0,0,196.6317247,0,0
849.03307,0,0,413.3362631,0,0,0,0,194.9621984,0,0
1287.36259,0,0,0,0,1257.204102,0,0,0,1188.330262,0
1026.14567,0,0,0,0,519.4126737,0,0,421.2977527,0,0
593.04044,0,0,0,0,0,0,267.9824606,479.6856705,0,0
469.09293,0,172.383136,0,0,0,0,0,0,0,0
493.15058,83.16003526,0,0,0,0,0,0,0,0,0
823.07455,0,0,133.018514,0,0,0,0,320.4173754,0,394.2554843
1169.04138,0,0,0,0,0,0,0,127.7313711,0,0
499.01925,0,96.33750718,0,0,0,0,0,0,0,0
395.02711,0,0,0,0,0,0,0,0,0,0
991.0474,0,143.2878163,0,0,0,0,0,0,0,0
1423.828,1132.38843,66.11286785,0,0,0,947.5782536,0,0,0,0
909.1169,0,0,0,173.0736426,0,0,0,0,0,0
851.06671,0,0,0,67.5836621,0,0,0,0,0,139.1090938
771.31558,256.9452434,0,0,0,0,0,0,0,0,0
531.05303,0,0,0,0,330.3620442,0,0,0,0,0
673.41791,0,0,0,0,0,0,0,76.22637089,0,0
881.22327,0,0,0,0,1564.767622,0,0,0,581.1274626,0
813.10227,0,0,0,0,1143.981901,0,0,0,802.8112687,0
907.52628,0,0,0,0,0,0,1210.691522,0,0,0
1407.06075,0,0,0,0,0,0,0,579.3787579,0,0
425.05944,0,76.55087712,0,0,231.6457248,0,0,0,276.1325294,0
1026.002,158.2668004,0,0,0,0,0,0,147.9118374,0,0
627.04475,0,150.5933606,0,0,0,0,0,0,0,0
435.18586,0,100.3243745,0,137.6529981,0,0,0,0,0,0
745.362,1052.539166,0,0,0,0,0,0,135.9308495,0,0
739.12601,0,0,0,0,327.0260633,0,0,0,0,0
829.34914,0,0,0,0,0,1334.365646,0,0,0,0
767.15385,0,0,472.2224799,0,0,0,0,0,0,0
819.11041,0,0,0,0,211.3487848,0,0,0,308.4899796,0
430.99613,0,0,695.188463,0,0,0,0,0,0,0
1089.07081,0,0,498.9712999,0,0,0,0,0,0,0
863.42837,0,0,0,0,0,671.1898129,0,0,0,0
1083.12023,0,90.94316767,276.3079698,613.026709,0,0,139.4948851,117.7914359,0,119.7183516
951.55055,300.7068584,0,0,0,0,0,0,0,0,0
939.57209,0,0,0,0,0,0,0,1421.357002,0,0
1147.06743,89.2131931,0,0,0,0,0,0,0,0,0
1441.76667,0,0,0,1121.490635,0,0,0,0,0,0
833.03425,0,0,0,0,1431.41543,0,0,0,218.2758577,0
881.088,0,0,0,0,0,0,144.6247486,0,0,0
1473.01463,0,0,267.3267008,0,0,0,0,0,0,0
885.06543,0,85.07739405,155.365804,0,0,0,0,0,0,0
703.46978,719.3763827,854.0306748,0,0,0,998.6817949,0,0,0,0
1179.03266,0,0,740.8587443,0,0,0,0,687.2335345,0,0
679.16651,348.4760094,0,0,0,0,0,0,0,0,0
813.37002,263.0691544,0,0,0,0,645.5044974,0,0,0,0
927.10334,0,0,0,0,0,0,0,71.9969838,0,0
877.51994,0,0,0,0,0,0,0,689.3428229,0,0
763.16881,0,0,0,107.6794824,0,0,271.2376238,108.566122,0,0
713.97694,0,0,0,0,182.5405816,0,0,0,230.6315954,0
969.01927,411.9464188,0,0,0,0,704.1189093,0,0,0,0
763.10685,0,0,212.1653781,0,1556.917969,0,0,0,416.4058254,0
774.96249,0,0,0,0,0,0,0,0,0,0
1343.80952,0,0,0,181.9592383,0,0,0,0,0,1033.146875
413.22702,0,0,0,0,0,145.5545333,0,0,0,0
971.53621,0,0,0,0,0,441.1271587,0,0,0,0
1549.06104,0,0,847.6053331,0,0,0,0,537.7669601,0,0
929.03259,0,115.2555119,0,0,0,0,0,182.7858856,0,0
729.05645,0,168.8957774,0,0,0,0,236.5482286,0,0,0
477.13228,137.7257328,0,0,0,0,0,0,0,0,0
1594.40961,0,0,0,0,194.6121093,0,0,0,0,0
888.98395,162.4666241,0,0,0,0,0,1582.384514,0,0,0
869.14679,0,0,0,0,719.7306858,0,0,0,0,0
748.0562,0,0,0,216.1679492,0,0,0,0,0,1348.32925
895.46753,0,0,789.9226346,0,281.5772787,0,0,484.4204905,0,0
901.47727,379.8624516,0,0,0,0,608.5355675,0,0,0,0
793.40943,157.4368432,63.92335485,0,0,0,248.5769429,0,0,0,0
885.034,178.2631706,0,0,0,0,0,125.0473778,0,0,0
967.56333,358.8357301,327.2711609,0,0,0,0,0,0,0,0
851.06575,0,0,147.9920519,0,0,0,0,0,0,0
889.02461,0,0,0,0,246.8576823,0,0,0,0,0
703.31927,103.5033964,0,0,0,0,0,0,0,0,0
1271.7932,0,0,0,39.5411792,0,0,0,0,0,0
1349.78377,0,0,0,719.3779981,0,0,0,296.3391021,0,0
769.01959,427.9327814,0,0,81.35288085,0,625.1379009,0,0,0,0
1319.98097,143.0388033,0,0,0,0,245.8081568,0,0,0,0
601.34864,0,0,0,0,0,0,232.0687849,0,0,0
645.06615,0,0,0,0,0,0,0,154.1416263,0,0
667.08875,0,0,0,106.6114258,277.9150824,200.4765496,0,333.5182333,0,0
497.08335,0,81.5045054,121.459337,466.6033301,0,0,153.4851388,96.29550905,0,229.9120546
705.30785,0,0,0,0,0,413.9883583,0,0,0,0
1309.67014,0,0,0,975.6276661,0,0,0,0,0,197.3471562
630.01741,0,0,0,0,0,168.0946495,0,0,0,0
605.03641,0,0,0,0,0,0,0,0,0,0
599.32101,212.2161573,0,0,0,0,0,0,0,0,0
1106.98043,0,0,282.3390299,0,0,0,0,889.9333218,0,0
467.07856,0,292.0665501,0,150.0379395,0,0,0,0,0,0
1441.36542,0,0,0,0,0,0,0,0,260.3587523,0
1275.77144,0,0,240.4135742,1042.173848,0,0,0,330.0288395,0,0
1212.78819,137.4162404,0,0,0,0,0,0,0,0,0
900.10312,0,0,520.5390626,0,361.329145,0,0,556.0181097,0,0
579.12923,0,0,0,0,0,0,0,251.2059682,0,112.5632266
741.04524,0,0,0,0,208.7562934,0,0,0,0,0
526.04117,0,0,0,125.6375684,0,0,0,0,0,0
623.31779,452.354302,0,0,0,0,461.940237,0,0,0,0
745.95919,0,0,0,0,0,0,158.9093248,0,0,0
797.01345,0,0,215.4330919,0,0,0,0,0,0,0
965.51544,575.4028969,0,0,0,0,0,0,0,0,0
938.95689,0,0,0,0,0,0,0,105.4060399,0,0
767.18689,251.9748168,0,0,0,0,0,0,0,0,0
1049.56767,152.1329162,0,0,0,0,468.3228824,124.5519415,0,0,0
762.99914,0,0,0,0,0,0,969.2369276,0,0,0
601.07665,0,0,0,0,0,0,0,0,0,218.5517813
621.05459,0,0,0,0,0,0,0,0,0,217.3175
581.12171,0,0,0,166.9793946,0,0,158.6647683,220.4293166,0,0
1422.98415,0,0,0,0,0,0,0,76.63886968,0,0
678.73119,0,0,582.2179633,0,0,0,341.5556544,0,0,789.3279062
739.34449,670.2975319,0,0,0,0,1081.304276,0,0,0,0
839.07031,0,0,0,0,253.669401,0,0,0,0,0
1077.03381,0,0,0,0,0,0,0,0,0,0
650.0101,0,159.9141104,0,0,0,0,1882.69191,0,0,0
601.02267,0,123.344421,0,0,0,0,1264.197246,0,0,0
963.01544,0,0,0,0,0,0,595.4095084,0,0,0
716.99504,0,0,0,0,0,1224.726383,0,0,0,0
1092.96941,0,136.1077813,0,0,0,0,0,0,0,0
943.54248,156.8438191,0,0,0,0,251.3491468,0,0,0,0
533.11356,0,0,306.3181966,0,0,0,0,0,0,0
717.39901,0,0,0,0,0,213.085385,0,0,0,0
613.172,0,0,0,0,0,0,0,121.8591525,0,0
923.01736,0,0,0,0,0,0,0,0,0,0
937.00995,0,0,0,0,0,0,799.4779935,0,0,0
384.10496,0,86.9664554,0,0,0,0,0,0,0,0
977.10145,0,0,0,0,0,0,0,0,0,103.3991172
899.06142,0,0,0,0,0,0,0,0,0,0
637.07112,0,0,0,0,0,0,233.0633509,0,0,0
827.33538,0,0,0,0,0,0,0,0,0,0
487.12087,0,0,0,0,0,0,0,240.3529717,0,0
1589.02419,0,0,325.8824056,0,0,0,0,217.1205004,0,0
569.1643,0,0,0,0,244.1601346,0,0,0,0,0
385.1907,190.1920976,0,0,0,0,0,0,0,0,0
1021.68532,0,0,501.1070421,0,259.7668837,0,0,0,374.293818,0
1087.0055,0,0,0,0,0,0,0,311.0609919,0,0
1111.02961,0,0,87.77766931,0,0,0,0,0,0,0
1083.65141,0,278.4007382,0,0,0,0,414.6770962,0,0,0
947.07183,0,116.1289782,0,0,0,0,0,0,0,0
725.2505,0,0,0,0,0,0,139.3013131,0,0,0
961.13076,0,0,0,0,0,0,0,0,0,0
1093.02478,0,0,0,0,0,0,0,0,0,0
545.24982,101.1776566,0,0,0,0,0,0,0,0,0
1133.57051,940.7527136,60.09002348,0,0,0,827.2746197,153.7047107,0,0,0
629.18544,0,0,0,0,0,1057.942434,0,0,0,0
562.14631,0,0,0,0,0,0,192.0643757,0,0,0
933.48957,268.3082999,0,0,0,0,0,0,0,0,0
486.97856,0,248.2648701,0,0,0,0,1185.731262,0,0,0
1393.7736,0,158.1998778,0,0,0,610.8115234,0,0,0,0
931.1572,0,0,0,0,0,0,0,0,0,0
483.04166,0,86.07678301,0,0,0,0,0,0,394.0680764,0
1113.10544,0,0,0,0,0,0,0,0,0,106.7688672
775.44725,686.1369607,0,0,0,0,1262.005757,0,0,0,0
437.04061,0,0,0,0,0,0,0,0,0,0
937.18566,0,0,0,0,0,0,0,0,0,0
573.28908,360.9257812,508.0914134,0,286.6086914,0,0,0,0,0,0
407.11459,0,0,93.27917479,0,0,0,0,0,0,0
705.99878,0,122.6357961,0,0,0,0,159.372399,0,0,0
1021.10709,0,0,0,0,0,0,0,0,0,0
849.99691,0,0,232.1458469,0,0,0,0,0,0,0
865.96705,0,0,0,0,217.4768229,0,0,446.0816357,0,0
566.95376,0,0,0,0,0,0,0,0,0,0
385.18701,0,0,0,0,0,0,0,0,260.22042,0
1015.02016,0,83.16895129,0,0,0,0,0,0,0,0
627.23394,121.5321747,0,0,0,0,206.3821314,0,0,0,0
890.28483,0,422.2925613,0,0,0,0,1407.043433,0,0,0
717.01268,0,0,0,0,0,0,0,0,0,0
975.09719,0,0,0,0,0,0,0,0,288.4206012,0
1191.06835,0,0,66.61666531,0,0,0,0,0,0,0
820.05812,0,0,0,0,0,0,0,0,0,0
705.22178,0,0,0,47.33177246,0,0,0,0,0,0
650.01661,0,0,0,0,1463.052279,0,0,0,0,0
903.123,0,566.2460698,0,0,0,0,325.278388,0,0,0
481.04051,0,0,0,173.4341016,0,0,0,0,0,141.8015156
797.09063,0,0,0,45.2471875,0,0,0,0,0,0
1450.9391,0,0,0,0,0,0,0,0,0,0
771.34196,931.6965916,0,0,0,0,0,0,0,0,0
783.43238,171.3890521,0,0,0,0,0,0,0,0,0
851.12101,0,0,0,138.7508838,0,0,0,0,0,0
673.98531,306.7219995,0,0,0,0,0,0,0,0,0
1175.03101,0,0,226.528144,0,0,0,0,604.3632441,0,0
629.29196,131.8099938,0,178.408054,0,0,0,0,0,0,0
1106.05084,0,0,0,0,0,0,86.69455833,0,0,0
531.04708,0,0,0,0,0,0,0,0,0,0
784.92879,0,0,153.5106472,0,0,0,0,247.8053056,0,0
968.98726,0,153.5337902,0,0,0,0,0,0,0,0
653.07256,132.6814159,0,0,0,0,0,0,0,0,425.6098594
801.42607,327.2274441,0,0,0,0,0,0,0,0,0
939.95239,552.8800297,0,0,62.7243994,0,1328.734863,0,0,0,0
793.40386,0,0,0,0,0,448.9271434,0,0,0,0
921.91771,0,0,0,0,247.9520182,0,0,0,0,0
873.0809,0,0,0,0,0,0,0,159.8305478,0,0
1086.98275,0,0,993.3204346,0,0,0,0,169.2762806,0,0
1377.79505,0,0,0,167.1758985,0,0,0,414.3003115,0,0
1149.63745,0,0,0,0,0,0,0,363.8910947,0,0
1083.60403,0,685.730241,0,0,0,0,0,0,0,0
667.27365,0,0,260.4518161,0,0,0,670.9918879,0,0,0
680.99407,0,0,0,0,0,0,0,0,0,211.5875782
1167.06265,0,0,0,0,0,0,0,172.9969467,0,0
1153.19192,0,0,0,0,0,0,0,0,322.7532835,0
1435.80065,594.0067755,0,0,0,0,1005.581106,0,0,0,0
1086.94792,0,0,0,0,0,0,0,316.1030459,186.1075351,0
765.10264,0,0,0,0,0,0,0,0,395.8190104,0
497.02768,0,81.07070791,0,77.2482715,0,0,0,0,0,0
679.99348,425.5172497,0,0,0,0,0,0,0,0,0
497.06636,130.901782,0,0,388.5858399,0,0,0,0,0,0
534.99983,0,0,0,217.1670215,0,0,0,0,0,0
771.0789,83.20035951,118.7700825,0,107.9441992,0,0,183.1883122,137.9558446,0,0
893.30191,0,0,0,0,0,343.1323757,0,0,0,0
589.00199,0,0,0,0,0,0,0,0,626.4942255,0
1209.60813,102.3863904,0,0,0,0,0,0,0,0,0
412.1454,0,0,0,0,0,0,559.8428411,0,0,0
873.42021,0,0,0,0,0,0,0,0,0,0
935.5366,0,0,0,0,1206.287196,0,0,0,0,0
729.05524,0,0,0,0,212.2140191,0,0,0,237.01295,0
812.0211,0,248.7650259,0,0,0,0,0,0,0,0
384.10515,0,0,0,0,0,0,0,0,0,0
936.99612,0,0,0,0,0,0,586.6906328,0,0,0
1142.93911,0,229.1208541,303.1556803,0,0,0,180.525758,141.504685,0,0
391.07929,0,0,0,0,0,0,0,0,136.7987149,0
623.06985,0,0,0,0,0,0,0,0,0,0
572.96659,0,0,0,0,0,0,0,133.0192346,0,0
434.15011,0,452.2231356,145.5744493,127.670293,0,499.2716642,466.569597,0,0,0
438.02317,0,0,0,0,0,0,0,0,0,0
889.58664,0,0,0,0,0,0,0,0,0,0
497.99654,0,0,0,0,1219.353212,0,0,0,571.7804574,0
1026.00231,0,0,0,0,0,0,0,0,373.3468071,0
827.08021,0,0,0,0,0,0,0,0,547.9110762,0
791.37203,0,0,0,0,0,271.4415347,0,0,0,0
767.18456,0,0,0,0,0,0,0,0,0,0
593.07176,0,0,0,0,0,0,227.953299,0,734.5920516,128.574711
578.1123,0,0,0,0,0,0,0,0,0,0
420.01225,0,0,0,0,217.7792101,0,0,0,1595.11297,0
959.08623,0,0,0,67.0117334,0,0,0,0,0,0
1015.10125,0,0,0,0,0,0,334.3478496,0,0,0
821.0985,0,0,221.1208225,0,0,0,0,0,0,0
501.25429,0,0,0,0,0,0,0,70.78374082,0,0
1163.11537,0,0,0,0,0,0,211.0015083,0,0,0
889.11769,0,0,0,461.5922754,0,0,0,0,0,588.0737187
933.2512,0,0,0,0,0,0,0,256.280978,0,0
477.01672,0,0,0,0,0,0,0,0,663.3697067,0
613.31262,0,0,0,0,0,305.7625154,0,0,0,0
935.50917,0,0,0,209.0191016,0,0,0,188.8318829,0,738.9848126
512.13035,0,126.9022718,0,313.3553614,0,0,0,265.6924199,0,630.7008281
1387.83402,0,0,0,423.8889063,0,0,0,0,0,513.0408438
646.87178,0,0,69.29366048,0,0,0,0,90.10610538,0,0
449.01661,0,0,0,0,0,0,0,0,663.2871943,0
813.44867,0,0,0,0,0,794.7004009,0,0,0,0
1298.92259,0,75.05309982,0,0,0,0,0,0,0,0
955.60254,0,0,0,0,0,0,0,0,0,124.6499297
795.02375,0,0,0,0,0,0,0,0,231.8862658,0
1265.67448,1133.870679,0,0,0,0,0,746.7892365,0,0,0
942.96577,0,0,0,0,0,315.9904142,0,0,0,0
813.10368,202.2209278,0,0,0,0,495.5759407,0,633.8296084,0,0
960.93099,0,134.3929136,0,0,0,0,0,0,0,0
883.06988,0,0,165.5784099,0,0,0,0,0,0,0
1275.88459,1070.103775,0,0,0,0,601.4839124,0,0,0,0
543.02142,0,0,0,0,915.8313369,0,0,0,313.4127322,0
788.94663,286.4972173,0,0,0,0,1430.301809,0,0,0,0
1299.76846,0,0,0,0,0,0,0,0,0,305.70475
731.09453,0,84.91594374,159.3789741,139.0080567,0,0,0,0,0,125.1204141
981.85276,0,106.9470499,0,0,0,0,0,0,0,0
697.3599,0,108.4239959,0,0,0,0,0,0,0,0
1071.12939,0,0,125.28125,0,0,0,0,74.48098177,0,0
456.10984,87.0963945,0,0,0,0,0,0,0,0,0
598.99352,0,0,0,0,0,0,0,0,0,0
439.23456,0,0,0,787.0268457,0,0,0,0,0,0
483.05806,112.9423482,0,0,0,0,226.0129524,0,0,0,0
611.32547,0,0,0,0,0,186.5448447,0,0,0,0
1583.05844,0,0,312.5266927,0,0,0,0,424.8401157,0,0
422.19759,0,0,0,0,0,0,0,0,0,0
903.07522,64.48935288,0,0,0,0,0,0,0,1837.77389,0
533.13357,0,0,384.4168158,0,0,0,0,574.5178501,0,67.24222656
537.05562,100.4005808,0,0,78.3435742,0,0,0,0,0,0
555.3054,392.4437915,0,0,0,0,658.006322,0,0,0,0
541.14844,0,0,73.48392063,0,0,0,0,0,0,0
820.08874,0,163.7147359,150.1536323,0,0,277.6840563,0,398.1586976,0,0
753.2538,432.4802613,0,0,0,0,762.9925987,0,0,0,0
1015.11543,0,0,0,298.5241504,0,0,0,439.6520471,0,0
1055.47332,82.77501037,0,0,0,0,0,0,0,0,0
727.10774,0,0,0,0,0,0,0,0,0,0
504.0371,0,0,0,0,237.5875434,0,0,0,360.9155061,0
1193.74009,0,0,0,0,0,0,0,94.92784563,0,0
1673.12388,0,694.3326124,160.5844726,0,0,0,0,0,0,0
765.06446,0,0,0,237.3151905,0,0,0,0,0,0
1009.04704,0,0,0,0,0,0,0,0,0,0
637.07768,0,0,157.65625,0,161.1172092,0,0,304.4057555,0,0
723.05855,0,0,0,0,0,0,0,0,0,0
1353.87856,0,0,0,0,0,0,0,64.29274627,0,0
651.29636,382.9967851,0,0,0,0,641.1753701,0,0,0,0
995.49005,538.3256188,0,0,0,0,495.2705078,0,0,0,0
1247.1229,677.7388171,95.2924535,0,0,0,505.4515445,283.5093402,0,0,0
607.08206,0,0,0,0,0,216.3015522,0,0,0,0
1187.6668,278.5476873,1038.84411,0,0,0,0,0,0,0,0
575.34309,0,0,0,0,0,0,0,0,0,0
430.91628,0,0,0,0,0,0,0,0,0,775.691125
1281.8138,0,0,346.906901,0,0,0,0,0,0,0
674.96564,0,0,0,0,0,0,0,0,0,0
1353.73157,0,0,0,1002.165918,0,0,0,0,0,0
460.27338,875.0364094,0,0,0,0,337.2888312,0,0,0,0
831.38719,106.7972812,0,0,0,0,0,0,0,0,0
1427.96449,0,0,0,0,0,0,0,0,0,0
1071.12101,0,0,422.7880588,0,0,0,0,0,0,277.429125
663.19247,0,0,0,0,0,0,188.286916,0,0,0
1335.71644,1095.072162,77.15923957,0,0,0,829.7914012,0,0,0,0
1193.59537,0,43.0515631,197.3152533,0,0,0,0,0,0,0
541.15076,0,0,0,0,0,0,0,51.39905558,0,0
925.42559,886.0824375,0,0,0,0,0,0,0,0,0
1108.93074,0,0,0,0,0,0,0,139.1732595,0,0
1319.78885,0,0,113.2524143,509.9888184,0,0,0,584.8577742,0,150.8479687
661.12579,0,0,0,0,0,0,0,0,226.2955729,0
505.10692,0,0,0,0,0,0,192.1929726,103.0793673,0,0
617.01806,0,0,0,0,1458.819097,0,0,0,0,0
1285.9647,0,0,178.4441053,0,0,0,0,714.9241991,0,0
432.04615,0,0,0,0,0,0,0,0,650.0262681,0
874.06516,0,163.059816,0,0,0,0,0,0,0,0
415.07746,0,0,0,0,145.0369141,0,0,98.16651006,0,0
717.16694,0,0,0,0,0,0,0,0,0,0
665.37472,0,0,0,0,0,0,0,0,0,0
963.56429,0,0,0,0,0,0,0,275.6234177,0,0
1395.29786,0,0,0,0,940.8000868,0,0,0,0,0
1275.8614,532.087735,0,0,0,0,1813.67979,0,0,0,0
489.06137,0,131.7944785,0,0,404.1839628,0,189.6754139,0,0,0
1261.07191,0,0,0,0,0,0,0,164.3580523,0,0
383.11972,0,0,0,0,0,0,0,0,0,0
993.54127,91.96345239,0,0,0,0,0,0,0,0,0
791.07853,0,706.5138456,105.0333863,0,0,0,0,89.86617386,0,0
759.37026,0,151.9964173,341.7151285,0,0,0,0,344.9173877,0,0
1102.12809,97.74486655,132.8574339,0,575.8731152,0,0,0,0,0,0
595.00571,321.9413371,0,0,0,163.1120334,0,0,0,0,0
1482.88271,0,0,541.5633749,0,0,0,0,190.6010989,0,0
1419.06006,0,0,178.8412679,0,0,0,0,0,0,0
1091.96804,0,149.2709092,0,0,0,0,403.4628327,0,0,0
1422.97186,0,0,0,0,0,0,0,74.98368892,0,0
797.15848,0,0,0,0,333.8488716,0,0,0,736.496122,0
957.05733,0,0,0,0,0,0,0,0,0,0
892.03431,0,0,0,0,0,0,0,211.8987589,0,0
640.9816,0,0,0,0,0,0,1944.919729,0,0,0
785.21232,0,0,0,0,0,0,0,0,1986.000226,0
1039.56622,0,0,0,137.4907422,0,0,0,81.93911316,0,0
1303.73546,1251.533912,0,0,0,0,720.0669203,0,0,0,0
1062.9901,0,0,0,0,0,0,298.694423,0,0,0
995.51691,0,0,0,530.9906934,0,0,0,86.35464051,0,109.0400078
1303.6812,948.2087248,0,0,0,0,0,0,0,0,0
1162.85622,0,0,244.530599,0,0,0,0,108.1671158,0,0
483.03818,0,0,0,0,0,242.3136308,0,0,0,0
533.09443,81.31695935,0,366.8161622,0,0,0,0,193.8521806,0,0
855.3592,207.0049951,0,0,0,0,508.0754009,0,0,0,0
713.0579,0,0,0,0,623.1600911,0,0,0,980.4795064,0
610.15877,0,0,0,0,911.9167101,0,0,0,926.9870641,0
807.46013,0,204.3796971,364.0087619,0,704.2693793,0,0,0,0,232.0683438
965.11369,0,0,0,0,0,268.174008,496.4526029,0,0,0
445.14801,0,0,0,0,0,0,0,0,0,0
493.24987,0,0,0,0,0,0,0,0,0,0
1152.90186,0,0,0,0,0,0,0,114.3074935,0,0
865.41961,0,0,0,0,0,222.7275647,0,0,0,0
1387.85238,0,0,165.0923258,285.0473926,0,0,0,0,0,915.7207504
577.21927,0,0,0,0,510.3585938,0,0,0,310.7314312,0
1321.88851,0,0,0,0,0,0,0,101.2104059,0,0
1336.7795,946.6472968,199.5794431,0,0,0,726.3355007,0,0,0,0
1141.58366,195.8160433,0,0,0,0,716.0443308,0,0,0,0
842.07369,0,0,0,51.67191405,0,0,0,0,0,0
785.93247,0,0,0,0,0,192.7567075,0,0,0,0
681.31744,577.1402102,0,0,0,0,812.8461658,0,0,0,0
611.24854,0,0,88.50939264,0,0,0,0,0,0,0
1111.57976,0,0,0,68.4347461,0,0,0,0,0,0
911.99096,301.1213703,0,0,0,0,831.708933,0,0,0,0
1101.14014,0,0,460.9503038,0,310.1458984,0,0,214.0962223,0,0
811.31582,0,297.7219373,0,0,0,0,0,0,0,0
1113.08254,0,0,0,0,101.7857747,0,0,0,0,0
579.14058,0,0,0,56.12702635,0,0,0,0,0,0
697.0416,0,110.6188051,0,0,227.0057509,0,227.3830252,186.683977,0,0
698.95858,0,0,0,0,994.0003256,0,0,0,1104.098166,0
955.44277,0,0,0,0,0,0,0,0,0,0
587.07086,0,0,0,381.6377344,0,0,0,0,0,0
607.24125,0,0,0,0,0,356.8329564,0,0,0,0
843.03668,0,0,0,0,0,0,0,0,0,0
787.46282,0,0,0,0,0,0,0,0,0,0
645.42981,0,371.3191741,0,0,0,0,0,0,0,0
677.08698,0,119.9560128,0,326.4923242,0,0,0,0,0,151.3495938
780.14507,0,0,207.3725857,0,0,0,0,401.2027665,0,0
946.96801,1054.870886,0,0,0,0,971.1964433,0,0,0,0
1174.83695,0,0,85.08395049,0,0,0,0,0,0,0
943.96698,0,294.3651505,0,0,0,0,255.8017675,228.6308099,0,0
1192.02444,0,0,0,0,0,0,0,0,0,505.1890156
759.08646,0,0,0,523.4748242,273.4149089,0,0,0,0,127.0356718
1199.15523,0,0,0,0,0,0,0,48.21973584,0,0
615.44893,914.2116462,0,0,0,0,2122.970408,0,0,0,0
591.31099,0,321.404189,0,0,0,714.6630859,0,0,0,0
408.93194,0,0,0,0,260.4903538,0,0,0,0,0
689.38462,0,121.6526074,0,0,0,0,0,0,0,0
1031.53318,1192.016057,0,0,0,0,0,0,0,0,0
739.31648,1295.141247,0,0,0,0,0,0,0,0,0
1221.15494,0,386.2607002,110.1480917,249.9390967,0,0,136.512531,0,0,0
574.94304,0,0,0,0,202.4718533,0,0,104.2248813,1568.65424,0
1259.67834,434.0586283,0,0,0,0,0,0,0,0,0
801.31442,931.8418142,0,0,0,0,423.1018966,0,0,0,0
647.0107,0,0,0,0,253.9486762,0,0,791.9901725,0,0
1017.33301,0,0,0,0,1730.349761,0,0,0,0,0
713.07063,0,0,0,0,246.815625,0,0,0,0,0
445.1622,593.5990735,0,0,0,0,1157.341334,0,0,0,0
725.26821,0,0,0,0,0,97.73883378,0,0,0,0
781.25925,0,0,129.570204,0,0,0,0,288.6987923,0,0
475.08777,0,0,0,0,0,0,0,0,688.8380887,0
1581.98784,0,0,670.5862766,0,0,0,0,601.0099511,0,0
791.20969,0,115.1625167,0,92.91588865,0,0,0,0,0,0
579.24413,0,0,163.4386258,0,0,0,0,0,0,0
779.21193,0,335.2965155,0,0,0,0,0,0,0,0
801.49557,0,0,139.9323866,0,0,0,0,0,0,0
1167.02429,0,0,0,0,0,0,0,146.0962099,0,0
877.54623,0,877.2183666,0,0,0,0,0,0,0,0
813.30156,0,0,0,0,399.6511284,0,0,0,0,0
919.50526,0,207.0843798,0,0,0,0,457.4377707,0,0,0
763.41537,0,0,334.1949327,0,0,0,0,0,0,0
793.02274,107.0000691,82.76229988,0,0,0,0,167.4093441,0,0,0
1071.52916,0,0,80.36538354,0,0,0,0,0,0,0
765.09436,0,0,0,88.0183301,0,0,0,0,0,0
561.21344,0,0,105.7876248,0,0,0,0,0,0,0
1007.63139,0,0,467.4422472,0,0,0,0,234.2900885,0,0
1364.81951,267.2202537,204.445648,0,0,0,366.2344521,460.9820448,0,0,0
549.12139,0,0,364.6182929,0,0,0,0,868.4712964,0,0
745.06812,0,266.5276793,0,0,0,0,0,0,0,0
1111.59186,0,0,0,237.9805079,0,0,0,0,0,0
689.14782,0,0,0,0,0,0,0,0,0,0
1045.09365,0,133.5734998,574.3642307,0,189.7924697,0,0,168.4793315,0,0
849.99831,0,0,0,0,0,0,109.6882639,0,0,0
1221.63292,0,0,0,846.9150293,0,0,0,0,0,160.1074218
960.92845,0,502.183444,120.1811388,0,0,0,202.4154742,0,0,0
1005.17842,0,0,88.75678167,0,0,0,0,0,0,0
731.45269,0,0,0,0,549.1830729,0,0,0,0,0
1111.58523,0,121.3438099,0,0,0,0,0,0,0,0
437.0053,0,0,0,0,0,0,0,0,0,0
1529.83069,0,0,0,944.7602832,0,0,0,0,0,0
796.89221,0,0,0,0,0,0,1489.193263,0,0,0
1070.23983,0,0,0,437.366377,0,0,0,0,0,810.0925469
621.3417,0,0,0,0,0,275.7542917,0,0,0,0
828.01234,0,0,0,0,0,0,0,391.5529322,0,0
709.06587,0,0,0,0,0,0,0,0,0,0
1127.59713,136.8575947,0,0,0,0,0,0,0,0,0
795.27774,0,0,398.0191108,0,0,0,0,149.2772201,0,0
441.05967,0,0,681.9602594,124.4018946,0,0,443.0039836,0,0,0
1221.12368,169.0976563,0,0,80.35899415,0,0,0,0,0,0
562.96776,0,0,0,0,421.6569444,0,0,0,0,0
965.49296,290.4688883,0,0,0,0,0,0,0,0,0
959.14418,0,0,149.1150309,0,0,0,0,102.9687871,0,0
961.23855,0,0,0,0,0,0,0,0,346.8077446,0
412.213,0,0,0,0,0,0,0,73.36195241,0,0
793.31931,0,0,0,0,0,826.9802632,0,0,0,0
817.07261,0,0,0,0,0,0,0,0,0,0
773.5306,0,0,0,0,0,0,0,0,0,0
769.09235,0,0,0,57.0040674,0,0,0,0,0,78.84477344
549.00717,0,0,0,0,386.4807726,0,0,0,391.5534138,0
1343.77865,0,0,0,353.745,0,0,0,0,0,0
371.1709,0,135.3757429,0,0,0,0,0,0,0,0
1083.60265,0,0,0,489.6648633,0,0,0,0,0,0
755.34648,0,0,0,0,0,0,0,0,0,0
1302.944,0,464.8126918,0,0,0,0,423.9254139,0,0,0
791.46655,0,0,0,0,0,0,248.454788,0,0,0
733.49338,0,100.5784964,0,0,0,0,0,0,0,0
767.41873,0,0,0,0,0,530.6918175,0,0,0,0
1105.78855,226.4486657,394.7617067,0,0,0,985.4965821,0,0,0,0
731.43022,0,320.3759346,0,0,0,0,0,0,0,0
1509.16648,0,0,0,512.0034619,0,0,0,0,0,668.9464296
585.19585,0,190.5196271,362.1529948,0,0,0,0,0,0,0
409.19492,133.0867844,0,0,0,0,0,0,0,0,0
889.97326,0,0,0,0,0,0,0,0,417.21875,0
981.12581,0,0,0,0,0,0,0,103.1440801,0,0
1306.8098,0,391.2882836,0,0,0,0,0,0,0,0
813.09201,0,0,0,0,0,0,0,0,0,0
679.35549,0,0,0,0,0,0,0,0,0,0
1460.94512,0,0,0,0,0,0,0,0,0,0
1615.22837,0,0,0,0,1475.92398,0,0,0,0,0
993.54216,0,59.17095835,0,0,0,0,0,0,0,0
1275.64899,0,0,119.6340603,61.71268065,0,0,0,89.82545494,0,0
415.07839,0,0,0,76.57371095,0,0,0,0,0,0
731.09541,0,0,294.5809733,0,0,0,0,123.8861996,0,0
453.96963,0,191.1188171,0,0,0,0,234.1978071,233.1008455,0,0
1027.57912,0,0,0,337.8425586,0,208.1637799,0,542.8352082,0,0
715.10174,0,0,0,177.8479395,0,0,0,0,0,0
445.19731,0,0,0,0,0,0,0,0,0,0
389.11414,0,0,0,0,0,0,0,73.12604456,0,87.6305156
1537.14994,0,0,0,543.6020899,0,0,0,0,0,0
437.00613,0,0,0,0,0,250.9566201,0,0,0,0
1129.69542,282.7297947,166.269004,0,0,0,1278.139726,275.3639001,0,0,0
449.22313,0,0,0,0,0,170.8806924,0,0,0,0
643.29561,418.0140867,0,0,0,0,266.4566201,0,0,0,0
713.11181,0,0,0,51.38603025,0,0,177.9728883,0,0,0
723.44452,0,0,0,0,0,132.6786467,0,0,0,0
803.44449,0,0,0,0,0,0,0,0,0,0
1070.26989,0,0,0,0,0,0,0,0,1093.813887,0
813.09792,203.8670838,130.2930886,0,0,0,0,172.6837871,0,0,0
673.05898,122.1932384,0,0,304.3374024,0,287.943308,0,0,0,0
1248.01125,0,0,247.7844849,0,0,0,0,97.82021981,0,0
1401.12213,0,0,263.1553277,0,0,0,0,696.9671925,0,0
907.5171,0,0,0,0,215.8610894,0,0,0,0,0
617.14294,0,0,0,62.8072217,0,0,0,0,370.1242923,0
441.19781,0,0,0,77.62367675,0,0,0,0,0,0
739.42314,0,0,0,0,0,0,0,0,0,0
1469.79243,0,0,0,0,0,0,0,178.9767973,0,0
1033.11275,0,0,0,123.0036377,0,0,0,0,0,0
787.05118,0,119.2906921,0,0,0,0,257.4676284,0,0,0
639.89798,143.7660226,759.7210747,0,0,0,0,423.146262,0,0,0
767.15728,0,0,498.7389594,0,0,0,0,232.5293711,0,0
945.44752,807.9130773,0,0,0,0,283.669485,0,0,0,0
711.35817,130.3034171,0,0,0,0,0,0,0,0,0
979.5105,0,0,0,0,0,0,0,0,0,0
413.02281,0,0,57.89735922,68.12936035,0,0,0,71.31052215,0,0
491.12877,0,0,0,0,0,0,0,0,0,95.59858592
961.48844,0,0,56.8971422,0,0,0,0,0,0,0
469.07168,0,0,0,0,0,0,0,0,1009.950861,0
1083.58672,0,0,0,0,0,1479.473222,0,0,0,0
1349.88778,0,0,0,0,0,0,432.980082,0,0,0
705.37249,220.8523058,0,0,0,0,0,0,0,0,0
780.91652,178.3457723,0,0,0,0,0,0,0,0,0
813.08917,0,0,0,102.6749512,0,367.6823603,0,0,0,0
894.99496,0,0,0,0,0,0,0,0,0,0
1045.65949,0,0,0,157.7603711,0,0,0,0,0,0
823.28039,0,0,0,0,0,1302.675884,0,0,0,325.60075
977.36347,1406.324426,0,0,0,0,0,0,0,0,0
867.47699,0,0,0,0,0,0,379.2325572,0,0,0
1177.66229,0,0,0,0,0,512.7566304,621.0930345,0,0,0
911.48372,95.72175743,0,0,0,0,0,0,0,0,0
1045.07034,0,0,136.0263536,0,0,0,0,0,0,0
511.21759,0,0,0,0,0,344.3827868,0,0,0,0
1282.93569,0,440.7996788,0,0,0,0,0,0,0,0
582.07797,0,0,0,0,1187.003386,0,0,0,0,0
1412.97054,0,187.0238689,0,0,0,0,0,0,0,0
1009.02635,0,229.0105205,0,0,0,0,662.1562114,0,0,0
595.10295,0,0,0,0,138.1448351,0,0,0,0,0
533.17859,638.8530317,0,0,0,0,0,0,0,0,0
697.09464,0,0,0,91.39774415,0,0,0,0,0,0
747.11663,0,0,97.86780465,0,0,0,0,0,0,0
468.04207,0,0,0,68.27851075,0,0,0,265.0033871,0,0
961.0845,0,0,361.1220703,0,0,0,0,376.9123196,0,0
441.21412,0,0,0,0,0,0,0,0,0,0
657.0279,688.1903346,0,0,0,0,299.0411699,0,0,0,0
597.9706,0,288.9052674,0,0,0,0,357.9057085,0,0,0
839.06925,0,0,0,0,0,0,0,0,0,0
1272.90674,0,0,0,0,0,0,0,146.004067,0,0
1347.71446,306.2363454,0,0,0,0,362.5095343,0,0,0,0
939.52704,0,300.1620375,0,0,0,0,0,0,0,0
659.08703,0,0,0,210.7213379,0,0,0,0,0,126.3879218
821.09795,0,0,0,0,0,0,0,0,0,54.830625
1026.38109,0,0,640.2026097,0,0,0,0,385.3024377,0,0
551.15611,0,0,0,0,1887.512109,0,0,0,0,0
1411.01459,0,0,150.0269233,0,0,0,0,0,0,0
757.40276,184.5884783,0,0,0,0,0,0,0,0,0
780.07792,0,0,0,0,0,0,1750.829904,0,0,0
1143.60241,570.3629702,100.7985765,0,0,0,353.693128,0,0,0,0
460.01658,79.47289823,98.37769006,0,0,0,0,0,0,0,0
505.24281,183.9740044,0,0,0,0,0,0,0,0,0
1222.98428,0,0,0,0,0,0,0,116.3296454,0,0
751.98147,0,573.5638899,0,0,0,0,370.7987701,0,0,0
739.03259,0,0,0,0,697.0860243,0,0,0,0,0
914.99034,0,0,401.7148438,0,0,0,0,765.3156151,0,0
769.09524,0,0,0,0,0,0,0,0,0,0
707.08013,0,0,0,0,0,0,242.5546681,0,0,0
445.22707,0,0,0,0,0,602.0821341,0,0,0,0
561.18529,164.6429108,0,109.6446262,0,0,0,0,111.3937525,0,0
443.0148,0,145.0453652,0,0,0,0,379.6442219,0,0,0
1129.13551,222.8592713,0,0,0,0,0,0,0,0,0
801.42073,0,0,0,0,0,0,252.2351678,0,0,0
581.99776,0,0,0,0,0,0,0,0,0,0
867.45623,0,0,0,94.22126955,0,0,0,0,0,124.7905
506.08752,0,0,0,0,0,0,0,118.41719,0,0
623.20845,0,0,0,0,0,0,0,66.28558892,0,0
704.99112,0,0,0,0,0,0,213.785543,0,0,0
767.28133,275.2149129,0,0,0,0,0,0,0,0,0
1231.66799,0,0,0,0,0,0,0,339.8383727,0,0
404.81456,0,0,0,0,0,0,0,0,1208.394361,0
572.03336,0,0,0,0,0,0,0,0,886.4883378,0
1276.91485,0,0,0,0,0,0,0,149.6161368,0,0
443.08634,0,0,0,0,0,0,183.4447131,0,0,296.9219375
693.07178,0,0,372.2112901,0,0,0,0,0,884.6081013,0
959.05661,0,0,225.0138075,0,0,166.9530222,0,312.7731037,0,0
1225.04089,0,176.656933,0,0,0,0,217.7007077,0,0,0
837.11407,0,0,217.1068929,0,0,0,0,0,0,0
651.09534,0,0,0,0,160.1296658,0,0,142.8332551,0,0
634.04584,0,0,0,165.451001,0,0,0,0,0,158.4542031
425.11246,0,0,0,0,0,0,0,0,0,0
909.02863,0,0,0,0,0,0,0,0,0,0
819.13156,0,0,0,0,265.6182074,0,0,0,0,0
895.54454,0,0,0,0,0,0,0,602.503214,0,0
973.01088,0,0,407.9946967,0,0,0,0,481.0438835,0,0
1221.14476,0,0,158.2669271,663.9345215,0,0,0,0,0,0
669.10648,0,0,103.1176894,0,0,0,0,0,0,0
963.03513,403.6380842,0,0,0,0,0,0,0,0,0
1051.10818,0,0,0,0,0,0,0,261.5945411,0,0
675.46278,0,0,0,0,1226.781684,0,0,0,0,0
1225.8285,899.5683162,359.4116361,0,0,0,188.42307,0,0,0,0
607.10042,0,0,0,181.2727735,0,0,0,0,0,0
907.06316,0,0,0,0,0,0,137.2221148,0,0,0
519.25401,763.6004909,0,0,0,0,349.5330489,0,0,0,0
469.00005,0,0,0,0,549.7511284,0,0,0,0,0
825.00627,0,130.0941694,259.1489529,0,0,0,0,509.9495649,0,0
699.35271,201.2496888,0,0,0,0,699.0167043,0,0,0,0
1103.96512,0,0,453.6748318,0,0,0,0,453.6153827,0,0
887.43473,136.1415757,0,0,0,0,419.3296541,0,0,0,0
473.22378,208.3506637,0,0,0,0,0,0,0,0,0
1087.55873,0,0,0,0,0,95.83588611,0,0,0,0
1419.05918,0,195.4497699,0,0,0,0,0,0,0,0
674.98158,0,0,0,0,0,0,1089.520285,0,0,0
457.1015,0,158.9432815,137.5009223,0,0,0,0,0,0,121.7894297
613.16924,386.8400339,0,0,0,0,0,0,0,0,0
1481.85389,0,0,0,746.3507422,0,0,0,154.122812,0,0
633.30157,0,0,0,0,0,0,0,0,0,0
1221.67116,570.6354052,110.2328293,0,0,0,933.184262,199.8990756,0,0,0
409.20136,0,0,0,0,0,0,111.238494,0,0,0
683.31178,0,0,0,0,0,301.5078639,0,0,0,0
522.08085,0,0,0,0,0,0,0,0,0,0
829.48606,0,0,0,0,0,504.7850534,0,0,0,0
663.01219,0,0,0,0,0,0,0,0,0,0
1032.99823,0,384.8536354,0,0,0,0,0,0,0,0
1119.60015,384.2681053,0,0,0,0,0,0,0,0,0
731.10658,0,0,618.3233779,0,0,0,0,124.7415076,0,0
1117.05591,0,0,0,0,0,1301.488487,0,0,0,0
1095.61808,0,0,0,0,0,407.5317383,0,0,0,0
962.94363,0,0,85.28331167,0,0,0,0,93.07229652,0,0
517.21147,0,0,0,0,0,0,0,0,0,0
843.46764,471.3091468,0,0,0,0,520.5106137,0,0,0,0
549.08459,0,0,0,0,0,0,0,78.29480443,0,0
521.00326,0,0,0,0,0,0,184.1384012,0,0,0
435.06479,0,0,0,319.318545,0,0,0,0,0,0
434.05695,0,124.8485669,170.971734,0,0,0,294.0937113,0,0,0
427.10252,0,0,0,0,0,0,0,0,0,0
1070.18977,0,0,0,860.8852735,0,0,0,0,0,0
811.25892,0,0,0,0,453.3865018,0,0,0,444.1884907,0
1481.88043,0,0,0,725.5236522,0,0,0,0,0,0
803.31629,0,0,0,0,0,238.8975124,0,0,0,0
963.60491,682.8144358,129.5519315,0,0,0,541.3339843,0,0,0,0
419.18101,120.3732716,0,0,0,0,0,0,0,0,0
605.00117,0,294.7057611,0,0,0,0,0,0,0,0
441.21474,0,0,0,0,0,0,0,0,0,0
832.97389,0,0,0,0,163.9344184,0,0,0,0,0
1406.95754,0,0,278.8076715,0,0,0,0,235.6750396,0,0
1059.04708,0,0,0,0,0,240.6610557,0,0,0,0
741.56267,247.0889968,0,0,0,0,0,0,0,0,0
441.21741,0,0,0,0,0,0,0,0,0,0
1065.07929,0,0,0,310.944751,0,0,0,0,0,873.7323906
1001.20854,0,0,0,0,855.5140408,0,0,0,645.3827559,0
495.01859,0,0,0,0,0,0,0,0,0,120.5245156
1412.03744,0,0,0,0,0,0,0,344.8221173,0,0
1367.29164,0,0,0,0,1278.357227,0,0,0,394.2274117,0
503.01835,0,0,0,0,0,0,169.6826462,0,0,0
1033.35817,0,0,0,0,563.3512587,0,0,0,559.307971,0
575.21926,0,0,0,0,0,0,0,0,181.0034816,0
1193.0834,0,0,71.41663278,0,0,0,0,0,0,0
543.13333,0,0,0,0,0,0,353.3411587,0,0,0
1281.10906,0,112.074698,0,0,0,0,804.3478979,0,0,0
559.24428,407.4017302,0,0,0,0,0,0,0,0,0
473.2209,0,0,0,0,0,0,0,0,263.219033,0
889.09998,0,0,0,517.2374903,0,0,0,0,0,534.1164688
561.06587,0,0,0,0,0,0,0,0,0,0
653.05663,166.1194172,0,0,0,0,0,0,582.6847928,0,0
657.2956,201.8750173,0,0,0,0,1003.814762,0,0,0,0
547.16857,237.6261667,105.1180263,116.5828315,0,0,388.1619295,0,451.0306257,0,0
999.07399,0,0,169.6518148,0,0,0,127.1444055,0,0,0
538.12179,0,0,0,0,0,0,0,74.126675,0,0
661.12214,0,0,0,0,0,0,0,0,0,147.8982969
517.22606,0,0,149.6912164,0,0,0,0,0,0,0
711.20886,0,86.8777919,286.9359809,0,0,0,0,215.5243523,0,0
485.15152,529.0679965,0,0,0,0,0,0,0,0,0
904.91563,0,0,0,0,0,0,0,0,0,0
917.05979,0,158.964694,0,0,0,0,0,0,0,0
438.92454,938.0930413,0,0,0,0,0,262.5582844,0,0,0
401.04815,0,0,72.41695153,84.4666504,0,0,214.7212349,0,0,0
631.33717,0,545.8295629,181.9673123,0,0,0,0,148.3039582,0,0
454.04113,0,0,0,0,0,0,0,0,0,800.5196094
843.26626,0,0,0,0,0,0,0,0,256.5532157,0
1203.61415,170.3103049,0,0,0,0,904.5547646,0,0,0,0
645.15796,0,0,0,0,0,0,118.6659866,0,0,0
585.11928,0,0,0,0,0,0,0,0,0,0
495.16352,105.1665947,0,0,0,0,0,0,0,0,0
413.19138,115.5180103,0,0,0,0,0,0,0,0,0
497.2365,0,0,0,0,0,145.5803351,0,0,0,0
429.19352,350.3341745,151.0845236,0,0,0,747.8598889,469.2065091,0,0,0
529.13904,930.8308212,0,0,0,0,0,0,0,0,0
1377.78374,0,0,0,592.5625781,0,0,0,315.450801,0,0
1027.14411,0,0,104.0080499,0,0,0,0,101.9805491,0,0
1449.96711,0,0,286.3766005,0,0,0,0,229.4672913,0,0
877.08372,0,0,283.8951823,0,181.521658,0,0,252.0959504,0,0
711.13869,0,0,0,0,0,0,0,0,388.1900475,0
761.19446,1486.65224,0,0,0,0,0,0,0,0,0
495.16421,0,0,0,0,0,0,0,0,0,0
725.09598,0,0,0,0,0,0,0,178.2177982,0,0
542.94251,0,512.5899156,0,0,0,0,0,0,0,0
1434.98552,0,0,0,0,0,0,0,370.1706759,0,0
1295.98493,0,0,832.0555013,0,0,0,0,301.3172221,0,0
518.0786,0,281.5228025,0,350.6065918,0,0,0,0,0,287.1584219
759.06511,0,97.08154,0,0,0,0,0,0,0,0
588.08638,0,0,0,0,0,0,0,0,257.779863,0
497.24609,0,0,0,34.44964844,0,0,0,0,0,0
999.51406,0,0,0,0,0,167.3467696,0,0,0,0
633.30172,0,0,0,0,0,0,0,0,0,0
549.05197,0,0,0,0,0,0,0,0,389.2694746,0
961.47148,0,0,0,0,0,0,107.4669709,0,0,0
679.22118,582.8050159,0,0,0,0,0,0,0,0,0
1324.90401,0,0,0,0,0,0,0,179.2917511,0,0
535.06886,0,0,0,76.13776365,0,0,0,0,0,0
594.092,0,0,0,0,0,0,0,0,0,0
377.10963,0,0,0,0,119.2622396,0,0,0,0,0
613.28268,0,0,0,0,0,0,0,0,0,0
795.22396,0,0,189.1207683,0,0,0,0,0,0,0
995.5015,0,0,63.72413466,0,0,0,0,0,0,0
1032.99621,0,0,603.8735351,0,0,0,0,0,0,0
851.42141,651.6707688,0,0,124.2621778,0,500.2847964,0,0,0,79.21701562
1067.55052,0,0,153.8008491,0,0,0,0,0,0,0
944.99328,264.8740666,0,0,0,0,0,0,0,0,0
453.04215,0,0,0,0,0,0,0,0,164.5557632,0
1059.05029,0,0,0,0,0,0,0,0,0,0
564.07255,0,0,0,0,0,0,0,0,565.7340919,0
900.15037,0,199.3321031,0,173.9410157,309.7523654,0,0,0,0,561.624375
1077.0757,0,0,78.08791778,0,0,0,0,0,0,0
687.38495,0,0,0,0,129.2804144,0,0,0,0,0
637.2837,0,0,0,0,737.7765407,0,0,0,676.7478487,0
606.14844,247.8126728,0,0,0,0,0,0,0,0,0
675.30605,0,0,202.6986491,0,0,0,0,0,0,0
647.31151,0,0,0,0,281.0657552,0,0,0,0,0
921.55037,525.8850249,434.6041507,0,0,0,0,0,0,0,0
725.38589,701.0605988,0,0,0,0,1121.786493,0,0,0,0
760.97699,0,0,0,0,0,0,0,0,595.2761549,0
678.84815,0,0,0,0,0,0,0,0,0,550.8940313
1309.84491,583.9992222,324.7933282,0,0,0,596.9168122,0,0,0,0
1407.85471,0,0,0,0,0,0,0,118.9311709,0,0
1184.01962,0,180.2383531,0,0,0,258.7514134,0,0,227.4631736,0
1305.7581,0,0,0,820.8851953,0,0,0,0,0,0
732.97488,0,456.4512318,0,0,0,0,394.5561572,315.6420342,0,0
547.04799,0,0,0,0,0,0,0,0,0,0
665.34308,174.2625484,0,0,0,0,418.3011796,0,0,0,0
628.03802,0,0,0,0,0,0,0,0,340.6335201,0
731.96222,0,0,0,0,0,0,0,0,0,0
977.43971,413.6602427,0,0,0,0,0,0,0,0,0
573.01363,0,0,0,0,0,260.01213,0,0,0,0
645.28045,0,0,95.93141007,0,0,0,0,0,0,0
773.91586,158.3557799,0,0,0,0,0,0,0,0,0
783.36397,0,0,0,0,0,441.0291941,0,0,0,0
1057.12027,0,0,106.1214735,325.8876172,0,0,0,0,0,0
442.07407,0,0,0,0,0,0,0,83.43921823,0,0
965.52933,0,0,0,0,0,485.7971834,0,0,0,0
827.40575,720.2984825,0,0,0,0,0,0,0,0,0
815.37057,347.0145361,0,0,0,0,593.7236328,0,0,0,0
1026.19479,0,770.7048026,0,0,0,0,0,0,0,0
385.09765,0,0,0,0,0,0,0,0,2238.778986,0
999.07265,0,0,0,0,0,0,0,132.2281695,0,0
587.02368,0,0,0,0,0,0,407.6806157,0,0,285.7432813
606.60398,0,0,655.3835178,0,0,0,0,0,0,284.3079375
1358.84254,0,0,310.9497274,0,0,0,0,220.1226019,0,0
495.21163,149.621837,0,0,0,0,0,0,0,0,0
481.13696,0,136.3860118,0,0,0,0,0,0,0,0
1113.16322,0,0,131.3795708,0,0,0,0,111.9542128,0,140.0305938
501.12442,0,0,0,0,0,455.4637643,0,0,0,0
473.2309,0,0,0,0,0,0,0,0,375.2685122,0
858.09591,757.9930172,0,0,0,0,0,0,0,0,0
1510.87967,0,0,0,0,0,0,0,91.65336975,0,0
544.00928,0,0,0,0,0,0,0,0,0,0
1055.57613,0,0,98.92504882,0,0,0,0,0,0,0
900.31691,0,0,214.9485949,0,1120.752669,0,0,0,0,0
1052.96165,0,288.6163128,0,0,0,0,0,0,0,0
608.60617,0,0,605.7068414,0,0,0,0,0,0,272.3380313
1038.0153,0,0,0,0,0,234.3805511,0,0,0,0
717.08821,0,0,0,63.9134326,0,0,0,0,0,0
496.98918,0,0,388.2702637,0,0,0,0,0,0,0
982.14328,0,0,179.6567926,264.698252,0,0,0,0,0,204.1687656
1095.07251,0,0,0,0,0,0,0,88.92078722,0,0
771.45123,837.761857,0,0,0,0,469.5432771,0,0,0,0
1280.0095,0,139.4314609,0,0,0,0,231.3000077,0,0,0
975.09751,0,0,137.3632134,248.9545606,0,0,0,0,0,275.3075078
1247.12073,0,0,0,489.0965039,0,0,0,0,0,504.9524062
895.17688,0,0,547.8359646,0,0,0,0,348.3711803,0,0
1297.03964,0,0,0,0,95.38772787,0,0,0,0,0
811.24365,0,0,0,0,0,0,0,0,0,0
675.10684,0,0,0,0,0,0,0,0,0,0
715.05481,0,0,0,0,0,0,0,0,0,0
1215.06832,0,0,0,0,0,0,0,0,0,0
1319.73762,0,0,0,0,0,0,0,260.7412727,0,0
1073.12434,0,0,0,171.0394336,0,0,448.7227336,0,0,0
711.27391,0,0,0,0,0,0,0,0,1024.739215,0
579.28571,770.0320537,0,0,0,0,0,0,0,0,0
449.09207,0,0,0,0,512.2833768,0,0,0,0,0
1280.01062,0,0,247.3973253,0,140.6847439,0,0,0,0,0
506.98637,0,0,0,0,0,0,0,144.6765477,0,0
811.35408,383.4452606,0,0,0,0,598.2437038,0,0,0,0
891.49872,0,0,0,0,630.6451606,0,0,0,0,0
706.9317,0,0,580.6172011,0,0,0,0,0,0,0
532.10511,0,0,0,0,0,2105.753598,0,0,0,0
703.99499,0,0,0,0,0,0,0,659.1425535,0,0
609.15994,0,94.34688939,0,0,0,0,0,0,0,0
537.23764,323.8910225,0,0,0,0,714.7081621,0,0,0,0
650.90691,0,0,105.3089599,0,0,0,0,752.8945189,0,0
500.99217,0,0,0,152.8249463,0,0,0,0,0,468.4923829
471.3185,243.6015452,0,0,0,0,448.3695004,0,0,0,0
674.60921,138.0930413,0,357.1921929,0,0,0,0,0,0,741.21275
573.01293,0,0,0,0,0,178.5153295,0,0,0,0
573.21489,473.8589602,0,0,0,0,0,0,0,0,0
1538.16663,254.4406458,0,0,0,0,0,0,0,0,0
823.07409,0,0,0,79.8772754,0,0,0,0,0,0
1097.56068,344.2941614,0,0,0,0,0,0,0,0,0
895.07693,128.3800903,198.4043688,0,0,0,0,0,0,0,130.0358828
741.08002,0,0,0,50.63865235,0,0,0,0,0,0
935.92548,0,0,0,0,0,0,0,0,0,0
1037.65529,219.7102548,0,0,0,0,0,0,0,0,0
747.0888,0,0,0,0,0,0,145.4854482,0,0,0
505.05269,0,0,80.61160618,0,0,0,0,0,0,0
489.0791,0,0,0,0,0,0,0,0,172.4832286,212.5670391
747.13,0,0,0,0,0,0,0,0,0,0
479.9919,0,0,0,0,0,0,0,0,0,0
711.30964,0,0,0,0,214.3597222,0,0,0,0,0
934.92783,0,215.7923456,0,0,0,0,0,0,0,0
761.10858,0,0,0,364.1167139,0,0,0,0,0,269.1874922
837.16717,0,0,0,0,252.0930556,0,0,0,317.6434839,0
702.95505,0,0,0,0,0,0,0,0,0,0
682.11636,0,0,365.8693713,0,0,0,0,664.4793685,0,0
562.27941,482.7828747,0,0,0,0,735.4943718,0,0,0,0
961.00872,0,0,640.8485107,0,0,0,0,412.2159563,0,0
615.1539,0,0,0,0,0,0,0,0,446.3517323,0
1061.26498,0,0,0,0,792.0779948,0,0,0,904.4315841,0
375.0606,0,0,243.0959133,0,0,0,403.5177329,0,0,0
1190.01643,437.120385,0,0,0,307.3664497,0,0,0,0,0
847.4578,0,0,771.0815701,0,242.921224,0,0,0,0,0
1007.57577,0,0,0,122.4148242,0,0,0,242.6250989,0,0
1284.82813,0,0,0,0,0,264.6776572,0,0,0,0
893.42141,0,0,0,0,0,410.0014392,0,0,0,0
728.06757,0,173.1509179,0,0,0,0,0,690.9375742,0,0
1261.00333,0,0,554.4878608,0,0,0,0,409.9137164,0,0
785.09992,177.2782598,0,0,0,0,0,0,0,0,0
741.06783,0,0,0,0,0,0,0,0,0,0
428.23685,0,0,409.9156562,0,0,0,195.2205097,222.4832996,0,94.9503516
506.96754,283.6716849,0,0,0,0,0,0,0,0,0
1067.54019,0,0,0,0,0,0,0,0,0,160.7360313
1109.02478,0,0,212.9941949,0,0,0,0,530.9412332,0,0
1077.05476,0,0,0,0,0,0,220.8263846,0,0,0
1260.06642,0,0,0,0,0,0,0,0,0,0
475.15501,131.913302,0,0,0,0,392.6742008,0,0,0,0
923.03399,0,0,0,0,0,0,0,125.9238528,0,0
727.44263,700.9065958,0,0,0,0,636.6273129,0,0,0,0
907.48335,0,0,0,0,0,0,0,0,0,0
1261.68329,0,0,0,169.821543,0,0,0,623.1656942,0,186.5172031
481.08749,562.6722552,0,0,0,0,815.0577714,0,0,0,0
1184.83322,0,0,385.9364285,0,0,0,0,312.6897251,0,0
738.05569,0,0,0,0,0,0,0,0,0,0
945.5482,310.6337458,0,0,0,0,0,0,0,0,0
767.97523,0,0,338.7292481,0,0,0,256.1819694,366.0327581,0,0
1021.51008,0,0,0,0,0,0,0,0,0,0
1015.06523,0,108.8824171,0,0,219.7097222,0,0,0,0,0
414.02109,0,278.5235573,0,104.6324561,0,0,0,0,0,0
667.06533,0,0,0,0,0,0,0,166.1801449,0,0
1482.95254,0,0,0,0,0,0,0,137.335715,0,0
1225.04181,0,0,0,0,0,0,0,123.3164434,0,0
533.12105,0,103.0904788,0,0,0,0,0,164.9823106,0,0
1032.99585,0,203.8615318,0,0,0,209.1840434,916.9156288,0,0,0
419.15641,0,128.2829395,0,0,0,0,0,0,0,0
945.45446,740.152724,0,0,0,0,245.2431384,0,0,0,0
807.09669,0,0,0,0,0,0,0,0,0,0
1412.03733,0,143.1155339,0,0,0,0,0,0,0,0
1070.28983,0,0,0,126.6042969,227.0103299,0,0,0,416.4427084,209.2679531
533.09357,0,0,0,0,333.8860894,0,0,0,307.1021003,0
607.30739,1026.167001,0,0,0,0,0,0,0,0,0
597.21432,0,0,300.970086,0,113.4888889,0,0,0,0,0
466.89357,464.3547082,0,0,0,0,0,0,0,0,0
691.02752,96.28751558,0,0,0,0,0,0,0,0,0
439.22654,0,0,0,0,435.0787761,0,0,0,0,0
772.04595,0,61.45528779,0,0,0,0,0,0,0,0
496.84256,0,0,265.0955403,0,0,0,222.9793858,0,0,744.1902813
731.24072,0,0,310.4464654,0,0,0,0,0,0,0
519.19119,804.2136685,0,0,0,0,493.364155,0,0,0,0
986.92049,93.79693549,0,0,0,0,0,0,0,0,0
454.01905,0,370.6632118,115.3716769,0,336.2456707,0,0,162.9292672,215.035043,0
629.25746,0,0,0,0,0,126.3007427,0,0,0,0
695.22747,0,0,164.9930013,0,0,0,0,0,0,0
424.06296,0,0,466.5746731,0,0,0,0,542.1535923,0,0
431.05567,0,0,0,0,0,0,721.9266708,0,0,0
1587.9738,0,0,307.8261447,0,0,0,0,558.9160897,0,0
1144.97034,0,0,0,0,0,205.7930843,0,0,0,0
531.05879,118.7858044,0,0,0,0,0,0,0,0,0
995.52706,203.9757328,0,0,0,0,0,0,0,0,0
953.04457,0,126.1812333,173.6710883,0,0,0,0,0,0,0
1139.70569,143.599281,132.2084122,0,0,0,0,0,0,0,0
839.1065,0,0,0,0,0,0,0,0,0,0
1113.00207,0,0,248.5810276,0,0,0,0,599.5306196,0,0
895.40026,0,0,0,0,0,434.1918688,179.1075379,0,0,0
419.02022,0,0,0,0,0,0,867.4583462,277.465536,0,0
1115.01727,0,231.6651769,300.4097494,0,0,0,167.9471689,0,0,0
885.07756,0,0,175.7655029,0,0,0,0,119.7205795,0,0
419.1771,0,0,0,0,0,155.3050345,0,0,0,0
533.09701,0,0,348.6948378,0,0,0,0,136.9440269,0,0
887.46712,172.6185875,0,0,0,0,0,0,0,0,0
413.92749,0,510.1366709,80.67587618,0,0,0,122.4949432,87.55745032,0,0
443.19767,91.64471274,0,0,0,0,0,0,0,0,0
1107.01593,0,0,282.5933974,0,0,0,0,290.9895668,0,0
488.20921,0,0,0,0,0,0,0,114.3469022,0,0
392.0183,0,0,0,0,0,0,236.011332,230.7427561,0,0
709.11538,0,159.3171252,200.3017849,0,0,0,283.9228999,0,0,0
1116.96161,552.246958,0,0,0,0,681.7632093,0,0,0,0
561.01396,0,0,0,0,0,0,0,0,0,0
937.38191,583.501884,0,0,0,0,500.4280428,0,0,0,0
946.99085,0,0,0,0,0,0,0,145.2180578,0,0
828.009,0,0,0,0,0,324.1057,0,0,0,0
606.31366,227.4120057,0,0,0,0,960.892167,0,0,0,0
1065.71498,0,0,0,0,252.9655599,0,0,677.7862565,0,0
893.49437,0,0,0,0,0,557.0105109,0,0,0,0
1363.81753,0,0,0,72.2137842,0,0,0,518.5226834,0,332.679
825.97925,0,0,0,0,0,0,0,0,0,0
637.34763,792.2819933,0,0,0,0,417.1843647,0,0,0,0
923.03534,0,0,0,0,0,0,0,0,0,0
620.90679,0,0,0,0,0,282.5472091,0,0,0,0
661.27493,0,162.168496,0,0,0,0,0,0,0,0
863.09424,0,0,180.8834907,0,0,0,0,125.5622157,0,110.3029844
567.06264,0,0,194.3188748,116.2716016,0,0,0,0,0,0
1070.11737,0,0,167.4624973,0,265.4555772,0,0,0,0,238.6235
779.92951,0,0,0,0,0,0,0,0,0,0
383.0565,0,0,0,128.4492481,0,0,0,95.36436905,0,0
793.06933,0,0,0,0,0,173.0038934,343.5017018,0,0,0
685.24128,0,52.35120303,0,0,0,0,0,0,0,0
856.00533,0,0,0,0,678.0382161,0,0,0,366.4344713,0
1269.64397,0,0,0,0,0,0,0,0,0,0
837.52441,289.2916984,0,0,0,0,0,0,0,0,0
435.0717,0,0,0,0,0,0,0,0,0,0
833.51646,0,920.8803921,0,0,0,0,0,0,0,0
707.07958,0,0,0,0,327.6106553,0,0,0,0,0
1033.04357,0,0,0,0,0,0,0,0,245.8360225,0
845.33815,324.2188883,0,0,0,0,608.4979183,0,0,0,0
959.05507,159.6934976,0,0,166.499707,0,162.5494321,0,0,0,0
521.0036,0,0,0,0,0,0,0,88.19899627,0,0
1015.06688,0,0,0,0,0,0,0,0,0,0
1431.03801,931.314263,0,0,0,0,812.4188682,0,0,0,0
801.30209,498.0190473,0,0,0,0,0,0,0,0,0
935.08283,0,0,0,0,0,0,0,0,0,71.20759375
1175.20338,0,0,0,0,1199.405903,0,0,0,598.2836843,0
675.12943,0,0,0,0,0,0,0,330.0414112,0,0
739.46041,1044.167796,0,0,0,0,409.3671618,0,0,0,0
713.34078,0,0,0,0,0,227.9503238,0,0,0,0
861.47719,179.0681865,0,0,0,0,0,0,0,0,0
384.11811,0,175.2945804,0,0,0,0,0,122.8251459,0,0
757.98336,0,422.5820552,0,0,0,0,0,506.6854233,0,0
1021.57588,332.7775166,0,274.5317112,0,0,0,0,0,0,0
1064.94661,0,0,299.0443794,0,0,0,0,0,0,0
1289.78887,0,0,0,0,0,0,0,0,0,0
637.23329,0,0,0,0,0,0,0,0,0,288.3520625
863.44801,0,0,0,0,0,409.9686214,0,0,0,0
687.32046,191.1149578,0,0,0,0,459.987613,0,0,0,0
779.23443,0,658.6516248,0,0,0,0,0,0,0,0
791.09531,0,0,0,56.8581299,0,0,0,0,0,0
607.25153,300.1029452,0,0,0,0,366.2039474,0,0,0,0
1615.25372,0,0,0,0,1348.203776,0,0,0,390.9374151,0
1431.06815,0,0,0,500.0161133,0,0,0,0,0,0
493.21038,303.6519635,0,0,0,0,0,0,0,0,0
721.32128,0,0,0,0,0,0,0,0,0,0
863.08082,0,0,0,0,232.453776,0,0,0,0,0
390.01288,0,0,0,0,784.3371528,1395.203639,0,0,0,0
763.4262,0,0,0,0,0,0,0,369.3852848,0,0
982.89922,0,0,0,0,0,0,0,0,0,0
865.1632,0,0,87.55588111,0,0,0,0,0,0,0
403.10755,0,0,180.2527533,0,0,0,0,0,0,0
803.24238,0,0,0,100.1400489,0,0,0,0,0,0
811.07461,0,0,0,144.3864453,0,0,0,0,0,0
905.98411,0,0,0,0,0,0,285.8890973,0,0,0
807.44781,0,188.5483608,0,0,0,0,0,0,0,0
1111.11555,0,0,311.6936442,0,189.8619358,0,0,326.1962026,0,0
1053.97105,0,139.1343582,0,0,0,0,0,0,0,0
975.11814,0,0,0,0,0,0,0,0,0,0
667.29218,0,0,0,0,0,0,0,0,0,0
768.9651,185.8652171,0,0,66.87216795,0,647.6977283,0,0,0,0
579.03501,0,168.6363353,0,0,247.2100478,0,0,0,0,0
873.12147,0,0,249.2487386,0,0,0,0,91.14794304,0,0
963.54993,0,0,0,94.44708985,0,0,0,305.5088261,0,0
867.56178,0,0,0,0,415.869987,0,0,0,0,0
1026.16714,0,416.0505775,0,0,0,0,0,0,0,0
1203.34285,0,0,0,0,870.271441,0,0,0,0,0
699.3545,154.6641662,0,0,0,0,218.6287263,0,0,0,0
739.14881,0,0,0,0,0,0,0,0,0,0
829.21624,0,0,0,0,0,0,0,0,1378.75651,0
732.07886,0,0,0,38.52143799,0,0,0,0,0,0
438.28853,0,0,86.82438826,0,0,0,0,0,0,0
416.97234,0,358.269076,608.033827,0,0,0,0,0,0,0
687.11411,0,0,0,0,0,0,123.7655476,0,0,0
521.0351,0,0,0,0,222.0355686,0,0,0,0,0
915.18019,0,0,127.2332357,0,0,0,0,0,0,0
1395.18817,0,0,0,0,1245.6648,0,0,0,0,0
607.16221,0,0,169.8446723,0,0,0,0,0,0,0
806.97256,0,0,0,0,0,0,0,202.5538346,0,0
429.05023,0,0,0,0,568.6236111,0,0,91.08879918,0,0
809.19675,0,0,0,0,553.4192709,0,0,0,0,0
697.04174,0,0,0,0,0,0,0,0,0,0
1205.66051,254.8684665,0,0,0,0,0,0,0,0,0
900.18587,0,0,0,0,0,215.4065455,0,0,0,281.8687187
1015.0699,0,0,192.0591906,0,0,0,0,0,0,0
1336.76678,0,102.5075729,0,0,0,0,0,0,0,0
429.20589,0,0,0,0,0,253.6275699,0,0,0,0
708.06273,0,0,0,0,0,0,372.6002088,509.4142108,0,0
675.09146,0,0,0,0,0,0,0,424.9665744,0,0
923.55212,218.2956133,72.77907521,0,0,0,324.5595703,0,482.2820906,0,0
561.22512,0,78.79471816,0,0,0,0,0,0,0,0
1073.62425,0,199.7481428,0,0,0,0,0,0,0,0
1465.90576,0,0,229.0064969,0,0,0,0,76.95868772,0,0
715.30979,0,0,0,0,0,0,0,0,0,0
787.07214,0,0,0,0,0,0,137.9581432,0,0,123.7206484
617.10431,0,0,0,0,0,0,0,350.4583292,0,0
883.15653,0,0,0,0,0,0,0,0,0,0
911.51722,0,0,0,209.1239844,0,0,0,0,0,0
855.43431,0,0,0,0,0,0,0,0,0,0
597.03561,0,0,0,0,235.5404731,0,0,0,0,0
1234.97301,0,0,0,0,0,0,0,0,0,0
975.08419,0,0,0,0,289.3221788,0,0,0,0,284.8894375
1029.14425,0,0,0,0,0,0,0,0,0,0
1295.90415,0,0,529.4899495,0,0,0,0,0,0,0
875.29088,0,0,0,0,1054.682227,0,0,0,331.0361752,0
792.95509,0,0,0,60.6719336,0,0,0,0,0,0
787.08974,0,0,0,387.2852833,0,0,154.2646291,0,0,0
637.89577,128.6418176,110.274468,95.05014375,0,0,0,144.1867942,0,0,0
788.9894,196.9183317,0,0,0,0,0,0,0,0,0
1459.90161,0,0,0,0,0,0,0,184.612898,0,0
579.03441,0,0,0,0,642.1619357,0,0,0,0,0
1282.8257,0,426.4771496,0,0,0,603.3623561,282.2241452,0,0,0
385.15036,0,0,299.8539768,0,0,0,0,302.6246044,0,0
895.60422,0,204.5603432,0,0,0,0,0,0,0,0
1119.08245,0,0,0,0,0,0,0,0,0,0
709.03853,0,137.8923145,0,0,0,0,0,147.9327779,0,0
665.34739,0,0,0,0,0,0,0,0,0,0
743.36425,0,0,0,0,0,0,0,0,0,0
841.41545,199.30569,0,0,0,0,496.24044,0,0,0,0
777.11935,0,0,0,151.7937354,0,0,0,0,0,0
759.08694,0,0,0,428.6565674,0,0,0,0,0,265.9745703
1340.8736,0,0,0,0,0,0,0,211.5391058,0,0
1021.63278,0,0,995.3252496,0,0,0,0,0,0,0
929.39775,787.0449738,0,0,0,0,444.19724,0,0,0,0
907.0214,169.3056381,0,0,78.19486815,0,0,0,0,0,0
1121.54062,142.0588012,0,0,0,0,173.1695107,0,0,0,0
763.0264,0,0,0,0,0,0,0,200.3042425,389.3685745,0
687.32772,450.2232094,0,0,0,0,0,0,0,0,0
468.04327,0,0,139.6032037,0,730.6868707,0,0,0,0,0
891.48242,0,0,0,0,0,0,0,0,0,0
841.46972,0,233.0691382,0,0,0,0,0,0,0,0
1183.03566,0,0,0,0,0,0,0,86.04995918,0,0
622.91039,0,0,0,0,0,0,0,0,0,0
567.05049,0,0,0,158.9328516,0,0,0,0,0,0
731.09589,0,0,0,0,0,0,195.3389349,0,0,0
537.26249,199.4273714,0,0,0,0,362.695107,0,0,0,0
614.27069,0,0,0,0,0,0,0,0,0,0
945.53464,0,0,0,0,0,0,0,0,0,0
1272.73541,0,0,0,653.986836,126.8221246,0,0,0,0,0
637.01852,0,0,0,0,0,0,0,0,0,0
794.87921,0,0,0,0,0,0,0,0,0,0
1058.95777,0,0,0,0,0,0,219.1442412,0,0,0
370.0376,0,0,189.0261569,0,0,0,0,118.46116,0,0
719.50174,0,0,0,0,315.9551216,0,0,543.697587,0,0
975.1152,0,0,0,0,253.7555121,0,0,0,0,0
1077.70573,0,0,180.7653538,0,0,0,0,0,0,0
923.46105,0,0,0,0,0,0,127.7123395,0,0,88.96262504
1312.96775,0,88.44627706,0,0,0,0,0,606.970802,0,0
1297.99588,0,0,0,381.2772413,0,301.4971474,0,0,0,0
610.19225,742.9394359,0,0,0,0,451.6292661,0,0,0,0
441.21769,0,0,0,0,0,0,0,0,175.8839164,0
951.52458,267.3286781,0,0,0,0,916.5419921,0,0,0,0
425.22719,224.7578471,0,106.0767619,0,0,153.2237484,0,0,0,0
657.19112,401.6581858,0,0,0,0,405.5350278,296.1424815,0,0,0
797.11667,0,0,0,0,372.4669271,0,0,0,0,0
441.20004,0,0,0,0,0,0,0,0,0,0
884.01468,0,0,0,0,0,0,0,0,0,0
893.19842,128.8437241,0,0,0,0,0,0,0,0,0
863.48908,0,0,0,202.0679883,0,0,0,0,0,0
753.35882,0,0,0,0,0,0,0,0,0,113.5410156
935.50972,0,0,0,0,714.2381293,0,0,0,0,0
731.09335,0,0,124.6287571,0,0,0,0,0,0,0
811.49159,0,0,0,0,0,325.2391293,0,0,0,0
925.14108,0,0,0,69.5889551,0,0,0,0,0,0
1407.75334,267.995195,138.9593199,0,0,0,873.7740287,0,0,0,0
615.12193,0,0,0,47.65776856,0,0,0,0,0,0
897.12773,0,0,0,92.46555665,0,0,0,0,0,0
975.07067,0,0,0,0,0,0,260.900584,0,0,0
1108.98925,0,0,0,0,0,0,0,161.3397078,0,0
491.10876,120.6835851,0,0,0,0,0,0,0,0,0
1017.66799,0,0,0,0,0,0,0,0,542.5581975,0
1214.05043,0,0,156.6545546,0,0,0,0,0,0,0
971.52427,0,0,0,0,0,397.3522821,0,0,0,0
518.02347,0,0,0,79.90680175,0,0,0,0,0,0
1017.19433,0,0,0,0,0,0,0,0,391.5917403,0
863.40662,457.0574875,0,0,0,0,0,0,0,0,0
1011.16996,0,0,0,0,0,0,0,0,0,0
1165.58478,163.7348071,0,0,0,0,0,0,0,0,0
885.07709,294.2999516,0,0,0,0,0,0,0,0,0
982.37784,0,0,192.3992106,0,0,0,0,470.6333441,0,166.4816562
667.01981,0,0,0,0,0,0,0,0,0,0
605.09237,0,0,160.1127658,0,210.0919488,0,0,177.5194323,0,196.1504218
1265.63123,0,193.704491,0,0,0,0,203.691561,0,0,0
1277.76867,0,112.8907209,0,0,0,0,590.9090927,0,0,0
1049.04798,0,0,249.4277072,0,0,0,0,0,0,0
1109.03628,0,0,558.9310031,0,0,0,0,222.5564923,0,0
811.23262,0,0,0,0,0,0,0,0,997.0952786,0
961.09482,0,0,169.4459635,0,253.3804253,0,0,0,0,0
657.30327,401.7239698,0,0,0,0,698.8706312,0,0,0,0
971.14362,0,0,0,0,0,0,0,115.8563711,0,0
707.04405,0,0,0,0,0,0,0,0,0,0
823.38937,130.9839948,0,0,0,0,0,0,0,0,0
837.11286,0,0,0,0,253.7373481,0,0,0,0,0
557.03527,0,0,0,0,353.7136068,0,0,0,0,0
1031.0667,0,0,133.3211263,0,0,0,0,316.0854307,0,0
781.08898,0,0,0,0,0,0,0,203.9549669,0,0
582.14684,0,0,0,0,0,416.6823088,0,0,0,0
627.14063,0,0,0,0,0,0,0,0,221.6137483,0
879.051,0,0,0,0,0,0,0,0,443.8738961,0
893.31525,0,0,0,0,0,736.5148026,0,0,0,0
1434.94957,0,0,169.7215576,0,0,0,0,132.9487861,0,0
785.0817,0,0,0,0,0,0,0,0,0,0
996.00218,0,0,384.6427544,0,0,0,0,0,0,0
669.25347,0,0,0,0,0,0,0,0,0,0
873.19413,0,0,108.7873671,0,0,0,0,96.46696373,0,0
591.31793,0,0,0,0,0,0,0,111.4881947,0,0
676.01333,0,0,0,0,499.6824652,0,0,0,235.3239641,0
503.06917,0,0,0,0,0,0,0,0,0,0
947.5875,0,0,257.0758463,0,0,0,0,117.339374,0,0
797.39874,0,0,0,0,0,0,0,0,0,0
537.21204,224.57332,0,0,0,0,725.436138,0,0,0,0
775.5008,0,0,0,0,0,0,0,104.1328743,0,0
981.44481,0,0,0,0,0,329.7454513,0,0,0,0
1115.30686,0,0,0,0,0,143.8015908,0,0,0,0
1073.12248,0,0,0,199.5779004,0,0,0,108.1570906,0,0
1111.07176,0,0,0,0,0,0,0,233.9746588,0,0
564.13531,0,0,561.6258681,0,0,0,563.1687423,0,0,0
731.09867,0,0,0,73.4213037,0,0,0,0,0,0
1015.12554,0,0,0,0,0,0,269.0856861,0,0,0
999.07473,0,102.5408838,0,0,0,0,0,0,0,0
731.09346,0,0,0,0,0,0,0,0,0,0
505.05973,0,0,0,156.7271582,0,0,0,0,0,0
1424.34439,0,0,0,0,413.5914931,0,0,0,1450.795035,0
677.08859,0,0,0,0,0,0,0,0,0,0
841.02155,0,0,0,70.70075195,0,0,0,0,0,0
533.14497,0,0,0,0,179.2631944,0,0,0,0,0
1145.11561,0,0,0,0,0,0,0,587.8009296,0,0
1111.11516,340.2144721,74.95676166,0,0,141.3832682,0,169.5125503,0,182.3737687,0
645.36002,880.9558732,0,0,0,0,0,0,0,0,0
1248.98291,0,0,210.8413086,0,0,0,0,0,0,0
460.09756,0,0,93.49289278,0,0,0,0,0,0,0
993.07278,0,0,0,0,0,0,0,0,0,0
705.43756,1036.077468,0,0,0,0,259.0009509,0,0,0,0
1048.9724,0,388.4696367,0,0,0,0,0,0,0,0
1027.07357,0,0,0,0,412.888151,0,0,0,310.5336561,0
1393.93143,0,0,0,0,0,0,0,0,0,263.2282813
897.12018,0,0,0,0,0,0,0,0,0,0
774.05151,0,0,0,0,0,0,0,0,0,0
570.07241,610.7806105,0,0,0,0,0,0,190.4234944,0,0
835.54921,0,0,0,0,0,0,0,414.9629648,0,218.2745938
947.10339,102.0357872,125.4563003,0,0,0,0,0,0,0,0
1249.08555,0,0,366.1603597,0,251.1383898,0,0,0,0,0
583.19025,0,0,0,0,0,0,0,658.6422938,0,0
718.12468,0,162.9978312,135.9572754,0,0,0,0,568.6926301,0,0
993.01388,0,0,174.2607693,0,203.3103081,0,0,279.8583119,0,0
939.50457,0,0,185.8075087,0,0,0,0,0,0,0
416.94829,0,520.5209452,0,0,353.6732639,0,0,0,0,0
561.39489,0,833.0548074,0,0,0,0,0,0,0,0
1809.20089,0,0,131.9427626,243.2851368,0,0,0,140.3661368,0,219.1401718
879.12819,0,0,0,0,0,0,0,0,0,0
781.34996,0,0,0,0,0,138.8464741,0,0,0,0
950.888,0,139.1877157,0,0,0,0,0,263.1205993,0,0
1245.85495,0,0,0,0,0,242.4745322,0,0,0,0
993.63147,204.9830614,0,0,0,0,0,0,0,0,0
409.18504,0,0,0,0,0,0,0,111.8193112,0,0
457.06095,0,0,0,0,146.603201,0,0,0,0,0
543.16624,0,152.4800733,0,0,0,0,0,0,0,432.3895625
704.98666,0,125.2689801,0,0,0,0,0,0,0,0
991.0633,0,129.268992,0,0,0,0,896.7736696,0,0,0
481.03866,0,0,0,0,0,0,293.0054823,0,0,0
937.11892,102.0153052,0,0,0,0,167.9916992,221.8002011,0,0,0
651.05904,161.9870368,0,0,0,0,0,0,0,0,0
795.41851,0,0,126.4858941,0,0,0,0,0,0,0
1095.59572,501.4136304,0,0,0,0,1025.182155,0,0,0,0
785.00337,0,197.4093654,0,0,0,0,0,320.4514439,0,0
599.08143,0,0,0,81.22031494,0,0,0,0,0,0
691.18159,0,0,0,215.4685157,0,0,642.1550897,0,0,0
890.20439,0,0,496.6115451,0,696.7689237,0,0,0,0,0
1073.10533,0,0,0,0,0,0,0,0,521.6606091,0
891.46868,0,0,0,0,0,0,0,0,155.4506623,0
781.04684,0,0,0,0,0,0,0,594.7728441,0,0
1049.10909,0,0,0,0,228.946007,0,0,0,0,0
529.07182,0,0,0,0,0,0,0,0,440.9665987,0
919.09445,0,0,0,281.1136329,0,0,0,125.1127497,0,0
480.04065,0,0,0,0,0,0,0,0,0,0
982.34644,0,0,0,137.875791,0,0,0,132.5182704,0,544.0858906
565.12654,0,0,0,0,0,0,0,88.86423924,0,0
1157.07063,0,0,503.1954075,0,0,0,0,388.6603664,0,0
587.42133,529.3465846,0,0,0,0,974.2341695,0,0,0,0
939.10245,0,0,108.7555406,62.7328662,0,0,0,0,0,0
421.1856,214.4866219,0,0,0,0,885.6559416,0,0,0,0
379.09432,0,0,0,0,0,0,0,0,0,0
589.30737,153.7711733,0,0,0,0,0,0,0,0,0
1049.13971,0,0,127.6621094,0,0,0,0,225.8538,0,0
493.0825,0,0,0,0,0,0,0,94.83357646,0,0
383.28903,0,0,0,0,0,389.6730058,0,0,0,0
716.95305,0,0,0,0,0,0,0,0,0,0
655.19665,0,0,0,0,572.0862413,0,0,0,0,0
1001.0369,0,0,0,0,0,0,0,0,0,0
734.98005,0,0,0,0,0,0,0,0,0,0
779.43031,0,0,0,0,439.075651,0,0,0,0,0
877.97618,0,0,445.0756158,0,0,0,0,201.6377447,0,0
1135.87759,0,0,248.2924126,0,0,0,0,95.99418386,0,0
673.03298,0,62.23999472,0,286.6260596,0,0,0,0,0,0
705.42464,572.975992,0,0,0,0,0,0,0,0,0
963.04471,0,0,0,0,0,0,0,0,0,0
781.16064,0,0,0,0,0,0,0,129.5077013,0,0
555.21921,0,0,0,0,0,0,0,0,0,0
441.03061,0,0,0,0,0,0,0,0,0,0
875.27161,0,0,0,0,577.2791232,0,0,0,0,0
983.57535,500.4640141,0,0,0,0,0,0,0,0,0
1049.04456,0,0,0,0,0,0,0,0,0,0
396.05808,0,0,0,0,0,0,0,79.09633354,0,0
1397.76522,931.622995,0,0,0,0,354.9036543,0,0,0,0
627.42034,115.6064453,0,0,0,0,0,0,0,0,0
979.22497,0,0,0,0,0,0,0,0,0,0
551.11847,0,0,0,104.2701856,0,0,0,123.6170886,0,0
739.20332,0,0,336.4314508,0,0,0,0,0,0,0
733.00992,0,0,916.8732639,0,0,0,0,0,0,0
900.27378,0,0,0,170.5485742,0,0,0,0,0,783.269375
1276.04006,0,0,0,168.1329492,0,0,0,0,0,0
503.19327,0,0,0,0,0,361.2956671,0,0,0,0
1065.59003,0,0,583.2036133,0,0,0,0,303.4072637,0,0
1087.99354,0,0,162.7597249,0,0,0,0,0,0,0
1494.90244,0,0,310.8503215,0,0,0,0,115.2223472,0,0
385.13741,661.1653242,0,0,0,0,632.3166375,0,0,0,0
453.18249,0,0,0,0,0,0,0,112.398932,0,0
1070.20591,0,0,0,152.6518262,0,0,0,0,0,335.774625
435.14058,140.3898558,0,0,0,287.6339843,0,0,0,0,0
385.125,425.103602,0,0,0,268.085178,0,0,0,0,0
680.01889,704.0497096,0,0,202.7089063,0,0,0,0,0,0
1529.79223,0,0,0,655.8419239,0,0,0,0,0,0
783.38609,385.1030489,0,0,0,0,403.06489,0,0,0,0
675.1284,0,0,0,0,0,0,0,0,0,0
1145.10459,0,0,0,0,0,0,285.02278,123.1798482,0,0
590.97302,0,0,0,318.7325488,0,0,0,0,0,0
429.14584,133.5569085,0,0,0,0,280.2992907,0,0,0,0
1479.80894,0,0,0,0,0,858.3517682,0,0,0,0
773.11628,0,0,0,0,0,0,314.5846032,0,0,0
1013.0097,0,0,115.7508409,0,0,0,0,0,0,0
759.29455,0,0,0,0,0,571.1471525,0,0,0,0
747.03491,0,0,0,103.7982324,0,356.2435496,0,0,0,0
823.36075,0,87.21915742,0,0,193.6974392,0,0,0,0,0
651.27046,1089.57135,0,0,0,0,0,0,0,0,0
677.34619,151.671875,0,0,0,0,0,0,0,0,0
1094.97548,0,0,0,0,0,0,0,215.8315863,0,0
783.12845,0,0,0,50.87416505,0,0,154.9226098,0,0,0
731.07249,0,104.2405579,0,0,0,0,0,0,0,0
1543.00308,0,0,525.1601698,0,0,0,0,344.999864,0,0
434.13419,0,0,0,0,1207.824859,0,0,0,309.5094542,0
1077.5395,0,0,0,0,0,0,0,0,0,0
731.07528,0,0,0,83.4117383,0,0,0,0,0,0
875.30116,0,0,0,0,0,0,0,0,992.9996604,0
639.10633,0,72.53079466,0,87.00164065,0,0,0,0,0,0
1309.7284,526.0162473,204.8871022,0,0,0,310.4057617,0,0,0,0
847.12678,0,0,0,0,300.7992404,0,0,0,273.6835088,0
969.03203,225.9204577,0,0,0,0,692.4409437,0,0,0,0
977.484,227.8037023,0,0,0,0,0,0,0,0,0
1493.1909,0,0,55.8448249,0,0,0,0,0,0,0
817.09481,0,0,0,0,664.1934896,0,0,0,0,0
436.0354,0,0,0,0,0,0,0,0,0,0
614.31622,0,0,0,0,0,0,622.5731358,419.9570313,0,0
1434.0258,0,0,128.7765299,0,0,0,0,0,0,0
943.02389,177.0689125,0,0,0,0,0,0,0,0,0
567.0483,0,0,0,0,0,0,112.7350035,0,0,0
473.20478,0,0,149.6668565,0,0,0,364.5385694,93.00670614,0,76.50916406
999.6389,0,0,0,126.9827344,0,0,0,0,0,0
641.24054,0,0,0,0,0,0,0,115.6416758,0,0
706.09013,0,0,0,121.3711914,0,0,0,0,0,0
1083.5765,0,395.6138924,0,0,0,0,473.5264155,0,0,0
663.08472,0,150.5496549,0,131.6112989,0,0,234.7855624,0,0,0
1431.86715,0,0,0,425.5033203,0,0,0,0,0,347.133125
955.95679,0,0,0,0,0,0,282.3376006,0,0,0
419.0205,0,0,222.2601725,0,0,0,0,573.5581487,0,0
1057.12337,115.6348607,0,0,0,0,0,0,96.89289956,0,0
443.16511,273.6072836,0,0,0,0,0,0,0,0,0
1063.61219,0,0,0,153.7710205,147.528201,0,0,0,152.2296196,272.6189454
503.20964,276.4059388,0,0,0,0,409.9547441,0,0,0,0
679.0683,0,0,0,112.5202051,0,0,0,0,0,0
1367.03462,0,0,0,0,0,0,0,314.2668612,0,0
1026.40669,322.4567202,404.1656682,0,0,0,0,0,0,0,0
1073.72762,0,0,0,0,0,0,0,0,0,0
420.3112,0,0,284.3531223,0,0,0,0,548.8723114,0,0
759.12071,0,0,0,0,0,0,0,0,0,108.2081094
1328.87189,0,0,114.494439,0,0,0,0,0,0,0
1095.60683,315.5754287,0,0,0,0,1221.897075,0,0,0,0
989.31883,0,0,0,0,0,0,0,0,0,0
1045.21871,0,0,0,0,0,0,0,147.2670713,0,0
831.19398,0,0,85.19359674,0,0,0,0,0,0,0
396.06077,0,0,0,0,0,0,70.81283842,0,0,0
791.1585,0,0,0,0,0,0,0,0,0,0
814.08512,0,0,0,0,0,0,0,0,214.394687,0
531.98315,0,378.5660348,444.5222711,0,0,0,0,0,289.4492471,0
1227.00524,0,0,0,0,0,0,0,0,0,0
658.71935,0,0,235.156901,0,0,0,0,0,0,742.4049374
754.92945,0,0,0,0,0,0,589.5787051,0,0,0
481.07041,0,0,0,0,0,0,0,0,0,0
900.16437,0,0,0,288.786836,0,0,190.9215076,0,0,220.3474375
949.14759,0,0,223.3882107,0,0,0,0,0,0,0
966.11853,0,189.4957223,120.2058241,112.492334,0,0,513.3937384,0,0,0
1471.90601,0,0,149.7222222,0,0,0,0,0,0,0
966.94192,0,0,0,0,0,0,716.1461944,0,0,0
837.12425,0,0,0,0,1174.022027,0,0,0,0,0
1162.03679,0,100.8817701,0,0,0,0,0,0,0,0
653.11957,0,0,126.5108642,0,0,0,0,115.8601414,249.1165648,0
839.14654,0,232.6817006,0,0,0,0,0,0,0,0
847.23507,0,0,0,0,0,0,0,0,0,0
1231.20453,0,0,0,0,0,0,0,0,0,0
845.12795,0,0,0,98.36499025,0,0,0,0,0,0
899.40889,142.3641887,0,0,0,0,0,0,0,0,0
557.25226,0,0,0,0,0,182.5473118,0,0,0,0
675.47696,0,427.7847608,218.7041965,0,0,0,0,0,0,0
1559.15613,106.9028623,0,202.3365885,153.8390039,0,0,0,172.6403098,0,0
923.15455,0,0,399.2533501,0,0,0,0,244.4582922,0,0
1079.21468,0,0,0,0,0,0,0,0,0,0
561.06634,0,0,0,0,0,0,136.3915436,0,0,0
531.08634,0,0,0,0,0,175.5449347,0,0,0,187.2195313
475.25946,137.3999499,0,0,0,0,0,0,0,0,0
1225.60998,0,0,0,0,0,173.5116032,0,0,0,0
901.40547,606.3423845,0,0,0,0,0,0,0,0,0
793.03568,0,0,0,0,0,0,0,0,117.4410029,0
618.93917,0,0,0,0,0,0,0,216.4653135,0,0
497.05002,0,0,107.6608819,134.2824317,0,267.7487921,0,0,0,248.1831329
827.49778,0,0,0,0,0,187.5799754,0,0,0,0
481.23581,0,0,0,0,180.2482639,0,0,0,0,0
792.03051,0,187.5800302,306.5622016,0,0,0,0,191.4881329,286.0326654,0
577.18014,684.7162611,0,0,0,0,0,0,0,0,0
1018.97764,0,0,0,0,0,0,1096.929397,0,0,0
567.04247,0,0,0,0,0,0,0,95.27932778,0,0
767.15325,0,0,0,0,0,0,0,0,0,0
713.0449,0,0,0,0,0,0,0,0,266.8053103,0
493.29478,144.667165,0,0,0,0,0,0,0,0,0
458.10509,0,91.90837687,0,0,0,0,0,0,0,0
945.43299,0,0,0,0,0,0,0,0,0,0
1312.90853,0,0,0,0,0,0,0,257.6734078,0,0
954.12237,0,0,0,0,0,0,179.648863,0,0,95.89802344
485.13671,0,0,0,0,169.229145,0,0,0,0,0
812.74522,0,0,168.7584228,0,0,0,0,0,0,799.576
982.09097,0,0,0,41.76118164,0,0,0,0,0,0
641.2392,0,65.88066767,0,0,0,0,0,0,0,0
1582.9334,0,0,608.2284614,0,0,0,0,229.1890575,0,0
414.97866,0,0,0,0,0,0,0,0,1224.484658,0
833.01119,0,88.65662147,0,0,255.3395617,0,472.6811185,0,558.2246801,0
415.12222,0,0,0,0,0,0,0,102.104486,0,0
561.21273,0,0,0,0,0,0,0,97.88401772,0,0
1128.93817,0,0,207.8632677,0,0,0,0,188.6002769,0,0
1067.11474,0,0,0,0,0,0,0,0,0,0
1417.12916,0,0,0,0,0,0,0,468.8762733,0,0
834.98734,0,302.514247,0,0,0,0,214.5194733,0,0,0
375.14061,0,0,0,0,0,0,0,0,0,0
577.23993,138.6718836,0,0,0,0,0,1065.470781,0,0,0
1265.29229,0,0,0,0,188.7971137,0,0,0,207.758407,0
479.20857,0,0,0,0,0,181.368935,0,0,0,0
480.90531,0,0,0,0,0,0,0,0,0,0
879.19951,0,0,0,0,0,0,0,0,0,0
717.0335,265.1391731,0,0,0,0,0,0,0,0,0
1117.62889,0,141.1466282,0,0,0,0,0,0,0,0
1231.74881,0,0,0,211.517627,0,0,0,69.76293019,0,0
797.11409,0,0,0,0,166.4235677,0,0,0,0,0
771.43057,289.9449496,0,0,0,0,459.2278475,0,149.5501879,0,0
1116.98499,0,0,128.5002442,0,0,0,0,159.2237688,0,0
791.10561,0,0,112.6672228,57.59884765,0,0,0,0,0,0
826.0173,0,0,449.1453179,0,0,0,572.9385637,0,0,0
959.05349,0,0,154.6005588,0,0,0,0,0,0,0
538.03745,878.7657633,0,0,0,0,0,0,0,0,0
1441.75091,0,0,0,527.6987305,0,0,0,0,0,0
475.2199,316.3443722,0,0,0,0,0,0,0,0,0
918.0026,0,452.7317868,0,0,0,0,0,0,0,0
847.12751,0,0,0,0,0,0,0,0,0,0
1406.04305,0,0,232.9237467,0,0,0,0,322.7171553,0,0
552.94299,0,0,0,0,352.8912001,0,0,0,0,0
1146.89658,0,0,0,0,0,0,0,90.86577209,0,0
829.42198,148.6542969,73.76961515,0,0,0,0,0,0,0,0
833.08371,0,0,0,0,0,0,0,0,0,0
1278.98552,0,0,195.4310031,0,0,0,0,443.6944966,0,0
765.01353,193.0627938,0,0,0,0,0,0,0,0,0
799.14043,0,77.18340202,129.8235949,0,0,0,0,0,0,0
1481.94103,0,0,0,0,0,0,0,235.8923556,0,273.928625
649.14634,0,154.3572901,0,0,0,0,0,0,0,0
899.46928,214.4053858,0,0,0,0,394.3344213,0,0,0,0
542.95344,0,0,0,0,0,0,0,0,0,0
1397.71429,0,0,0,511.780332,0,0,0,0,0,154.7361718
375.14418,0,0,0,0,0,0,0,0,0,0
885.34106,611.9579992,0,0,0,0,416.6307309,0,0,0,0
529.13812,0,0,0,0,0,0,0,0,0,0
892.0729,0,0,0,0,0,0,0,642.1829756,0,0
668.97254,0,0,0,0,0,0,161.650497,0,0,0
949.15546,0,0,0,0,0,0,0,152.0812154,0,0
797.02708,0,0,212.4788683,0,0,0,0,0,0,0
644.1116,0,0,0,0,0,0,0,0,0,0
765.11106,0,0,0,169.3760791,0,0,0,0,0,0
677.0006,0,0,0,0,0,0,1198.344098,0,0,0
1141.60599,170.0253388,0,0,0,0,1338.931718,0,0,0,0
1367.15004,0,0,0,0,863.8201389,0,0,0,0,0
745.15304,0,0,181.0279948,0,0,0,0,0,0,0
1067.58978,0,172.2282401,0,0,0,0,397.5966507,0,0,0
1108.97929,0,282.5529381,0,0,0,0,0,0,0,0
1265.71593,0,0,0,0,0,0,1193.902847,0,0,0
843.28188,0,0,0,0,0,0,0,0,0,0
1104.92575,0,0,0,0,0,0,0,224.3805132,0,0
434.10164,0,103.2758699,0,0,0,297.8720961,250.7717164,0,0,0
885.1089,0,0,0,85.46035155,0,0,0,0,0,0
1157.06144,0,103.6549799,0,0,0,0,0,0,0,0
1073.1348,0,192.3069042,0,82.8207324,0,0,128.3696628,0,0,102.2001641
937.11817,0,0,150.8956028,53.2352832,0,0,0,0,0,0
918.00967,0,190.6376294,0,0,0,0,0,0,0,0
661.14218,0,0,0,0,0,0,0,0,353.2621716,0
907.15771,0,0,155.4607612,0,0,0,0,296.2085147,0,0
443.08609,0,0,0,0,0,0,0,0,0,0
1113.91658,0,0,0,0,0,0,0,0,0,0
561.09738,0,0,101.1918267,0,0,0,0,112.5763697,0,0
526.04302,0,329.6453221,183.4594591,0,0,0,0,209.9756725,0,0
687.32227,0,0,0,0,0,365.3619963,0,0,0,0
1083.05422,0,0,0,0,0,0,0,0,0,0
577.23276,196.4398161,0,0,0,0,0,0,0,0,0
497.09735,0,0,0,91.17603515,0,0,0,144.6906769,0,0
857.47607,0,0,0,45.05275879,0,0,0,0,0,0
1026.14983,0,734.253451,0,0,0,0,0,0,0,0
416.10019,0,0,46.37634617,0,0,0,0,0,0,0
764.91712,81.67096758,262.759538,0,0,0,0,280.5574142,0,0,0
1397.88884,0,0,0,0,0,0,313.8322827,0,0,0
1273.92864,0,0,0,0,0,0,0,240.7079708,0,0
392.03189,177.9441199,0,0,0,0,0,0,0,306.2406307,0
486.98212,0,0,268.6240777,0,0,0,0,193.8092242,0,0
393.01052,0,0,0,0,0,0,0,0,0,301.832
1163.06581,0,127.913008,0,0,0,0,0,0,0,0
1159.57913,0,0,0,0,0,681.5556128,0,0,0,0
1152.88542,0,0,0,0,0,0,0,181.1557803,0,0
1395.0619,0,0,482.2610406,0,0,0,0,314.0908079,0,0
960.97959,0,0,94.43975153,0,0,0,219.6576617,101.0668204,0,0
1129.03945,0,0,0,0,0,0,0,323.9155335,0,0
647.19586,0,0,693.8380534,0,0,0,0,0,0,0
903.42213,358.822957,0,0,0,0,506.6695107,0,0,0,0
879.10223,0,0,0,0,0,0,0,0,0,209.2703438
1006.841,0,0,0,0,0,0,140.7853206,0,0,0
953.09358,0,0,0,0,0,0,0,0,0,0
796.90708,0,0,0,0,0,0,0,0,142.7727298,0
485.23163,0,0,0,0,0,0,0,109.6865358,0,0
481.04387,0,0,0,0,0,0,0,0,0,0
527.05573,0,0,0,0,0,0,0,0,258.5737942,0
510.91568,0,86.44651074,221.3748915,0,0,0,0,456.5232273,0,0
1045.13821,0,0,136.7740614,0,0,0,0,0,0,0
581.12758,0,0,0,0,0,0,0,0,0,0
1299.81282,0,0,0,113.9598242,0,0,0,0,0,175.8958594
571.21887,0,0,0,0,0,0,0,0,499.7977809,0
1130.90441,0,0,294.764567,0,0,0,0,89.14345582,0,0
627.25821,0,0,0,0,0,0,0,0,0,0
577.0669,0,0,0,93.69262695,0,0,0,0,0,0
1258.00136,0,0,436.0455729,0,0,0,0,0,0,0
1059.06168,378.4263863,0,460.4640842,0,0,410.9925345,0,0,0,0
427.04245,0,0,0,0,0,0,0,0,326.1013643,0
765.01469,0,0,0,0,0,0,0,0,0,0
713.22363,0,0,0,0,0,0,815.9781288,0,0,0
787.10507,0,0,241.6259901,189.4620118,0,0,278.1020266,100.8608522,0,0
709.30716,0,0,166.4079726,0,0,0,0,0,0,0
1069.11813,0,0,0,0,0,0,0,0,0,0
811.23278,0,0,0,0,0,0,357.7832225,0,0,0
1033.16415,0,0,0,0,0,0,0,0,0,0
497.06693,0,0,0,0,0,0,180.5760751,0,0,0
748.9397,0,0,151.3760444,0,0,0,0,0,0,0
1441.87005,0,0,0,0,0,0,242.0460628,0,0,0
796.86743,0,0,94.60968694,0,0,0,0,100.4373146,0,0
583.09295,0,0,450.9860297,0,0,0,0,0,0,0
416.96176,0,0,0,0,0,0,0,354.1260137,0,0
949.1543,0,0,0,0,0,0,0,0,0,0
1406.01766,0,0,379.8693712,0,0,0,0,391.9665867,0,0
1209.15999,0,0,0,46.47342774,0,0,0,0,0,0
563.13927,0,0,160.8078952,0,0,0,0,107.2190467,0,0
519.24854,540.343629,0,0,0,0,352.4411492,0,0,0,0
996.99036,0,0,0,0,0,0,0,157.1926301,0,0
937.03636,0,0,0,0,0,0,0,0,0,0
1318.94884,0,0,272.4560004,0,0,0,0,0,0,0
955.47063,89.27548566,0,0,0,0,0,0,0,0,0
497.06047,0,0,0,0,0,0,0,110.5575306,0,0
485.2543,0,0,0,0,0,0,0,0,0,0
737.21355,0,0,194.9224176,0,0,0,0,148.0735141,0,0
1488.92529,0,0,0,0,0,0,0,102.3023511,0,0
949.10845,156.5370057,117.4215874,0,89.8086133,0,0,127.7618251,0,0,0
843.1859,0,0,0,0,0,0,0,0,0,0
397.08396,189.3808766,0,233.6106568,0,0,0,0,91.08077658,157.1898777,0
532.12786,0,0,0,0,0,0,0,0,0,0
675.20747,0,0,0,0,0,0,0,246.428748,0,0
1105.64176,0,0,212.7653401,0,0,0,0,0,0,0
473.14256,424.8166136,0,0,0,0,287.0751953,0,0,0,0
765.13298,0,0,0,0,286.9777561,0,0,0,0,0
581.11708,0,0,0,0,0,0,0,0,0,0
833.09946,0,0,0,0,0,0,0,178.7358584,0,0
879.10065,0,0,0,0,0,0,204.3242381,0,0,0
1067.3455,0,0,0,0,0,0,0,0,938.1561933,0
574.94148,391.3379857,240.6509059,0,0,0,0,0,0,0,0
422.19168,0,0,417.1074761,0,0,0,0,347.6006106,0,0
1041.17654,0,0,554.104438,0,0,0,0,157.8319385,0,0
939.10494,0,0,0,0,0,0,0,0,0,72.79724218
1391.7519,368.2560841,0,0,0,0,663.8459859,0,0,0,0
753.35069,1013.370229,0,0,0,0,0,0,0,0,0
1111.13617,0,0,581.0218845,0,0,0,0,195.0649723,0,0
555.03306,0,0,240.9171007,0,0,0,0,0,0,0
533.09737,0,0,0,0,0,0,0,94.01814057,0,0
791.51475,0,0,0,0,0,0,0,160.6396855,0,0
650.07079,0,0,0,0,709.5396701,0,0,0,0,0
1431.08973,241.0962043,0,0,0,0,1146.008121,0,0,0,0
865.1346,0,0,0,0,0,0,0,100.4765192,0,0
756.92961,0,0,0,0,0,0,0,0,276.7431216,0
1249.31426,0,0,0,0,152.9962566,0,0,0,497.8216287,0
900.11676,0,0,149.6348606,0,0,0,0,585.4370673,0,0
1336.86752,0,0,86.64868167,0,0,0,0,159.8594368,0,0
617.23946,0,180.1024492,0,55.724917,0,0,0,0,0,0
715.30472,0,0,86.39709472,0,0,0,0,0,0,0
1085.08632,0,0,0,0,0,0,0,177.0327828,0,0
885.37038,801.6024958,0,0,0,0,0,0,0,0,0
859.41531,679.593508,0,0,0,0,268.0055767,0,0,0,0
673.12511,290.5938278,0,0,0,0,196.6515984,0,0,0,0
814.10072,125.7059769,0,0,0,0,0,0,0,0,0
959.05349,0,55.81101419,0,0,0,0,0,0,0,0
533.11777,0,0,0,0,0,0,0,147.8984746,0,0
582.07615,0,247.1673696,0,0,0,0,189.0699838,271.2956389,0,0
543.06306,0,137.035983,197.4980062,0,0,0,271.5035775,0,0,0
885.09575,0,0,0,128.4755274,0,0,0,0,0,0
543.04975,453.2928996,0,0,111.9669043,0,0,0,0,0,0
1306.87113,0,0,0,0,0,298.1245117,0,0,0,0
1197.78822,729.622995,189.165093,0,0,0,0,0,0,0,0
1221.59105,551.401635,0,0,0,0,0,152.2693475,0,0,0
1393.84715,0,0,0,177.8878711,0,0,0,491.4003659,0,0
1588.3618,0,0,0,0,893.3505859,0,0,0,475.3078578,0
1215.73806,0,163.9354271,0,0,0,0,0,0,0,0
650.05327,0,0,647.2403972,0,0,0,0,0,0,0
1485.80096,0,0,0,564.6419727,0,0,0,0,0,0
1015.11137,0,0,142.6305745,0,221.5520833,0,0,0,0,0
1215.09281,0,0,0,297.7826465,0,0,0,0,0,0
803.45847,0,0,376.8386501,0,0,0,0,0,0,0
875.33239,0,0,315.0775418,0,0,0,0,0,0,0
1053.68,548.1234099,0,0,0,0,0,0,0,0,0
1021.5355,0,0,268.7155219,0,0,0,0,0,0,0
990.03845,0,0,0,0,0,0,0,649.902628,141.9180678,0
1509.93025,0,0,138.6483968,0,0,0,0,504.8072834,0,0
434.16503,0,0,0,147.8016797,0,532.5144429,0,118.1850153,0,0
723.48634,0,0,0,0,0,0,0,0,0,0
845.40788,0,0,0,34.30477539,0,0,0,0,0,0
883.08175,0,0,0,0,0,0,0,0,1002.14974,0
673.22513,0,0,0,0,0,772.9957339,0,0,0,0
1127.68028,0,0,0,88.2926074,0,0,0,0,0,0
1026.34719,319.7047843,0,0,0,0,456.7071341,0,0,0,0
487.04876,0,0,0,0,0,0,0,0,382.0516304,0
774.98398,0,0,0,0,0,524.0559725,0,0,0,0
459.02464,392.5081755,0,0,329.8777344,0,0,0,0,0,0
837.34547,0,0,0,0,0,0,0,0,0,0
585.27855,0,0,0,0,0,0,0,0,0,0
1537.09119,0,0,197.2426758,0,0,0,0,527.9475623,0,0
839.09514,0,0,0,0,338.9760633,0,0,0,381.9063916,0
759.17272,0,0,0,0,0,0,0,0,0,0
519.11709,0,0,78.63358563,0,0,0,0,0,0,0
457.07549,0,0,0,0,0,0,0,0,0,98.99967184
821.12809,0,0,0,0,0,0,312.6935141,0,0,0
393.21801,0,0,400.0798069,0,0,0,0,158.2353763,0,0
921.554,0,0,0,0,0,0,0,705.8537134,0,0
859.39835,388.3080579,0,0,0,0,310.0783563,0,0,0,0
442.08934,0,0,153.209866,0,0,0,0,0,0,0
1238.13774,0,0,0,0,0,0,184.1499651,0,0,512.6286874
1393.80978,0,0,0,392.1078711,0,0,0,0,0,0
721.32834,156.494711,0,0,0,0,434.2778963,0,0,0,0
1291.98128,165.5403242,0,0,0,0,327.9912624,0,0,0,0
845.4838,0,0,0,0,0,632.8874511,0,0,0,0
1289.71119,0,138.9324075,0,0,0,0,315.164778,0,0,0
877.54829,0,0,0,0,0,0,0,399.1784513,0,0
571.05607,0,0,0,0,0,0,0,0,0,0
829.2408,0,0,0,0,0,0,0,0,683.0701993,0
1297.01865,0,0,0,0,0,0,0,0,0,0
758.02083,0,0,652.6480577,0,0,0,0,0,0,0
480.97169,0,0,0,0,0,0,0,0,0,0
561.08947,0,0,0,0,0,0,0,0,0,0
1611.03308,0,0,0,0,0,0,0,101.8773796,0,0
1027.59596,389.3662542,0,0,0,0,641.038857,0,0,0,0
621.26906,550.7066683,0,0,0,0,483.0913857,0,0,0,0
1151.882,0,74.32765767,0,0,0,0,0,0,0,0
1051.02088,0,120.9234806,0,0,0,0,0,0,0,0
985.67575,0,0,0,117.7628907,0,0,0,92.40447614,0,0
1155.71767,0,0,0,188.4332031,0,0,0,117.6168043,0,0
785.09408,0,0,0,87.24691405,0,0,0,0,0,107.5814766
582.02464,0,0,0,0,1229.925173,0,0,0,0,0
925.10891,0,0,0,86.9216699,0,0,0,0,0,128.4391406
1509.1645,0,123.4119656,0,452.7296924,0,0,0,0,0,0
767.95907,0,0,0,0,0,0,346.5921643,0,0,0
779.39547,0,0,0,0,0,0,0,0,0,0
1189.81364,167.2945762,185.7476155,0,0,0,805.7066071,0,0,0,0
907.4737,0,0,0,0,223.1038411,0,0,0,0,0
1205.62047,333.4860603,0,0,0,0,191.7358912,0,0,0,0
949.11089,0,117.5986388,0,0,0,0,438.4070236,0,0,0
647.29879,399.5783065,0,0,0,0,174.7024697,0,0,0,0
1007.49312,0,88.8536654,0,0,0,1259.015831,0,0,0,0
441.0722,0,0,295.8638781,0,0,0,0,0,0,0
523.25006,93.00393221,0,318.4062974,0,0,0,0,0,0,0
1347.75209,974.011788,0,0,0,0,0,0,0,0,0
460.23535,141.5988488,0,652.8076578,0,0,0,0,0,0,0
1312.97895,0,0,167.5708551,0,0,0,0,0,0,0
943.94957,0,111.1038991,0,0,0,0,0,0,0,0
773.11954,0,0,0,0,0,0,0,0,0,0
788.05872,0,0,0,0,0,0,0,177.050089,0,0
863.24965,590.0570381,0,0,0,0,0,0,0,0,0
533.1208,0,0,0,0,0,0,0,122.996341,0,0
585.33041,181.3731851,0,0,0,0,0,0,0,0,0
846.93236,0,0,0,99.7723633,0,0,0,0,0,0
1249.66038,0,0,0,0,0,326.5332032,0,0,0,0
577.05969,0,0,0,0,188.6446614,0,0,0,0,0
847.24793,0,0,137.6230604,0,0,0,0,0,0,0
483.19354,0,0,0,0,0,214.9256528,0,0,0,0
766.91629,0,0,578.2270508,0,0,0,0,164.1834578,0,0
856.97735,0,0,0,0,0,0,0,0,227.370287,0
661.35699,288.5832239,0,0,0,0,0,0,0,0,0
1165.38916,0,0,0,0,0,0,0,0,0,0
1136.98546,0,0,293.9683431,0,0,0,0,422.2136818,0,0
561.08861,0,0,0,0,174.7083117,0,0,0,0,0
1059.02329,0,142.7410971,0,0,0,0,169.1698058,0,0,0
887.99667,0,340.4706193,0,0,0,0,527.1906135,0,0,0
839.1309,0,0,305.653266,0,0,0,0,0,0,0
765.07571,0,0,0,0,0,0,0,0,0,0
1279.95155,0,284.2056293,0,0,0,0,176.7583733,0,0,0
785.14471,0,0,0,0,160.449273,0,0,0,0,0
1343.85807,198.4087735,0,0,0,0,0,0,0,0,0
487.2067,0,0,0,0,0,753.2889083,0,0,0,0
835.41198,0,0,0,0,0,0,0,79.1805219,0,0
1412.01475,0,0,178.7892524,0,0,0,0,0,0,0
593.31456,341.0308525,0,0,0,206.9240018,0,0,0,0,0
1300.83417,0,184.6713957,0,0,0,0,508.3849396,0,0,0
861.54422,127.9004857,0,0,0,0,0,0,0,0,0
493.23444,132.4655005,0,0,0,0,332.4913908,0,0,0,0
1217.7384,0,384.4696247,0,0,0,595.579153,0,0,0,0
922.02267,0,0,0,0,0,0,0,285.0779149,0,0
818.86828,0,0,286.7080892,0,0,0,0,109.7527813,0,0
644.99172,0,0,181.0489095,0,0,0,0,0,0,0
1090.92396,0,0,229.0789727,0,0,0,0,318.9491817,0,0
1026.21937,389.7717782,390.0377205,0,0,0,0,0,0,0,0
887.48118,0,0,0,0,0,223.4051707,0,0,0,0
561.11128,0,0,131.7387017,0,0,0,0,122.2682456,0,0
1402.3655,0,0,0,0,177.7285482,0,0,0,0,0
764.04199,0,0,0,0,0,0,0,679.6184731,0,0
437.06312,0,0,0,0,0,0,0,0,0,125.5408438
577.06231,83.2414702,0,0,0,0,0,0,0,290.2748812,0
1268.94671,0,0,293.1928168,0,0,0,0,0,0,0
472.03096,0,0,0,0,0,1051.338199,0,0,0,0
639.21989,0,0,0,0,0,0,0,0,0,0
1225.06542,0,0,332.762519,0,0,0,0,137.5836135,0,0
1089.07501,0,95.83910086,0,0,0,0,0,182.5779396,0,0
894.13991,0,0,283.5487467,0,0,0,0,259.0079361,0,0
903.45576,142.1362088,0,0,0,0,0,0,0,0,0
912.00112,0,0,0,0,943.6851562,0,0,0,312.5412138,0
1391.03034,0,56.96001486,0,0,0,0,0,0,0,0
717.59683,0,0,0,0,0,1400.260485,0,0,0,0
1010.00954,0,0,0,0,0,0,0,673.1565096,0,0
1061.24188,0,0,0,0,410.4528212,0,0,0,474.7142493,0
384.00562,299.7196834,0,0,0,0,0,0,0,0,336.3311875
1088.90722,0,0,0,0,0,1398.880757,0,0,0,0
607.40419,237.3724073,0,0,0,0,0,0,0,0,0
459.11399,0,0,0,0,0,0,241.3876953,0,0,0
1237.13493,0,0,198.7136502,0,0,0,0,318.639908,0,218.2972969
893.06989,0,0,0,0,0,0,0,207.3115605,0,0
845.47723,326.5998168,0,0,0,0,178.8385459,0,0,0,0
773.33418,0,0,0,0,0,0,0,106.5115209,0,0
1125.91142,0,0,175.9983724,0,0,0,0,0,0,0
471.2422,0,142.969433,0,0,0,0,0,0,0,0
412.12393,0,0,0,0,0,0,0,0,0,169.2218438
1407.77253,566.7997269,0,0,0,0,549.5544305,0,0,0,0
893.08496,0,0,0,0,0,0,0,236.340091,0,0
958.93364,0,0,0,0,137.333648,0,0,0,0,0
408.8169,0,0,0,0,0,0,0,0,0,845.8650624
375.18458,466.5495368,0,0,0,0,0,0,68.29855,0,0
1151.12538,281.3825705,0,0,0,0,523.0759663,202.3236386,0,0,0
578.98331,0,137.8685175,0,0,0,0,0,0,0,0
933.31252,492.0920735,0,0,0,0,343.0328691,0,0,0,0
666.2757,0,0,0,0,0,0,164.1477027,0,0,0
1057.63888,138.7744141,0,0,0,0,0,0,0,0,0
424.04561,0,85.37548528,495.1553683,0,0,0,0,0,0,0
1124.89792,0,0,0,0,0,0,0,305.7534118,0,0
487.23192,0,0,0,0,0,0,0,188.791164,0,0
552.9455,0,0,0,0,0,196.3435316,0,0,0,0
1007.54766,0,0,0,0,0,453.4784642,220.5615331,0,0,0
1397.72314,362.1074046,0,0,0,0,443.520148,0,0,0,0
674.96354,0,0,0,0,0,0,390.379177,0,0,0
621.13632,0,0,136.6327447,0,0,0,0,0,0,0
839.06058,0,0,0,0,0,373.6741622,0,0,0,0
823.2099,0,0,0,0,0,0,0,0,0,0
1093.9862,0,139.5737754,163.8029649,0,0,0,0,0,0,0
464.89126,0,0,0,0,0,0,0,0,796.9628907,0
441.07463,0,0,0,0,0,504.9836554,0,0,529.1974638,0
1015.15079,0,0,0,0,0,0,0,664.1345802,0,0
1298.91077,0,0,0,0,0,0,0,0,0,0
1587.34284,0,0,0,0,593.1609809,0,0,0,351.3976449,0
733.13574,0,0,0,0,0,0,0,0,0,98.73433592
836.01025,0,0,0,0,0,0,0,184.484956,0,0
768.02712,0,0,0,0,0,0,0,662.4238528,0,0
1167.85789,0,0,0,0,0,0,0,61.12765155,0,0
731.0895,0,0,0,0,0,0,0,0,0,0
965.51535,383.1037058,0,0,0,0,532.8777755,0,0,0,0
731.06023,0,0,0,0,0,0,0,136.8687203,0,0
981.11284,0,0,256.2793647,56.2917334,0,0,0,370.9701222,0,0
731.25291,276.0908117,0,0,0,0,963.0674342,0,0,0,0
1023.52045,623.5148645,0,0,0,0,0,0,0,0,0
585.32791,0,0,0,0,0,0,0,170.7339671,0,0
1466.91825,0,62.10984828,0,0,0,0,0,0,0,0
567.27457,0,0,0,0,0,0,0,0,0,0
789.01546,0,0,0,0,0,0,182.9573987,0,0,0
1055.24669,0,0,0,0,496.7530382,0,0,0,0,0
965.13003,0,0,0,0,308.4744358,0,0,256.2929441,0,0
645.12791,0,409.076735,0,0,0,0,0,0,0,0
615.00172,0,0,366.6319716,0,0,0,0,0,0,0
1185.03526,0,0,117.9802517,0,0,0,0,0,0,0
1179.0603,0,0,334.521932,0,0,0,0,145.7730296,0,0
1237.09661,0,0,360.8924153,0,0,0,0,128.9245451,0,0
592.07223,0,0,0,0,366.7796441,0,0,0,520.1064878,0
754.07417,0,0,0,0,0,0,0,0,295.6892549,0
786.10799,0,0,0,269.038252,0,0,0,0,0,123.1542422
542.15158,0,71.37761215,0,0,0,0,0,0,0,0
1029.16466,0,0,0,0,220.2912327,0,0,0,0,0
1010.0884,0,0,141.7429064,0,0,0,0,173.05402,0,0
681.40976,0,0,0,0,0,378.7300833,0,0,0,0
563.13975,0,0,69.25638835,0,0,0,0,74.55264165,0,0
1265.11877,0,0,0,0,0,0,386.505956,0,0,0
609.31306,114.2231488,0,0,0,0,522.6537958,0,0,0,0
689.46129,0,110.1614504,0,0,0,0,0,0,0,0
1287.13288,0,0,233.0160048,0,0,0,0,0,0,0
1409.75631,0,0,0,89.3680078,0,0,0,0,0,0
934.0121,203.4411816,0,0,0,0,0,0,0,0,0
504.97817,0,0,0,0,0,0,0,0,0,0
577.35356,383.8698407,0,0,0,0,529.5669201,0,0,0,0
1809.13725,0,0,123.7472602,0,0,0,0,538.5780632,0,0
433.01269,0,0,0,0,0,0,0,192.8039582,0,272.5755938
921.57003,0,0,0,0,0,0,0,588.1397844,0,0
787.53098,165.9904591,249.3597045,0,0,0,297.3896228,206.0327583,0,0,0
1008.98785,0,0,0,0,0,0,0,0,0,0
989.17806,0,0,0,0,428.4944228,0,0,0,364.7806132,0
869.32047,0,0,0,0,883.4008247,0,0,0,334.6549196,0
586.94733,392.2763844,0,0,0,0,504.7584292,0,0,0,0
539.27657,200.3235965,0,0,0,0,0,0,0,0,0
587.36731,100.1148542,0,0,0,0,0,0,0,0,0
375.04202,0,0,0,0,0,0,341.8503636,0,0,0
883.12036,0,0,0,0,0,0,0,406.5287901,0,0
843.44493,186.3043764,0,0,0,0,0,0,0,0,0
789.00543,0,0,0,0,0,0,212.2650836,0,0,0
1369.87611,327.5529936,400.7616948,0,0,0,0,0,0,0,0
520.07788,525.2743017,0,0,90.133291,0,0,0,0,0,199.3768282
754.06993,0,0,0,0,0,0,0,0,0,0
655.08378,0,0,0,0,0,0,0,0,0,0
937.12093,0,0,0,0,155.5564344,0,0,0,0,0
797.10883,0,0,0,0,154.6169922,0,0,0,0,0
639.10639,0,0,0,61.58148925,0,0,0,0,0,0
879.39827,0,0,148.3797065,0,0,0,0,0,0,0
947.10268,0,0,173.3440484,0,0,0,0,0,0,0
399.23491,0,0,0,0,0,58.74032432,0,0,0,0
379.03731,0,0,0,94.04999025,395.7682076,154.3261847,0,0,0,0
701.26383,0,0,0,0,0,0,0,0,0,0
529.25109,0,0,0,0,0,0,0,0,0,0
691.37874,0,0,0,242.0615821,0,0,0,0,0,0
657.06087,0,0,0,102.0254297,0,0,0,0,0,0
583.04529,0,0,0,0,0,0,0,164.8708959,0,0
911.98933,0,0,0,0,0,0,0,0,416.6310575,0
609.12867,0,200.0814142,146.8772108,0,0,0,0,0,0,0
953.01314,313.7503112,0,0,0,0,0,0,0,0,0
971.32903,0,0,477.2441135,0,0,0,0,0,0,0
434.12722,0,0,0,254.9553516,0,0,0,0,0,0
769.11453,0,0,0,126.4724317,0,0,0,0,0,0
1081.03777,0,0,339.2459988,0,0,0,0,0,0,0
823.20719,0,0,0,86.83435545,0,0,0,0,0,0
701.07259,0,0,0,0,0,0,0,0,189.0211871,0
1139.7236,0,0,0,0,0,0,0,183.5727725,0,0
1434.89789,0,0,179.3567437,0,0,0,0,477.2928081,0,0
947.00981,0,0,0,0,0,0,230.3515625,0,0,0
1405.96405,0,0,613.3288303,0,0,0,0,0,0,0
717.07923,0,0,0,0,0,0,0,0,0,0
555.03241,0,0,0,0,0,0,0,0,0,0
1277.01153,0,0,0,0,0,0,0,0,0,339.9449063
1422.93532,0,0,0,0,0,0,0,106.557988,0,0
1067.1876,0,0,0,0,0,1327.066304,0,0,0,0
1203.09244,0,0,417.7473958,0,0,0,0,0,0,0
978.89606,0,0,0,0,0,0,0,190.0779087,0,0
1024.64439,0,256.2502277,0,0,0,776.1450453,0,0,0,0
889.97065,0,0,0,0,0,0,421.6683942,0,0,0
1070.2545,0,0,0,228.4476465,0,0,0,0,0,439.8820156
1017.27223,0,0,0,0,0,0,0,153.5852947,0,0
837.1659,0,0,0,0,0,0,0,0,0,0
1042.008,0,0,260.9822863,0,0,0,0,166.9061016,0,0
655.99926,0,0,0,0,0,0,491.9114326,245.2730914,0,0
1083.06531,0,0,0,0,0,0,0,0,0,0
843.98336,0,0,0,0,0,0,0,103.7503337,0,0
775.29126,173.277966,0,0,0,0,0,0,0,0,0
427.24444,164.5639519,76.18543902,0,0,0,685.8968184,0,0,0,0
646.98427,0,0,0,0,0,0,0,0,704.0089448,0
701.04596,0,0,0,0,0,0,152.9374227,0,0,0
733.12948,0,0,266.4953953,0,0,0,0,129.7956883,0,0
782.44898,0,0,0,0,0,350.3154039,0,0,0,0
769.10473,0,0,0,0,0,263.6457905,0,0,0,0
749.1761,0,0,0,0,0,0,0,0,0,0
1013.00412,0,0,0,0,0,0,0,341.6309459,0,0
1203.07894,0,0,0,0,0,0,0,162.9266218,0,0
840.02082,0,0,0,55.40039065,0,0,0,0,0,0
795.26501,0,0,492.16116,0,0,0,0,280.6801572,0,0
399.02088,0,0,0,0,0,0,264.6651841,0,0,0
463.16047,0,0,0,0,0,0,115.438873,0,0,0
571.42345,0,0,0,0,0,0,0,0,0,0
847.13872,0,0,0,0,0,0,0,0,390.5147193,0
576.09798,0,0,0,0,0,0,0,0,0,364.0237813
991.59286,0,0,0,0,0,0,318.481629,0,0,0
443.13401,0,0,0,0,0,0,0,99.09895424,0,0
829.06892,0,111.0714149,0,0,0,0,0,0,0,0
895.0434,163.8233545,112.7304328,0,0,0,0,0,0,0,0
923.59267,0,0,0,0,0,0,0,0,0,0
1249.14467,0,0,0,65.4200586,0,0,0,0,0,0
771.49506,0,0,0,0,0,0,0,133.1549397,0,0
817.29217,0,0,78.56640625,0,0,0,0,0,0,0
871.5208,156.1899198,0,0,0,0,0,0,0,0,0
997.50479,0,0,0,28.09314698,0,0,0,0,0,0
847.42565,0,0,0,0,0,0,0,129.9847458,0,0
998.86815,0,0,0,0,0,0,0,0,0,0
1073.11931,0,0,0,0,0,0,0,0,0,0
933.56577,0,0,0,0,0,0,0,392.4370303,0,0
900.24629,0,0,0,0,349.0009766,0,0,0,0,0
602.13799,0,0,0,416.4891407,0,204.0175909,0,0,0,0
575.12233,0,199.1583589,0,0,0,0,0,0,0,0
1073.12421,0,0,0,0,0,0,178.0883741,0,0,0
1441.04157,0,0,192.2562934,0,0,0,0,131.7637337,0,0
653.05483,0,0,0,0,0,0,0,0,335.5407891,0
1065.03962,0,0,0,107.4861035,0,0,0,0,0,212.546
1281.1227,0,0,0,0,0,0,0,0,0,0
473.2797,0,0,0,0,0,0,0,0,330.2143626,0
1476.9403,0,0,289.2910428,0,0,0,0,220.7973447,0,0
921.56079,0,453.3347872,0,0,0,0,0,0,0,0
583.08099,0,0,0,0,0,0,0,0,0,0
771.13791,0,0,0,0,158.1658529,0,0,0,0,0
621.25702,0,0,0,0,0,0,0,0,0,0
801.88492,0,113.6605517,0,0,0,0,0,0,0,0
781.1149,0,0,221.5077447,0,0,0,0,142.8115976,0,0
946.91384,0,0,0,0,0,0,0,0,234.6554149,0
1201.76561,0,239.2124053,0,0,0,0,0,0,0,0
823.52492,0,0,0,0,488.0164063,0,0,0,0,0
907.08857,0,0,0,141.9866162,0,0,0,0,0,0
441.10089,0,0,270.0720215,0,0,0,0,0,0,0
811.21432,0,0,0,0,0,0,428.924505,0,0,0
1021.65957,0,0,545.3825684,0,0,0,0,0,0,0
840.0211,0,0,0,0,0,0,0,0,0,72.87139062
481.17956,0,0,0,81.3259619,0,0,0,0,0,0
687.27364,0,0,0,0,0,0,0,0,218.5671988,0
449.12698,0,271.2175518,0,0,0,0,0,0,0,0
494.13418,0,39.45902332,0,0,0,0,0,0,0,0
561.21246,0,0,0,0,0,0,0,89.57183918,0,0
678.99383,0,0,0,0,0,0,0,0,0,0
504.06546,0,0,0,0,0,0,0,0,0,0
737.07538,0,0,258.175944,0,0,0,0,0,0,0
792.04493,0,0,0,0,449.6855686,0,0,0,0,0
768.9945,0,0,0,0,0,233.36066,0,0,0,0
1080.91557,0,0,319.6205784,0,0,0,0,204.6584627,0,0
923.04735,0,0,186.2340359,0,0,0,0,0,0,0
1372.89222,0,0,0,0,0,0,0,118.877769,0,0
505.10475,0,0,0,0,296.8435764,0,0,0,0,0
823.02146,0,0,0,0,0,0,1016.95063,0,0,0
445.00027,0,0,103.8238593,0,0,0,275.7625503,0,0,0
900.29295,0,0,211.3580322,142.3173731,0,0,0,0,0,304.3834062
687.35458,282.505047,151.7619464,0,0,0,0,123.9069268,0,0,0
970.98282,0,0,0,0,0,0,280.1058749,0,0,0
1276.01106,0,109.1260425,0,0,0,0,0,0,0,0
665.33622,0,0,0,0,0,0,0,0,0,0
875.5066,0,362.5399971,0,145.3973828,0,0,0,0,0,0
855.45715,0,0,0,148.2889942,0,0,0,0,0,93.79250784
577.39424,0,0,163.1400418,0,0,0,0,305.4327408,0,0
1273.74639,0,0,0,0,0,0,131.9536954,0,0,0
973.44644,116.6810012,0,0,0,0,0,0,0,0,0
935.04573,0,120.476239,188.75118,0,0,0,240.468634,160.9564503,0,0
704.08862,0,0,0,0,0,0,0,0,0,0
1387.83725,0,173.5199986,0,0,0,895.81728,0,0,0,0
497.11006,0,0,0,0,223.9043403,0,0,0,0,0
826.02903,0,81.77162215,343.5931803,0,0,0,0,211.9453866,0,0
1249.06943,0,0,0,0,0,0,0,0,0,0
637.3127,0,0,0,272.7865528,0,0,0,0,0,0
577.28497,0,0,0,0,0,260.9492445,0,0,0,0
535.15648,128.7454456,0,0,0,0,0,0,0,0,0
1158.8495,0,0,0,0,0,0,0,0,0,0
933.4512,0,0,0,0,0,327.8409745,0,0,0,0
958.90782,0,0,0,0,0,0,200.8417968,0,0,0
975.06976,0,0,145.1941053,0,0,0,0,0,0,0
833.56421,0,246.0777655,0,0,0,0,151.4896059,0,0,0
871.52708,0,0,0,0,0,0,0,0,0,0
939.53124,0,0,0,0,0,383.8236791,0,0,0,0
871.00298,0,390.6500072,0,0,0,0,0,201.5336358,0,0
1339.08406,0,0,521.5360921,0,0,0,0,129.0203718,0,0
1261.69694,0,0,0,316.3936817,0,0,0,0,0,256.9784375
443.09866,0,98.81490245,283.3890245,89.2832324,0,0,163.1262956,251.7030261,0,0
965.09971,0,0,157.287028,0,0,0,0,0,380.3712636,0
435.00086,0,0,125.1743707,0,0,0,0,0,0,0
1185.08268,0,285.3791339,130.0796034,0,0,0,0,0,0,0
1049.62229,0,0,0,0,0,0,0,446.8432556,0,0
408.02117,0,0,213.7855496,0,0,0,0,0,0,0
833.54256,610.5999032,0,0,0,0,0,139.8638711,0,0,0
1033.10748,0,0,331.8898655,0,0,0,0,0,0,0
480.09131,0,0,0,0,0,0,145.0517385,0,0,0
601.32275,288.7425332,363.339646,0,0,0,488.3870271,0,0,0,0
485.14256,0,0,0,0,0,0,0,0,0,0
947.10372,125.6530783,0,0,0,0,0,0,0,0,0
787.37443,250.9266281,0,0,0,0,0,0,0,0,0
974.9988,0,0,153.6594374,0,0,0,0,0,0,0
1070.15136,0,0,0,260.7310352,0,0,0,0,0,340.0472344
412.05486,0,0,0,0,0,0,0,139.0504104,0,0
617.07918,0,0,0,0,0,0,280.0636216,0,0,0
1361.82605,380.3478982,0,0,0,0,0,0,0,0,0
933.52382,0,0,237.3513183,0,0,0,0,0,0,0
1009.05474,0,0,0,0,0,0,0,0,0,0
561.97654,0,0,0,0,0,0,0,0,0,0
897.62535,291.739906,0,0,0,0,0,0,0,0,0
512.16313,233.1213703,0,144.2806668,0,0,0,0,0,0,171.04625
781.27681,0,0,419.5249294,0,0,0,0,101.3227663,0,0
781.09582,0,0,284.2725423,0,0,0,0,0,0,0
872.01804,0,0,0,0,0,259.527575,0,0,0,0
959.02487,0,0,148.6228841,0,0,0,0,132.0570115,0,0
689.56516,0,0,0,0,0,1238.583265,0,0,0,0
975.07412,0,0,132.281996,0,0,0,0,0,0,0
460.11063,0,0,318.479031,0,0,0,0,304.8163073,0,0
1247.74232,260.6648749,0,0,0,0,848.7233501,0,0,0,0
951.57117,0,0,0,0,209.9817926,0,0,0,0,0
771.15599,0,0,0,0,0,0,143.356223,0,0,0
529.0734,0,0,0,87.6436426,0,0,0,0,0,0
981.0905,0,0,253.4940185,0,0,0,324.7246093,0,0,0
1281.0423,0,0,98.09919569,0,0,0,0,0,0,0
747.04099,0,0,0,94.80726565,0,0,0,0,0,0
641.21501,0,0,0,0,0,0,0,102.2739814,0,0
625.21232,0,0,0,0,0,188.9604236,0,0,0,0
1423.23382,0,0,0,0,1040.234071,0,0,0,0,0
989.40008,522.3596862,0,0,0,0,0,0,0,0,0
377.13422,0,0,0,0,0,0,0,0,0,101.2534141
962.89868,0,84.9457319,0,0,0,0,0,0,0,0
1105.05982,0,0,0,0,0,0,0,159.731433,0,0
645.22023,0,0,215.5774333,0,0,0,0,0,0,0
745.34539,0,0,79.44178604,0,0,0,0,103.4704806,0,0
1380.81234,340.0512134,112.0555263,0,0,0,307.9188682,0,0,0,0
377.13278,0,0,0,61.535625,0,0,0,0,0,0
1041.62787,0,0,0,0,0,0,76.73666653,0,0,0
631.32,0,167.9934936,0,110.7707813,0,0,0,0,0,0
900.37867,0,0,135.5499403,0,0,0,0,302.2465882,0,0
772.98814,0,217.9066334,0,0,0,0,0,0,0,0
597.12765,0,0,0,0,0,0,121.9307608,0,0,0
415.10994,0,0,0,168.2356055,0,0,326.5395556,0,0,0
971.35871,0,0,449.0388183,0,0,0,0,178.7302586,0,0
879.13949,0,0,562.7403158,0,0,0,0,0,0,0
577.28147,0,0,0,0,0,0,0,0,0,0
505.97855,0,239.7206912,0,0,0,0,379.9649211,0,0,0
680.41728,175.5343266,0,0,0,0,269.9617342,0,0,0,0
1073.10984,0,0,63.64913601,0,0,0,0,0,0,0
949.09408,0,0,0,75.7365674,0,0,0,0,0,0
496.99351,0,0,0,0,0,0,0,0,0,182.2399062
547.97291,0,0,0,0,0,0,0,98.00883848,0,0
787.11868,0,0,128.3531358,0,0,0,0,230.5631799,0,0
373.11797,0,0,0,0,0,0,0,0,0,0
901.53022,0,0,0,0,0,0,0,57.32786541,0,0
781.04923,0,0,347.9668783,0,0,0,0,0,0,0
469.11316,0,328.6923049,0,0,0,0,0,0,0,0
917.39601,0,0,122.4174126,0,0,0,0,0,0,0
520.00082,0,0,0,0,0,0,0,0,740.5003397,0
423.19382,196.541828,0,0,0,0,0,0,0,0,0
1019.06277,63.17178858,0,0,0,0,0,0,0,0,0
1402.15979,0,0,139.409234,0,0,0,0,283.2976167,0,0
921.11419,0,0,0,72.3891797,0,0,0,0,0,0
979.05086,0,0,0,0,0,0,103.9552812,0,0,0
754.93211,0,0,0,0,0,0,0,0,0,0
1057.19856,0,0,0,0,0,0,0,0,354.5085484,0
392.05374,0,0,0,134.7108106,0,0,0,0,0,0
703.08869,0,0,0,0,0,0,0,0,1152.017776,0
957.21091,0,0,533.3461915,0,0,0,0,0,0,0
919.10592,0,0,0,0,0,0,0,0,0,312.9339062
1060.03833,0,0,0,0,0,0,0,0,0,0
912.00239,439.8215916,0,0,0,0,286.3214689,0,0,0,0
593.09298,0,0,0,94.080791,0,0,0,0,0,0
591.29716,110.3712752,0,0,0,0,0,0,0,0,0
797.17074,0,0,0,0,0,0,0,0,278.6254812,0
975.07162,0,0,0,0,0,0,0,105.468033,0,0
699.08148,0,0,114.371989,227.4069727,0,0,0,96.47245228,0,0
1173.72707,0,0,0,309.6730566,0,0,0,101.9863034,0,108.949211
977.62409,0,315.2267782,0,0,0,0,398.3544632,0,0,0
881.12712,0,56.59726083,0,211.3783936,0,0,0,0,0,0
830.93304,0,0,204.3351915,0,0,0,0,241.9480568,0,0
390.05724,0,0,0,0,0,516.6624692,0,0,0,0
1007.63274,0,148.7638516,0,0,0,0,193.0356204,0,0,0
541.26903,0,97.78716331,229.9453125,0,0,0,0,0,0,0
1509.89589,0,0,0,0,0,0,0,578.7828323,0,0
1059.03385,0,357.8758987,229.796224,0,0,0,0,0,0,0
775.13818,0,0,0,0,215.6855686,0,0,0,0,0
745.29589,0,129.7879721,0,0,0,0,0,0,0,0
460.98137,0,314.3796432,0,0,0,0,252.4323271,0,0,0
735.94175,0,0,273.6483019,0,0,0,0,218.2804341,0,0
429.16994,151.8245299,0,123.4216715,0,0,0,0,155.9710122,0,0
650.11899,0,0,0,0,0,0,0,0,0,0
1543.04883,0,0,0,0,0,0,0,273.3079139,0,0
731.05962,0,0,0,0,0,0,0,0,0,0
892.94832,0,0,123.0721707,0,0,0,0,0,0,0
1038.05246,0,0,0,87.42561525,0,0,0,0,0,0
1203.62496,0,0,0,0,0,265.3711451,0,0,0,0
1051.57006,0,0,0,0,0,0,0,363.1405879,0,0
577.28864,0,0,0,0,0,0,143.7178895,0,0,0
391.05208,0,0,0,0,0,0,0,0,400.9737036,0
1424.84994,194.5030593,296.5260736,0,0,0,268.911287,0,0,0,0
1007.47665,802.3857163,0,0,0,0,0,0,0,0,0
1241.01478,0,128.1346578,0,0,0,0,0,0,0,0
1057.14958,0,0,112.3057183,0,0,0,0,0,0,0
1065.68804,0,0,362.0027805,0,0,0,0,0,0,0
675.3503,405.4021536,0,0,59.2329541,0,0,0,0,0,0
1042.03324,0,0,0,0,0,0,281.7423616,0,0,0
1237.07682,0,0,0,0,0,0,0,0,0,0
975.09725,263.547238,0,0,103.2989746,0,0,0,0,0,0
751.37513,0,0,117.9554037,0,0,0,0,0,0,0
585.1855,0,196.5927195,0,0,0,0,0,0,0,0
650.02527,0,0,0,0,0,0,895.0522123,0,0,0
1255.79555,0,0,271.0063476,223.1739551,0,0,0,0,0,146.0579844
413.18157,0,0,0,0,0,0,0,0,0,94.57156248
865.23769,0,0,0,0,0,0,0,0,0,0
960.1482,0,0,0,0,0,0,0,0,0,0
694.37228,0,0,0,0,0,0,0,0,0,0
1221.61248,0,0,0,347.9541602,0,0,0,0,0,164.4944687
683.44317,0,0,171.6490207,0,0,0,0,140.7564527,0,0
831.99693,0,0,0,0,0,0,0,0,0,0
715.29126,0,0,0,0,0,0,0,139.6506255,0,0
745.35166,0,0,92.93531632,0,0,0,0,0,0,0
623.05736,0,0,0,262.8075928,0,0,0,0,0,0
1418.92895,0,0,0,0,0,0,0,212.9204411,0,0
689.95837,0,0,0,0,109.2446072,0,0,0,0,0
480.09634,0,0,60.51188829,0,0,0,0,0,0,0
633.31275,0,0,0,0,0,274.8930407,0,0,0,0
1033.29511,0,0,0,0,0,602.9055818,0,0,0,0
837.42941,123.3037888,0,0,0,0,0,0,0,0,0
792.12825,0,0,0,0,0,0,0,0,0,0
935.02425,0,0,341.0742459,0,0,0,0,0,0,0
687.30831,216.5498306,0,0,0,0,0,0,0,0,0
540.25034,0,0,274.5818278,0,0,0,0,317.624864,0,0
675.3166,0,0,276.3126899,0,0,0,0,210.7800633,0,0
673.1303,0,0,0,0,0,0,0,0,0,0
1145.01599,0,0,0,0,0,0,0,399.4539718,0,0
975.06977,0,0,0,0,0,0,0,0,0,0
1021.69687,0,0,0,0,0,0,0,0,278.9016078,0
1203.29408,0,0,0,0,992.8701389,0,0,0,0,0
1238.14877,272.2818204,0,0,110.0031739,0,0,0,0,0,0
575.32433,0,390.1690711,0,0,0,0,0,0,0,0
412.18568,0,0,99.95918785,0,0,0,0,0,0,0
793.28568,0,0,0,0,0,0,0,0,0,0
555.09635,0,0,0,0,0,0,0,0,0,0
1411.96602,0,0,0,0,0,0,144.6595761,0,0,0
1343.95175,0,0,215.2129992,0,0,0,0,368.0415348,0,0
908.55702,584.2950774,0,0,0,0,0,0,0,0,0
713.12948,0,0,0,0,0,0,290.4532024,0,0,0
1366.97908,0,0,459.7243924,0,0,0,0,145.0469368,0,0
691.28377,0,0,0,350.0649219,0,0,0,0,0,0
877.00774,0,0,0,0,0,0,768.164836,0,0,0
473.11177,170.9205787,0,0,0,0,0,0,0,0,0
494.04375,0,0,0,40.73553467,0,0,0,0,0,0
1300.83984,0,0,420.3122965,142.335127,0,0,0,0,0,0
435.04572,0,0,0,0,243.2291883,0,0,0,0,0
506.05582,0,130.3039326,0,0,0,0,0,0,0,0
709.36524,0,0,158.8428413,0,0,0,0,221.334108,0,0
799.11311,0,91.83049748,142.7360569,84.96293945,0,0,0,0,0,121.2182734
368.40788,0,0,0,0,0,0,0,0,0,0
577.26756,0,0,0,0,0,0,0,154.6351735,0,0
835.46338,0,0,0,0,0,0,0,145.7102947,0,0
1405.97913,0,297.5100413,0,0,0,0,0,0,0,0
990.11752,0,0,183.8868815,0,0,0,0,394.2321499,0,0
512.97088,0,0,0,0,0,0,0,0,0,0
415.9599,0,357.2073188,0,0,0,0,0,192.619598,0,0
1026.40571,0,0,197.4084066,0,0,0,0,180.6210691,0,0
1087.98592,0,288.7043233,0,0,0,0,0,0,0,0
577.26759,0,0,0,0,267.5217231,0,0,0,0,0
472.04207,0,0,0,0,0,0,579.2586247,0,0,0
963.09856,0,0,165.4080403,0,0,0,0,261.1628882,0,0
577.28507,0,74.57459018,0,0,0,0,0,0,0,0
753.14922,0,0,0,0,0,0,0,0,0,0
819.46696,0,0,0,0,0,548.6047492,0,0,0,0
965.14245,0,0,0,0,0,0,0,0,0,0
525.06105,0,0,0,72.91183595,0,0,0,0,0,108.6909141
609.12735,0,0,0,93.8762793,0,0,0,137.0730815,0,0
949.11729,0,0,0,0,545.8737413,0,0,0,0,0
1065.09834,0,0,0,161.069419,0,0,0,0,0,271.6457266
1263.99201,0,0,311.6600885,0,0,0,0,0,0,0
892.07227,0,0,0,0,0,0,163.5422919,0,0,0
954.9941,0,0,0,0,0,0,0,166.2248566,0,0
991.51831,0,0,152.7480469,0,0,0,0,0,0,0
539.27897,72.61923569,0,0,0,0,0,0,0,0,0
781.0467,0,0,0,0,197.0929904,0,0,0,373.1706861,0
824.87813,0,65.35703847,0,0,0,0,0,0,0,0
703.30901,0,0,50.2192688,0,0,0,0,0,0,0
853.08256,0,0,0,0,0,0,0,0,0,62.29183594
907.07672,0,0,0,0,0,0,134.5198117,0,0,0
990.12987,0,0,181.5213216,0,0,0,0,390.8214745,0,0
589.04459,0,0,0,0,0,0,0,0,0,0
694.07866,260.3882052,0,0,0,0,0,0,0,0,0
1009.53638,225.5226251,0,0,0,0,0,0,0,0,0
1001.16868,0,0,0,0,231.5730034,0,0,0,309.9654381,0
968.05405,0,0,88.47334799,0,0,0,0,0,0,0
1645.19325,0,0,0,298.3725293,0,0,0,100.3790608,0,97.18537504
889.28161,0,0,0,0,0,0,0,0,0,0
1101.02708,0,109.1734447,0,0,0,0,153.0177329,0,0,0
413.05997,0,48.19783479,0,116.7613086,0,0,0,0,0,0
919.1066,0,0,118.8654921,76.38132325,0,0,0,0,0,0
911.93732,0,0,0,0,0,0,0,0,0,0
1001.98658,0,0,464.584649,0,0,0,0,321.2979196,0,0
795.16066,0,0,164.6814236,72.7827588,0,0,0,0,0,0
1510.18122,0,0,184.0305243,186.4372168,0,0,0,100.2616816,0,0
1013.36508,0,0,118.4005398,0,0,0,0,0,0,0
1554.14998,0,0,196.1787041,0,0,0,0,0,0,0
1263.61796,83.33452019,0,0,0,0,0,0,0,0,0
400.12498,0,0,0,39.33006104,0,0,0,0,0,0
1369.87894,0,0,0,0,0,0,0,551.0491496,0,0
839.54813,0,0,0,0,0,0,0,102.4977502,0,0
450.01944,0,131.8232122,0,0,0,0,0,0,0,0
1302.91676,0,56.67938195,0,0,0,0,0,0,0,0
1396.32217,0,0,0,0,454.972092,0,0,0,0,0
749.22441,0,0,0,0,0,0,0,0,0,0
904.95097,0,0,0,0,266.8749566,0,0,0,0,0
446.97201,0,64.58881926,0,0,0,0,0,0,0,0
638.89999,228.3172359,0,0,0,0,0,0,0,0,0
877.44586,0,0,0,0,0,0,0,93.67025563,0,0
1353.81913,0,0,0,0,0,0,630.8946473,0,0,0
1457.03959,0,0,298.4209256,0,0,0,0,0,0,0
833.41084,0,0,0,0,0,0,0,0,0,0
1089.15753,0,0,0,0,0,0,0,0,0,0
623.10589,0,0,181.8360189,0,0,0,0,0,0,0
752.42874,0,0,0,0,0,0,0,0,0,541.474039
718.58974,0,0,462.0623983,0,0,0,0,0,0,0
543.28532,0,0,0,0,0,334.4872276,0,0,0,0
812.50558,0,0,159.6293403,0,0,0,0,0,0,507.9910938
475.0771,0,0,0,122.5702832,0,0,0,0,0,150.2659062
1029.22956,0,0,0,0,213.3213324,0,0,0,0,0
687.13509,0,0,0,0,0,0,304.6953125,0,0,0
985.07613,0,0,0,0,0,0,0,95.52376506,0,0
621.12737,0,115.1389714,0,0,0,0,0,183.2306542,0,0
1074.735,262.5376625,246.2557755,0,0,0,0,0,0,0,0
477.23388,0,0,0,126.3910645,0,0,0,0,0,0
895.20555,0,0,0,0,0,0,0,432.0279371,0,0
884.01109,0,0,0,73.57927735,0,225.6596166,0,0,0,0
393.04309,0,0,44.90806071,0,0,0,0,0,0,0
411.14943,0,0,0,0,0,0,0,0,221.1804942,0
974.90669,71.54935529,138.3286762,0,0,0,0,0,0,0,0
995.44812,0,0,0,0,0,265.3874897,0,0,0,0
414.96627,0,0,0,0,0,0,0,0,632.2224299,0
825.9929,0,0,0,0,129.487576,0,0,0,0,0
1388.88155,0,0,0,159.7161524,0,0,0,183.9244091,361.446473,0
834.96501,0,0,0,0,0,0,0,0,0,0
1168.07196,0,57.07169646,0,0,0,0,0,0,0,0
1379.06149,0,105.7294622,0,0,0,0,0,0,0,0
577.2731,0,0,0,0,0,0,0,0,0,0
1053.60141,416.3057591,0,0,0,0,0,0,0,0,0
1045.11005,0,200.1685379,0,0,0,0,201.9252398,0,0,0
413.2029,0,0,391.1840006,0,0,0,0,0,0,0
755.18131,170.2906008,0,0,0,0,0,0,0,0,0
1287.07445,0,230.5547594,0,0,0,0,396.163579,0,115.2290393,0
624.98141,0,79.04887006,0,0,0,0,0,0,0,0
753.28129,0,0,0,0,0,0,0,0,0,0
1350.83913,0,0,97.80568438,0,0,0,0,98.86582152,0,0
1221.65058,0,117.225544,0,0,0,0,656.0635636,0,0,0
1137.77956,0,0,238.6721598,107.158584,0,0,0,187.0205634,0,0
1287.08794,0,150.9060343,0,0,0,0,181.9837755,0,0,0
415.17027,85.94075809,0,0,0,0,0,0,0,0,0
827.42402,0,0,0,0,0,334.8814762,0,0,0,0
761.16338,0,0,0,105.2103418,0,0,0,0,0,0
885.60329,0,0,117.7658013,0,0,0,0,0,0,0
763.05449,0,0,140.8090413,0,0,0,0,0,0,0
745.33912,0,120.1924247,0,0,0,0,341.8734337,195.9041115,0,0
933.95376,0,0,0,0,0,0,0,0,0,0
569.96799,0,0,115.0866157,137.7000781,0,0,0,0,146.9611499,0
534.96705,0,0,0,0,0,0,0,0,0,0
1333.75509,0,0,0,0,0,0,0,587.3958416,0,0
810.62487,0,0,0,0,0,0,0,0,0,678.9266875
511.2829,295.2702572,0,0,0,0,390.7899105,0,0,0,0
963.53386,0,0,245.7736681,0,0,0,0,155.1807382,0,181.19075
561.21174,0,0,106.7662896,0,0,0,0,0,0,0
1151.14643,0,0,0,0,0,0,0,359.4874159,0,0
731.10888,0,0,0,0,0,0,0,128.7615704,0,0
939.40227,0,0,0,0,0,369.1337634,0,0,0,0
1026.35694,0,0,260.6072049,0,0,0,0,0,0,0
1193.7561,0,0,307.3643935,0,0,0,0,0,0,180.2981718
1565.35779,0,0,0,0,0,0,0,0,213.2601619,0
829.71991,0,0,0,0,0,1112.144634,0,0,0,0
1233.11249,0,0,0,0,0,0,0,0,0,230.007875
839.1763,0,0,0,0,0,0,0,0,0,0
1066.11864,184.2437777,0,135.7555203,0,0,0,0,0,0,0
749.25084,0,0,0,0,0,413.5032895,0,0,0,0
777.15617,0,0,129.6591661,0,0,0,0,0,0,0
921.61782,433.8099765,0,0,0,0,0,0,0,0,0
1057.96357,0,0,225.2702501,0,0,0,0,136.0346371,0,0
415.17016,0,0,0,0,0,0,0,0,0,0
731.10756,0,0,0,0,0,0,0,125.8761125,0,0
1674.19042,0,0,0,0,252.1036676,0,0,0,0,282.5845
1021.46243,0,0,0,0,0,0,0,0,0,0
1065.57756,0,0,264.1508789,0,0,0,0,0,0,0
1089.67082,0,0,0,0,0,0,0,200.1170144,0,0
1222.16483,0,0,0,0,0,0,0,0,0,0
835.07525,0,0,0,0,0,0,225.4192257,0,0,0
1041.14608,0,0,0,0,0,0,0,79.86830006,0,0
438.06952,0,0,0,0,0,0,0,0,0,207.424625
661.43414,0,0,0,0,0,634.573165,0,0,0,0
1026.1108,0,514.8582487,0,0,0,0,0,0,0,0
533.37837,0,0,85.88717993,0,0,0,0,0,0,0
1048.96113,0,0,403.6897922,0,0,0,0,0,0,0
715.13637,0,0,0,84.9675586,0,0,0,0,0,0
807.3826,0,0,0,0,0,0,0,83.87898044,0,0
803.42111,308.8340535,0,0,0,0,229.76691,0,0,0,0
409.02172,0,0,0,0,0,0,0,0,0,0
841.36637,741.0405489,0,0,0,0,0,0,0,0,0
821.15325,0,121.8845859,0,0,0,0,0,0,0,0
923.11305,0,0,0,0,0,0,0,0,0,81.3956484
1286.98274,0,0,0,0,0,0,0,131.1898363,0,0
704.03849,0,0,0,163.6976953,304.0704427,0,0,0,340.1223109,0
992.8717,0,0,154.3256022,0,0,0,0,0,0,0
833.51915,0,0,0,0,0,0,0,528.6059138,0,0
971.87382,0,0,0,0,0,0,168.5102877,0,0,0
1127.00718,0,0,0,0,0,0,0,0,745.7301009,0
1337.70771,0,153.7631566,0,0,0,0,0,0,0,0
571.23244,0,0,206.2196316,0,0,0,0,278.3983263,0,0
632.96338,0,98.30358515,0,0,0,0,0,0,0,0
731.10776,0,0,0,0,0,0,188.2348004,0,0,0
616.14758,63.58090777,0,0,0,0,0,0,0,0,0
1151.85942,0,0,0,0,0,0,0,0,0,0
412.11159,0,0,0,0,264.5814237,0,0,0,609.4669101,0
1009.57779,314.2972898,0,0,0,0,0,0,0,0,0
1513.41204,0,0,0,0,780.1698242,0,0,0,0,0
379.05248,0,0,0,0,126.992882,0,0,0,0,0
1015.00442,0,0,0,0,0,0,0,100.194509,0,0
1431.93785,0,0,0,0,0,0,0,259.8995995,0,334.7637187
820.86737,0,0,0,0,0,0,0,0,0,0
413.10641,0,0,0,0,0,132.5136718,0,0,0,0
1350.83655,0,157.7203077,0,0,0,0,0,0,0,0
591.07569,0,0,0,0,0,0,0,120.7254499,0,0
921.10268,0,85.80178178,0,0,0,0,0,0,0,0
847.34095,0,0,98.42009139,0,0,0,0,0,0,0
1057.13438,0,65.74578822,0,0,0,0,0,0,0,0
807.38902,0,0,0,0,0,0,0,0,0,509.9537187
921.42897,0,0,0,0,0,0,0,90.25511766,0,0
767.29492,0,0,125.6579183,0,0,0,0,0,0,0
845.16615,0,0,0,0,0,0,139.6133006,0,0,0
1027.53576,168.4593127,0,0,0,0,247.4985866,0,110.6881923,0,0
990.07997,0,0,0,0,140.0005209,0,0,440.8568409,0,0
713.26614,0,0,0,0,0,0,0,0,0,0
791.94793,0,0,0,0,0,0,0,0,0,0
1215.09349,0,0,0,0,0,0,0,0,0,0
1031.07054,0,0,0,0,0,0,0,0,184.436212,0
819.4618,0,0,0,0,299.7272787,0,0,0,0,0
900.47123,336.1711836,0,0,0,0,579.7329359,0,0,0,0
891.11128,0,0,0,62.518291,0,0,0,0,0,0
1249.10027,0,0,122.0565864,0,0,0,0,123.9295639,0,0
955.00486,0,0,0,0,0,0,0,165.5459355,0,0
771.35749,0,0,191.2492811,0,0,0,0,155.5267133,0,0
1203.36354,0,0,0,0,0,0,0,0,1187.779438,0
627.217,150.7429481,0,0,0,0,0,0,0,0,0
961.01929,0,0,0,0,0,0,0,518.2980741,0,0
943.38746,380.7831512,0,0,0,0,0,0,0,0,0
832.01213,0,0,181.3749051,0,0,0,0,0,0,0
395.14664,0,0,0,0,0,0,0,0,0,0
1260.94662,0,121.880404,0,0,0,0,145.3797764,0,0,0
426.09508,0,0,0,0,0,145.0230905,0,0,0,0
1076.01447,0,0,233.844401,0,0,0,0,303.8405113,0,0
569.39101,0,0,0,0,0,0,0,144.671022,0,0
403.03945,0,317.2089484,0,0,0,0,0,0,0,0
1223.0763,0,0,0,0,100.7960178,0,0,0,0,0
1065.56492,0,0,0,0,0,0,0,186.9078323,0,0
1337.70736,0,0,0,0,0,0,0,141.6817519,0,0
674.72775,0,0,154.9409451,0,0,0,0,0,0,473.9150938
901.43285,288.0057124,0,0,0,0,217.0412983,0,0,0,0
1072.93242,0,0,0,0,0,0,0,0,0,0
708.45544,720.449115,0,0,0,0,0,0,0,0,0
1249.67859,0,219.0741469,0,0,0,0,0,0,0,0
1237.09524,0,0,0,0,0,0,278.6878094,0,0,0
1564.97838,0,0,501.1328329,0,0,0,0,0,0,0
1178.99857,0,0,0,0,0,0,0,442.1719244,0,0
727.40817,0,0,0,0,0,0,0,156.4772918,0,0
564.07308,0,0,0,0,252.0675998,0,0,0,263.2711446,0
1293.67005,0,0,0,0,0,0,0,269.8688439,0,0
907.08538,0,70.92872294,0,0,0,0,0,0,0,0
749.38407,0,0,0,0,0,0,0,0,0,0
412.98507,0,0,0,0,0,0,173.8086131,0,0,0
855.32938,0,0,0,0,0,358.0703896,0,0,0,0
873.99206,0,0,0,0,0,0,0,0,0,0
969.04988,0,0,0,0,0,267.2015059,0,0,0,0
802.96862,0,0,0,0,0,0,0,0,0,0
851.46715,357.146156,0,0,0,0,531.7437808,0,0,0,0
963.53425,304.6276273,0,0,0,0,0,0,0,0,0
1007.54339,0,0,174.1053738,127.7597266,0,0,0,0,0,0
1393.8689,0,0,95.38758,104.908877,0,0,0,119.5508307,225.3051262,0
1255.73398,0,0,0,107.3896778,0,0,0,0,0,0
641.25149,0,0,62.95121935,0,0,0,0,0,0,0
382.09734,0,69.26068828,117.2855903,0,0,0,0,78.23424519,0,0
1256.98276,0,0,0,0,0,0,0,412.927141,0,0
829.21539,0,0,0,0,0,0,631.9107364,0,0,0
1276.00494,0,0,0,0,0,0,0,0,0,515.181125
577.08977,0,174.9486316,0,0,0,0,0,0,0,0
819.15457,0,0,0,0,0,0,0,0,0,0
783.23741,132.4789391,0,0,0,0,514.1543226,0,0,0,0
489.24042,172.2957342,75.23507595,0,0,0,0,0,0,0,0
1005.00927,0,0,0,0,0,0,0,0,0,0
473.12826,369.1178442,0,0,0,0,0,0,0,0,0
1045.08978,0,0,0,0,195.5753038,0,0,0,0,0
827.08731,0,0,165.7725016,0,0,0,0,0,0,0
900.20949,0,0,0,0,0,0,0,145.6414161,0,0
1089.11089,0,0,0,61.01106935,0,0,0,0,0,121.6272734
375.04249,0,0,0,0,143.116786,0,0,0,0,0
1155.05601,0,0,0,0,0,0,0,75.85153158,0,0
1340.87926,0,0,0,0,0,0,0,73.71588829,0,0
1033.40203,0,0,0,0,0,0,0,0,0,0
865.20374,0,0,215.2765164,0,0,0,0,0,0,0
1221.14957,0,109.6488449,0,0,0,0,263.4508045,0,0,0
1293.20449,0,0,0,0,495.365625,0,0,0,0,0
923.04411,0,0,0,0,0,278.7737972,0,0,0,0
1377.78113,431.9576189,0,0,0,0,0,0,0,0,0
1051.70612,0,0,0,0,0,0,0,0,0,0
951.22863,0,0,0,0,0,782.3322883,0,0,0,0
1015.10226,0,0,0,0,0,0,0,0,0,204.14175
1673.18653,0,0,0,185.2264649,169.8128147,0,0,0,0,0
1052.96527,0,0,0,0,0,0,0,0,0,0
672.99931,0,0,0,0,0,0,0,0,0,0
847.23318,0,0,0,0,0,0,0,244.2929687,0,0
626.09172,0,0,0,0,0,0,0,0,231.5632359,0
669.35895,220.5799744,0,0,0,0,0,0,0,0,0
571.04616,0,0,0,0,0,0,0,0,0,0
1353.68099,0,0,0,288.5243359,0,0,0,0,0,172.608625
1287.02831,0,188.4922234,0,0,0,0,0,0,0,0
819.20152,0,0,92.63456896,0,0,0,0,0,0,0
610.9799,0,0,0,0,0,0,0,0,0,0
817.43209,90.6413769,0,0,0,0,0,0,0,0,0
395.06063,0,0,0,0,155.3920248,0,0,0,0,0
473.96674,0,0,0,0,0,0,423.9234994,0,0,0
681.11858,0,0,0,0,0,0,0,205.7645001,0,0
759.14091,0,0,0,69.4406592,0,0,0,0,0,0
1230.0047,0,0,318.9907769,0,0,0,0,208.9016021,0,0
1015.12151,0,0,357.1884765,0,0,0,0,0,0,0
1249.67867,0,0,0,0,0,0,0,201.8973126,0,0
743.31626,112.7692374,0,0,0,0,0,0,0,0,0
777.42224,0,0,0,0,0,219.9815738,0,0,0,0
895.47236,389.7906527,0,0,0,0,0,0,0,0,0
519.17474,284.6720651,0,0,0,0,0,0,0,0,0
1185.1077,0,0,547.0115831,0,0,0,0,0,0,0
1344.86665,0,0,348.8634711,0,0,0,0,180.4185992,0,0
1010.82518,0,0,100.831604,0,0,0,0,0,0,0
1374.16417,0,0,124.6467692,157.1697559,135.671148,0,0,0,0,0
1190.82196,0,0,74.32970514,0,0,0,0,0,0,0
470.92496,0,114.9900187,415.5855849,0,0,0,0,0,0,0
1035.03515,125.9093871,0,150.4841444,0,0,0,0,0,0,0
617.10541,0,0,0,0,0,0,0,0,0,0
611.09385,0,0,0,0,0,0,0,0,0,0
409.02372,0,0,0,0,159.4823242,0,0,0,0,0
764.05814,0,0,0,0,0,0,0,496.5598052,0,0
1065.13972,0,0,0,115.4134766,0,0,0,0,0,0
1277.3302,0,0,0,0,0,0,0,0,0,0
409.99712,0,0,0,0,0,0,0,0,0,0
1423.12361,0,0,0,0,0,629.3169332,0,0,0,0
1395.27426,0,0,0,0,414.9315538,0,0,0,0,0
1251.95513,0,181.5283982,0,0,0,0,0,0,0,0
411.16104,432.1623514,0,0,0,0,385.6494397,0,0,0,0
529.20808,233.1725836,0,0,0,271.1082682,0,0,0,0,0
869.28997,0,0,0,0,474.2424046,0,0,0,0,0
659.19803,0,0,0,0,0,0,0,0,252.553442,0
878.97769,0,0,0,0,0,0,0,0,0,0
1495.89247,0,0,0,0,0,0,0,446.2716451,0,59.64495313
1368.29673,0,0,0,0,750.5815104,0,0,0,150.2658372,0
686.96784,0,0,0,0,0,0,0,100.0792623,0,0
405.20985,0,0,0,0,0,118.871672,0,0,0,0
665.3183,0,0,0,0,0,0,0,117.4846346,0,0
937.04755,0,0,0,0,182.7909506,0,0,0,263.831833,0
801.45727,0,475.6922211,0,0,0,0,0,0,0,0
983.37048,623.3809804,0,0,0,0,0,0,0,0,0
671.38267,0,138.6830306,0,0,0,0,0,0,0,0
1261.72253,0,0,0,520.3218555,0,0,0,0,0,0
1281.05789,0,0,0,0,0,0,0,289.1809113,0,0
1201.66177,491.0638482,0,0,0,0,0,0,0,0,0
965.1248,0,0,0,0,0,0,282.0940207,0,0,0
771.40474,173.9256603,0,357.5337321,0,0,0,0,0,0,0
823.30989,0,0,0,0,0,284.3781096,0,0,0,0
1267.71623,0,0,0,0,0,286.7561934,0,0,0,0
727.02507,0,0,0,0,0,219.2477642,0,0,0,0
1588.99101,0,0,0,0,0,0,133.0503849,0,0,0
1367.30571,0,0,0,0,273.1980903,0,0,0,0,0
801.30658,0,0,137.2254639,0,0,0,0,0,0,0
395.05609,0,0,0,0,0,0,0,75.9174681,0,0
911.47195,0,0,0,0,0,0,0,229.1623195,0,0
489.13182,0,0,0,0,0,0,0,197.8752658,0,0
1177.61307,680.9938813,0,0,0,0,0,0,0,0,0
923.0586,0,0,154.8296848,0,0,0,0,0,0,0
998.00056,0,0,144.6307509,0,0,0,0,0,0,0
627.18913,0,0,0,0,0,179.1782997,0,0,0,0
793.34385,0,0,0,0,0,487.3495066,0,0,0,0
959.07601,0,0,0,40.97256348,0,0,0,0,0,0
840.08697,0,0,235.9685601,0,0,0,0,183.6288815,199.1284958,0
884.06401,0,0,0,67.2577002,0,0,0,0,0,0
861.45186,0,0,0,0,0,0,88.43090578,0,0,0
1009.49365,0,0,0,0,0,1007.678043,0,0,0,0
1475.9641,0,0,0,0,0,0,0,484.5223003,0,0
1421.82852,0,0,0,0,0,641.4174034,0,0,0,0
542.07615,0,0,0,0,0,0,0,332.3055775,0,0
1320.87933,0,88.21124902,0,0,0,0,140.806834,0,0,0
989.70532,0,0,0,0,157.2576389,0,0,0,0,0
563.21037,0,0,0,0,0,0,0,0,0,0
935.18871,0,0,251.0154894,0,0,0,0,254.415002,0,0
428.14526,210.9956789,0,0,0,0,0,0,0,0,0
888.98658,0,0,0,0,0,0,0,0,0,0
1015.13285,0,0,328.3161485,0,0,0,0,0,0,0
1395.16722,0,0,0,0,435.8812934,0,0,0,0,0
407.07085,151.6154936,0,0,0,0,0,0,0,0,0
594.06412,0,0,0,0,0,0,0,0,0,0
661.21007,0,0,0,0,315.5345052,0,0,0,356.5650758,0
617.10014,0,0,0,0,0,0,0,0,262.1810745,0
610.13543,0,0,0,0,404.278559,0,0,0,0,0
821.20009,0,0,120.0390083,0,0,0,0,209.0857459,0,0
1421.94277,0,0,175.0677762,0,0,0,0,0,0,0
428.97587,0,0,0,0,0,0,0,0,0,0
889.08083,0,0,0,282.8049512,0,0,0,95.91017481,0,0
1542.98396,0,0,154.2446153,0,0,0,0,258.3199046,0,0
1312.99462,0,0,0,0,0,254.178788,0,0,0,0
1215.08922,0,0,0,0,0,263.0642989,0,0,0,0
1374.16427,0,83.89254221,128.8851183,124.0254199,0,0,0,116.4919773,0,0
963.03371,0,0,190.9802789,0,0,0,0,0,0,0
695.34554,318.5962389,0,0,0,0,0,0,0,0,0
669.34659,0,0,0,0,0,654.6934622,0,0,0,0
706.94586,0,0,0,0,0,0,0,0,0,0
715.32078,392.5163855,0,0,0,0,0,0,0,0,0
1231.28955,0,0,0,0,0,0,0,0,1091.604959,0
1286.02478,0,0,521.8516574,0,0,0,0,0,0,0
1291.7165,0,0,0,0,0,0,0,0,0,0
939.58048,664.3423673,0,0,0,0,0,0,0,0,0
890.17494,0,0,521.2389865,0,0,0,0,0,0,0
683.23115,0,0,0,0,0,0,0,0,0,0
412.91559,0,0,322.4510769,0,0,0,0,180.9929045,0,0
1147.1105,0,0,0,0,137.0765626,0,0,0,0,0
1394.86031,663.2177129,0,0,0,0,0,0,0,0,0
943.90168,0,0,0,0,0,0,0,0,0,0
993.86217,0,0,158.8266601,0,0,0,0,0,0,0
374.08243,0,0,0,0,0,273.0616776,0,0,0,0
532.96522,0,0,0,0,0,0,0,0,0,0
1026.26546,0,0,0,0,0,0,0,0,567.9868659,0
617.0665,0,0,0,0,0,0,0,0,0,0
633.07629,0,0,0,61.7890674,0,0,0,0,0,0
801.18723,0,0,0,0,0,247.1795589,0,0,0,0
919.11074,0,0,0,65.68975585,0,0,0,0,0,0
651.06084,0,0,0,0,0,0,0,129.581067,0,0
473.34222,0,457.3863113,0,0,0,0,0,0,0,0
1070.29292,0,200.9830988,0,0,0,0,0,0,0,0
1160.84832,0,0,189.8348524,0,0,0,0,176.2035082,0,0
929.05991,0,0,0,0,600.0416232,0,0,0,0,0
883.61525,0,0,0,0,0,0,0,0,0,0
1101.16231,0,0,0,0,0,0,0,166.2783451,0,0
1370.86496,430.3648196,0,0,0,0,0,0,0,0,0
961.08777,0,0,0,0,429.8633681,0,0,0,0,0
1115.57156,141.2001521,0,0,0,0,310.2561421,0,0,0,0
1054.02032,0,0,0,0,0,0,0,135.0982991,0,0
923.99033,0,0,184.3571642,0,0,0,0,0,0,0
973.03218,0,0,215.3162164,0,0,0,0,0,0,0
825.01763,0,0,249.913954,0,0,0,0,242.3849882,0,0
1194.78038,0,455.6846602,0,0,0,0,0,0,0,0
1277.035,0,0,0,371.3021289,0,0,0,0,0,0
1253.96773,0,0,515.3783638,0,0,0,0,0,0,0
437.26369,0,0,0,0,0,409.3267372,0,0,0,0
487.34238,0,0,0,0,0,0,0,0,0,0
691.19578,0,273.6193444,0,0,0,0,0,0,0,0
846.0574,0,0,0,0,0,0,0,0,0,0
669.27731,0,0,0,0,0,0,0,0,0,0
1143.6833,0,0,0,0,0,0,0,468.1604468,0,0
969.04332,0,0,320.0094265,0,0,0,0,176.1327507,0,0
767.20393,0,0,0,0,0,0,0,356.7976414,0,0
662.95479,0,0,0,0,0,0,0,0,0,0
884.0158,276.9135958,0,0,0,0,0,0,0,0,0
1045.09436,0,0,162.716824,0,0,0,0,0,0,0
511.28087,0,0,0,0,0,355.7338353,0,0,0,0
617.24144,0,0,0,0,0,0,0,46.23221173,0,0
914.06041,0,0,0,0,0,0,479.0569307,0,0,0
1633.40333,0,0,0,0,210.1325303,0,0,0,517.0477525,0
1045.0939,0,0,0,0,259.4599176,0,0,0,0,0
1215.66557,0,0,0,0,0,968.923417,0,0,0,0
710.05684,0,108.2739767,0,0,0,0,0,0,0,0
652.97168,0,0,0,0,0,0,189.5178488,0,0,0
793.48502,304.6573994,0,0,0,0,336.7476999,0,0,0,0
463.04184,0,0,0,0,0,0,0,101.6467996,0,0
682.40636,0,0,0,0,0,644.6830797,0,0,0,0
488.96088,0,108.5697253,0,0,0,0,0,0,0,0
1339.86874,0,0,84.06476507,0,0,0,0,0,0,0
638.89605,0,0,0,0,0,0,0,0,0,0
906.01734,181.1525339,0,0,0,0,0,0,0,0,0
1242.05858,0,0,0,0,0,0,0,0,0,0
780.06958,0,96.3080665,0,0,0,0,0,0,240.2093523,0
978.88524,0,0,0,0,0,0,280.3063506,118.4897152,0,0
787.15157,0,0,134.3548991,0,185.7491537,0,0,0,0,0
625.31614,116.2842229,0,0,0,0,0,0,0,0,0
1643.25915,0,0,0,0,538.1722439,0,0,0,358.242329,0
835.07632,0,0,0,59.4715332,0,0,0,0,0,0
977.32348,647.187932,0,0,0,0,0,0,0,0,0
879.1208,0,0,0,0,0,0,0,306.5079361,0,0
710.08615,0,0,0,0,0,0,257.3868542,0,0,0
907.10888,0,0,0,93.52064455,0,0,0,140.0538346,0,0
1054.03682,0,0,0,0,0,0,0,0,0,0
947.06223,0,0,0,0,0,0,176.3144918,0,0,0
683.40839,0,0,0,0,0,246.5012336,0,0,0,0
521.0125,0,0,0,0,0,0,0,149.8529223,0,0
1113.01632,0,0,0,0,0,0,0,0,0,0
917.0029,0,0,0,0,0,0,0,139.1716278,0,0
669.12785,0,0,98.6088325,0,0,0,0,0,0,0
991.50464,0,112.9658383,0,0,0,0,0,0,0,0
1185.59435,0,0,0,0,0,463.4041297,0,0,0,0
1317.79376,0,0,0,0,0,0,187.0778543,0,0,0
815.43045,118.6578834,0,150.1867947,0,0,0,0,137.4907906,0,0
1485.75346,265.4528139,104.2809744,0,0,0,336.124152,0,0,0,0
895.96119,0,202.9933139,284.7669542,0,0,0,0,0,0,0
880.08369,0,0,0,0,0,0,0,0,0,0
963.5064,0,0,178.4643419,74.29354005,0,0,0,0,0,0
775.30068,122.1745109,0,0,0,0,770.2327817,0,0,0,0
1016.94118,0,0,0,0,0,0,0,137.5886076,0,0
862.03692,0,40.33948128,0,0,0,0,0,0,0,0
1147.10953,0,0,0,0,105.6768229,0,0,0,0,0
1135.93379,0,0,0,0,0,0,0,0,0,0
632.89507,0,0,0,0,0,0,0,456.1847804,0,0
719.08132,0,0,0,0,0,0,0,120.4009592,0,0
836.12457,0,0,39.89411757,0,0,0,0,0,0,0
1134.74795,0,118.3064369,0,0,0,0,0,0,0,0
985.04702,0,81.15527344,0,0,0,0,0,0,0,0
1214.97474,0,0,223.0481228,0,0,0,0,0,0,0
1057.19722,0,0,0,0,0,0,0,0,0,121.4514922
1451.86568,0,0,125.3654107,0,0,0,0,340.6044922,0,0
432.97698,0,0,0,0,0,0,0,0,0,0
1287.08552,0,0,158.7962104,0,0,0,0,0,0,0
473.16131,0,0,0,0,0,0,0,0,0,0
600.05567,0,440.4611772,0,0,0,0,0,0,0,0
1026.03655,0,0,0,0,0,0,0,0,0,0
1286.84529,0,0,0,0,0,0,0,453.0840091,0,0
907.17997,0,0,0,0,0,0,0,0,0,0
903.30594,0,0,127.8184272,0,0,0,0,336.2603652,0,0
663.06489,0,136.0876031,0,74.1166748,0,0,0,0,0,172.3355313
939.51229,0,0,0,111.0301465,0,0,0,0,0,0
1615.40074,0,0,0,0,556.7418837,0,0,0,0,0
673.14766,0,0,0,0,0,0,0,0,0,67.677125
1021.4719,0,0,495.6982965,0,0,0,0,0,0,0
820.11465,0,0,171.8710395,0,0,0,0,352.2483435,0,0
877.52947,0,437.3849214,0,0,0,0,0,0,0,0
409.20508,0,0,0,0,0,160.0419537,0,0,0,0
1150.7415,0,287.1135688,0,0,0,0,241.482828,0,0,0
967.12347,0,0,0,0,0,0,0,117.5461828,0,0
1243.0789,0,0,0,0,0,0,0,0,0,0
789.35762,0,0,202.7384304,0,0,0,0,265.4730642,0,0
1030.70401,212.0279487,0,0,0,0,331.3599661,0,0,0,0
1091.04391,0,0,0,0,0,0,0,119.4664508,0,0
1395.20319,0,0,0,0,403.0625434,0,0,0,504.6587975,0
965.58398,0,436.1240414,0,0,0,0,0,0,0,0
705.00277,0,0,0,0,211.4251737,0,0,188.9925213,0,0
504.94616,0,0,0,0,0,354.8791633,0,0,0,0
1065.02977,0,104.8404548,0,0,0,0,225.7167195,0,0,0
551.11596,347.6789961,0,0,74.35569335,0,0,0,0,0,0
541.96384,0,87.89708951,0,0,0,0,0,0,0,0
935.49514,0,380.5494033,0,0,0,0,0,0,0,0
905.98756,0,0,0,0,0,481.488217,0,0,0,0
566.09272,0,0,0,0,0,0,0,0,0,74.21376562
1112.91925,0,64.40630393,231.4892849,0,0,0,0,170.6040225,0,0
1482.87406,0,0,0,0,0,0,0,0,0,0
1049.07962,0,0,0,0,688.7589628,0,0,0,0,0
961.49766,97.79572558,0,0,0,0,0,0,0,0,0
564.09688,0,0,0,0,0,0,0,0,506.1715354,0
949.10209,0,0,152.476237,85.39822265,0,0,121.7437151,0,0,0
468.07186,0,160.2946702,0,0,0,0,0,0,0,0
743.49841,130.1260112,0,0,0,0,733.9787213,0,0,0,0
515.27459,410.2900996,0,0,0,0,0,0,0,0,0
1112.76289,0,0,0,0,0,0,0,0,0,0
1097.54418,211.0887375,0,0,0,0,211.0688734,0,0,0,0
1373.18119,0,0,0,0,0,0,0,0,0,0
1171.60613,622.8279867,0,0,0,0,0,0,0,0,0
891.44838,0,301.0969852,0,0,0,0,0,0,0,0
414.14694,0,0,0,0,0,116.4478824,0,0,0,0
1017.11982,0,0,0,0,117.9886936,0,0,0,0,0
699.47233,108.7468888,0,0,0,0,0,0,0,0,0
975.08432,0,0,0,201.9897657,0,0,0,0,0,0
1097.56678,0,0,0,0,0,0,0,0,0,0
1149.01328,0,0,145.7596842,0,0,0,0,0,0,0
1432.91227,0,0,0,0,0,0,0,227.7106903,0,0
648.36732,0,0,0,89.9777051,0,0,0,0,0,416.6912735
935.22815,0,0,0,0,0,0,0,55.05654791,0,0
921.17247,0,0,0,85.75231445,0,0,0,0,0,0
441.98723,0,0,0,0,0,0,556.4249884,0,0,0
949.09391,99.67450221,0,0,0,0,206.1412033,0,0,0,0
1002.02178,0,0,138.4684245,0,0,0,0,0,0,0
1121.55084,0,0,0,0,0,0,0,0,0,0
1027.582,0,0,0,53.8053955,0,0,0,0,0,0
969.46682,194.2089326,0,0,0,0,387.6179199,0,0,0,0
505.21295,0,0,0,0,0,0,0,0,0,0
990.10318,0,0,0,0,0,0,0,248.4918414,0,0
1287.08725,0,0,0,0,0,0,195.7986348,0,0,0
765.39254,151.2685806,0,0,0,0,264.8428762,0,0,0,0
427.28773,0,0,0,0,0,387.8507401,0,0,0,0
577.09049,0,0,0,0,0,0,0,0,0,0
523.25408,130.6595858,0,0,0,0,0,0,0,0,0
617.12595,0,0,0,0,258.1742188,0,0,0,0,89.18171872
433.96761,0,0,0,0,0,0,237.4247563,0,0,0
1605.29946,0,0,0,0,230.416645,0,0,0,0,0
977.64346,0,0,0,295.9913867,0,0,0,0,0,0
703.06566,0,0,0,0,233.9967231,0,0,0,163.1465268,0
680.01407,0,0,0,0,0,0,0,0,751.3117641,0
1146.09713,0,0,0,0,253.2340278,0,0,0,0,0
1033.2271,0,0,0,0,0,0,0,0,480.8040081,0
843.41841,390.0803202,0,0,0,0,248.6585372,0,0,0,0
1351.01236,0,0,133.5508626,0,0,0,0,199.4629216,0,0
713.36063,173.7579508,0,0,0,0,0,0,0,0,0
402.09949,0,0,480.8637695,0,0,0,0,0,0,0
1269.08805,0,0,0,0,0,0,0,146.8376558,0,0
1013.10522,0,0,0,0,134.2064344,0,0,0,0,0
1023.50631,612.3080752,0,0,0,0,0,0,0,0,0
751.42462,140.6244037,0,0,0,0,0,0,0,0,0
1374.81189,0,0,47.94690619,0,0,0,0,0,0,0
719.23085,0,0,0,344.7901172,0,0,0,0,0,0
1269.04413,0,0,244.0441894,0,0,0,0,0,0,0
947.09039,0,0,0,92.1126074,0,0,0,0,0,0
1587.22188,0,0,0,0,763.9604167,0,0,0,0,0
1083.51998,0,0,0,0,0,0,201.7596689,0,0,0
555.1677,0,0,0,0,0,0,0,0,0,0
1231.76765,0,0,61.75152588,0,0,0,0,0,0,0
733.115,0,0,0,156.785376,0,0,0,0,0,0
551.12594,0,155.6362155,0,0,0,0,0,0,0,0
1276.92522,0,115.775127,0,0,0,0,131.1301439,0,0,0
869.22252,0,0,0,0,0,0,0,0,0,0
933.81801,0,0,0,0,0,0,0,433.6584751,0,0
1643.29871,0,0,0,0,236.0204427,0,0,0,0,0
1263.99275,0,93.87763613,0,0,0,0,0,0,0,0
474.96313,0,0,91.16544597,0,0,0,0,0,0,0
801.19915,148.8892768,0,0,0,0,0,0,0,0,0
497.03814,0,0,0,0,0,0,0,0,0,312.2746875
867.49842,0,0,0,0,0,0,0,186.888301,0,0
1182.82951,0,0,136.7171088,0,0,0,0,0,0,0
989.5826,0,187.4893956,0,0,0,0,0,0,0,0
569.21569,0,0,0,0,0,0,0,0,0,0
1021.37508,550.3261805,0,0,0,0,0,0,0,0,0
1167.11279,0,0,176.4346246,0,0,0,0,269.5893122,0,0
786.08954,0,0,0,148.4018164,0,0,0,0,0,125.329
763.06279,0,0,0,0,0,0,0,0,0,0
1013.84598,0,40.19288008,0,0,0,0,0,180.0433211,0,0
793.05557,0,0,0,0,0,0,0,0,0,0
905.04845,0,0,0,0,0,0,0,0,0,0
1106.03113,0,0,156.8834907,0,0,0,0,0,0,0
403.14171,0,0,190.5759956,0,0,0,0,0,0,0
845.11129,0,0,0,92.0065918,165.281033,0,0,0,0,0
787.44315,0,0,0,89.0250879,0,0,0,0,0,0
790.93215,261.1427078,0,0,0,0,279.7494346,0,0,0,0
1335.78198,0,0,164.4522027,0,0,0,0,278.6055429,0,0
809.13419,0,0,0,0,0,0,0,55.12883208,0,0
831.46158,0,134.8402871,0,0,0,0,0,0,0,0
1117.74958,0,0,105.1798706,0,0,0,0,89.26914804,0,0
808.50664,0,0,469.8112386,0,0,0,0,0,0,0
1548.997,0,0,153.5994466,0,0,0,0,288.1886496,0,0
924.01502,0,0,0,0,0,0,0,144.4122948,311.4967448,0
921.06779,0,0,0,0,0,0,390.3478303,0,0,0
736.06228,0,0,0,71.36356445,0,0,0,0,0,0
889.32699,301.934216,0,0,0,0,440.0318668,0,0,0,0
1264.02463,0,0,0,0,0,0,0,0,0,0
377.12952,0,0,0,0,187.537066,0,0,0,0,0
702.97211,0,0,0,0,0,0,0,0,0,0
659.31491,0,0,0,0,0,0,82.06542002,0,0,0
875.11657,0,0,0,0,0,0,0,0,0,179.4250156
1376.32433,0,0,90.00271944,217.2311816,0,0,0,69.51515525,0,0
898.93971,0,118.1188291,213.7776828,0,0,0,0,0,0,0
1247.13248,0,0,134.7987874,0,0,0,0,303.1840265,0,0
967.66393,0,0,123.978814,0,0,0,0,0,0,0
1055.08208,137.0733545,0,0,0,0,0,0,0,0,0
1153.77896,0,0,0,0,0,0,0,299.4639784,0,159.6201562
458.9911,0,89.72677221,0,0,0,0,217.3015354,0,0,0
1133.62081,0,0,137.6248101,0,0,0,0,0,0,0
995.47205,252.1814678,0,0,0,0,0,0,0,0,0
1161.63995,0,145.0227665,0,0,0,0,0,0,0,0
597.12974,0,0,0,0,0,0,135.9428082,0,0,0
841.34264,357.4101217,0,0,0,0,0,0,0,0,0
940.02377,0,0,0,0,0,0,0,156.4633356,0,0
1192.99343,0,116.6424823,0,0,0,0,0,0,0,0
1271.03573,0,0,176.4592285,0,0,0,0,0,0,0
823.19745,0,0,0,0,0,0,0,0,0,0
1026.11069,0,0,0,0,742.7432291,0,0,0,0,0
895.09888,0,0,0,0,275.3125868,0,0,0,0,0
1015.83955,0,35.80170689,72.10733368,0,0,0,0,82.69557209,0,0
501.014,0,89.23815546,0,0,0,0,0,0,0,128.3067344
803.13688,0,0,0,0,0,242.7690687,0,0,0,0
727.35801,151.9628906,0,0,0,0,253.0712891,0,0,0,0
589.07685,0,0,0,121.0724414,0,0,0,0,0,0
857.75536,0,0,0,0,0,876.8922955,0,0,0,0
737.17295,0,0,170.8224148,0,0,0,0,0,248.9152797,0
1065.48902,148.631015,0,0,0,0,0,0,0,0,0
971.16927,0,0,0,0,0,0,0,154.289557,0,0
965.61692,0,0,0,0,0,470.4357011,0,0,0,0
1249.08884,0,0,0,0,0,0,0,196.1890391,0,0
694.35294,249.0938191,0,0,0,0,502.2722554,0,0,0,0
1112.99044,0,0,144.2653538,0,0,0,0,134.9449911,0,0
680.02839,436.5314919,0,0,84.8085254,0,0,0,0,0,0
398.99544,0,0,0,0,147.7378472,0,0,0,0,0
583.21468,0,0,0,0,0,0,0,0,0,0
577.17472,0,0,0,0,0,238.6439659,0,0,0,0
665.44662,0,0,210.1493531,0,0,0,0,110.934422,0,0
721.24319,0,48.87401145,0,0,0,0,0,0,0,0
571.24621,0,0,0,0,0,0,0,0,229.6159278,0
543.08904,0,0,0,73.98271975,0,0,0,0,0,0
829.31465,0,0,0,0,0,0,0,0,0,0
672.06093,0,0,378.3572999,0,0,0,0,0,0,0
747.96188,0,0,228.8451063,0,0,0,0,0,0,0
709.37983,0,0,128.6433513,0,0,0,0,0,0,0
650.0462,0,0,0,0,0,0,0,0,340.3238507,0
487.15426,440.550159,0,0,0,0,0,0,0,0,0
410.99869,0,156.8564034,0,0,0,0,0,145.4849807,0,0
1537.09993,0,0,0,0,0,0,167.7107635,0,0,0
1055.09419,0,0,0,0,0,247.6040296,0,0,0,0
763.00695,0,0,0,0,0,0,182.2039178,0,0,0
635.47932,0,0,94.3247884,0,0,0,0,0,0,0
1349.73444,0,0,135.7267795,0,0,0,0,292.387856,0,0
647.12108,0,0,0,0,230.1043403,0,0,0,0,0
490.99373,0,0,0,0,0,0,0,0,0,0
1053.69945,154.9119193,0,0,0,0,439.1122533,0,0,0,0
431.05677,0,0,0,0,0,0,0,0,842.3085938,0
607.14451,283.595634,0,0,0,0,0,0,0,0,0
573.20739,0,0,0,0,0,0,0,82.93161589,0,0
1104.00415,0,138.0356355,0,0,0,0,230.8870281,0,0,0
417.99856,0,0,0,0,0,0,445.5407643,0,0,0
699.0767,0,0,0,147.5822022,0,0,0,0,0,0
975.08399,0,0,0,0,0,0,0,0,0,0
399.16445,442.5371267,0,0,0,0,0,0,0,0,0
502.07813,134.8638257,0,0,0,117.977322,0,0,0,209.0083503,0
599.01593,0,0,0,0,0,0,345.0419632,0,0,199.9888594
1645.1233,0,0,238.7533502,0,0,0,0,196.7937537,0,0
631.17678,0,0,0,0,421.099848,0,0,0,0,0
1674.15382,0,0,454.5374078,0,0,0,0,0,0,0
1083.56475,0,0,0,0,0,246.9593699,0,0,0,0
547.98368,0,0,0,0,0,0,0,0,344.9494735,0
586.89264,0,0,0,0,0,0,647.6717976,0,0,0
1027.60585,0,0,76.06311035,0,0,0,0,0,0,0
949.10631,0,0,0,0,0,0,0,0,0,120.8735703
775.4427,0,0,0,0,352.6892796,0,0,0,0,0
764.01531,0,67.7037181,0,0,0,0,0,103.593577,0,0
901.40851,0,0,0,0,0,0,0,0,0,0
695.32016,433.4887652,0,0,0,0,0,0,0,0,0
624.99173,0,0,0,0,0,0,235.7579478,0,0,0
597.22265,0,0,0,0,0,0,0,52.2729554,0,0
847.12446,0,0,0,74.38007325,0,0,0,0,0,0
1377.76219,0,180.3064369,0,0,0,0,0,0,0,0
1259.76154,0,106.9058426,0,0,0,0,0,0,0,0
1072.038,0,0,0,0,0,0,0,107.9375123,0,0
487.10869,0,0,0,0,0,0,0,0,0,0
1285.99589,0,0,206.3192817,0,0,0,0,223.4000198,0,0
1287.35042,0,0,0,0,721.2601997,0,0,0,0,0
1003.10804,0,0,0,0,246.3913411,0,0,0,0,0
374.97735,0,0,123.6014947,0,0,0,0,120.7880859,0,223.3994375
1392.79252,0,0,0,0,0,0,0,0,0,0
1067.26562,0,0,0,0,719.577691,0,0,0,0,0
1275.90073,0,0,0,0,0,0,0,0,0,0
667.10376,0,0,152.0698785,0,0,0,0,123.3729851,0,0
768.96086,0,0,0,0,0,0,0,0,0,0
715.11753,0,0,0,83.78882815,0,0,0,0,0,0
1101.22638,572.1640625,0,0,0,0,0,0,0,0,0
978.88686,0,0,0,0,0,0,0,243.4360413,0,0
1705.45238,0,0,0,0,382.85625,0,0,0,179.8574643,0
1192.99464,0,0,0,0,0,0,0,105.2777764,0,0
673.07368,124.4942703,0,0,98.6919336,0,0,0,0,0,0
1422.95823,0,0,0,0,0,0,0,0,0,0
1266.14513,286.0227461,0,0,0,0,0,0,0,0,0
1070.27055,0,142.6246645,0,0,0,0,240.6075186,0,0,0
729.12769,0,150.7324339,0,0,0,0,0,0,0,0
789.38965,0,0,100.4573635,0,0,0,0,0,0,0
1481.97334,0,0,0,0,0,0,0,406.8558643,0,0
1019.12312,0,0,0,0,0,0,0,0,0,0
580.09186,0,0,0,0,0,0,0,0,0,0
1277.04759,0,0,0,0,0,0,0,112.939552,0,0
1156.71596,147.8169939,0,0,0,0,310.4283254,0,0,0,0
935.3313,0,0,278.1513129,0,0,0,0,0,0,0
790.5258,0,39.77944965,0,0,0,0,0,0,0,0
1412.95645,0,0,0,0,0,0,0,0,0,0
822.99212,0,0,0,0,0,0,0,162.5861353,0,0
709.21886,0,0,0,0,0,0,0,250.5824268,0,0
873.58104,0,0,0,0,0,0,0,0,0,0
1016.98234,0,0,129.303616,0,0,0,0,150.6506873,0,0
903.14896,0,0,0,0,0,0,525.9057859,0,0,0
1181.21521,0,0,0,0,389.7828993,0,0,0,0,0
1434.91516,0,0,0,0,0,0,0,153.1986378,0,0
691.1337,0,0,0,0,0,0,0,0,0,0
383.08726,0,0,0,0,0,0,0,0,0,0
1312.8939,0,87.46565258,0,0,0,0,0,0,0,0
950.89297,0,240.5920964,0,0,0,0,0,0,0,0
1231.33871,0,0,0,0,708.9697917,0,0,0,0,0
441.23938,0,0,160.1876356,0,0,0,0,0,0,0
439.17017,564.0560875,0,0,0,0,0,0,0,0,0
990.05074,0,176.4662217,0,0,0,0,0,0,0,0
1621.40436,0,0,0,0,548.6848524,0,0,0,0,0
1456.00832,0,0,0,0,0,0,0,0,0,0
1127.0646,0,0,0,0,0,0,127.0320139,0,0,0
1055.09403,137.3222224,0,0,0,0,0,0,0,0,0
1465.84549,0,0,0,317.8477344,0,0,0,0,0,0
512.11595,0,0,76.61886257,162.343584,0,0,0,0,0,160.4082344
977.5678,196.6499412,0,0,0,0,418.9105675,0,0,0,0
1100.02535,0,0,74.99140764,0,0,0,0,0,0,0
1305.81486,0,0,0,0,0,0,0,0,0,0
654.71652,0,0,195.0931939,0,0,0,0,0,0,282.91575
434.1626,209.8720963,0,0,0,242.8815321,0,0,0,0,0
907.06932,75.78074012,0,0,53.15129395,0,0,0,0,0,0
593.39187,0,0,0,0,0,221.7988024,0,0,0,0
687.37441,188.9163613,0,0,0,0,0,0,0,0,0
571.23946,409.1499758,0,0,0,0,224.5251079,0,0,0,0
983.25537,0,0,0,0,702.6223524,0,0,0,0,0
968.93641,0,0,0,0,0,0,0,0,0,0
901.40466,0,0,0,0,0,0,0,0,0,0
967.94411,206.6029452,0,0,0,0,523.3194388,0,0,0,0
393.06198,0,75.1158335,0,0,0,0,0,0,0,0
1478.92233,0,0,99.97513833,0,0,0,0,87.68614025,0,0
757.38867,0,0,151.5540229,0,0,0,0,122.961605,0,0
683.21175,0,0,0,0,0,0,0,218.9961432,0,0
635.19972,0,0,287.6469184,0,0,0,0,0,0,0
1265.64195,0,0,0,278.1377442,81.59539931,0,0,0,0,0
763.32761,0,0,0,0,0,0,0,0,0,225.7362344
1070.38884,0,0,0,314.6942871,0,0,0,0,0,0
709.37928,0,0,0,0,0,0,0,0,0,0
521.18876,90.72320938,0,0,0,0,0,0,0,0,0
566.93011,0,0,435.9037544,0,0,0,0,0,0,0
1322.88793,0,0,71.25762938,0,0,0,0,0,0,0
546.90556,0,0,0,0,189.2760417,0,0,289.1030706,0,0
1226.96498,0,0,171.6238065,0,0,0,0,240.4832996,0,0
1319.8596,0,0,0,0,0,0,254.8490872,0,0,0
1264.03196,0,121.5457367,0,0,0,0,0,0,0,0
811.30989,149.0202745,0,0,0,0,0,0,0,0,0
505.11708,0,0,0,0,0,0,0,0,420.2951483,0
841.42659,0,0,0,0,0,0,0,0,0,0
1287.36699,0,0,0,0,188.1885633,0,0,0,0,0
1407.02534,0,109.2682372,0,0,0,0,194.6168394,0,0,0
885.43275,0,0,0,0,0,0,0,159.2038296,0,0
853.17621,0,0,0,0,0,0,0,66.32645,0,0
715.0969,0,0,0,0,0,0,0,238.180355,0,0
895.5019,430.0316303,0,0,0,0,0,0,0,0,0
571.30482,0,0,0,0,59.680051,0,0,0,0,0
710.01405,103.3403623,0,0,0,0,0,0,0,0,0
777.51081,0,120.6661594,0,0,0,0,0,0,0,0
1509.17672,0,0,0,195.3963282,0,0,116.2199393,0,0,0
1110.92672,0,0,0,0,0,0,0,393.352774,0,0
780.12148,0,0,0,0,0,0,0,0,323.9897532,0
775.06647,0,0,0,0,0,0,0,0,630.745188,0
1039.53885,0,0,0,96.90578125,0,0,0,114.0671356,0,196.840875
851.12266,0,0,0,0,0,0,0,89.51851139,0,0
1407.84147,0,0,0,0,0,0,0,304.9092415,0,110.1475859
663.11694,0,0,0,0,0,0,0,0,0,0
625.19971,222.4894912,0,0,0,0,0,0,0,0,0
759.09419,0,0,0,80.5953076,0,0,0,0,0,0
1057.0173,0,0,0,59.77936035,0,0,0,0,0,0
1221.11818,101.6064194,0,0,0,0,0,0,0,0,0
1251.99374,0,0,0,0,0,0,0,390.7685918,0,0
951.50265,0,0,0,0,0,0,0,0,0,0
418.29401,0,0,0,95.0848242,0,0,0,0,0,341.5672109
862.97995,261.6658255,0,0,0,0,0,0,0,0,0
931.45439,0,0,0,0,0,202.3146972,0,0,0,0
1325.01226,0,0,0,0,0,0,0,68.71323677,0,0
429.25762,0,0,184.6719971,0,0,0,0,127.0868275,0,0
1285.9418,0,0,187.9831543,0,0,0,0,0,0,0
903.25865,0,0,0,0,0,0,0,0,0,0
670.07331,0,0,0,0,0,0,0,0,0,78.18957031
631.29434,0,0,0,0,0,0,0,0,0,0
784.07125,0,0,0,0,0,299.4800576,0,0,0,0
533.2832,0,0,0,0,0,0,0,121.626607,0,0
1231.16563,0,0,0,0,0,0,0,0,445.3072917,0
1221.11559,0,0,0,0,0,142.842298,0,0,0,0
1034.02188,0,152.6357721,0,64.3634326,0,0,0,0,0,0
947.01256,0,0,328.19477,0,155.4179144,0,0,0,0,0
614.21267,0,0,425.0172255,0,0,0,0,0,0,0
1221.12096,0,0,0,0,0,0,0,0,0,0
512.07623,0,0,0,0,679.8884549,0,0,0,0,0
487.17708,0,0,0,0,0,0,0,0,0,0
933.08507,0,0,0,0,0,0,0,0,0,0
1217.67885,0,0,0,305.6122266,0,0,0,0,0,0
425.00745,0,0,0,0,0,0,0,0,0,0
460.12932,0,0,300.9949544,0,0,0,0,0,0,0
567.93906,0,0,0,0,0,0,293.3944926,0,0,0
1085.18896,0,0,118.0763075,0,0,0,0,0,0,0
383.10641,80.94480261,0,0,0,0,0,0,0,0,0
390.00727,0,0,0,0,0,0,0,0,662.8842843,0
977.34323,166.9113316,0,0,0,0,0,0,0,0,0
848.95775,0,0,0,0,0,0,0,0,0,0
1437.92094,0,0,0,0,0,0,0,0,0,331.2781562
1085.18967,0,0,0,0,0,0,0,0,0,0
509.04519,0,0,97.59839549,138.3322266,0,0,0,0,0,0
865.96247,0,0,0,0,0,0,602.1763614,0,0,0
1231.32171,0,0,0,0,0,0,0,0,520.0497057,0
879.08639,0,0,0,207.2177539,0,0,0,0,0,181.2318125
604.03682,0,0,0,0,0,0,0,0,0,0
488.97746,0,101.7695912,64.69335938,0,0,0,198.3752901,0,0,0
771.18204,0,0,0,0,0,0,0,149.4048284,0,0
647.20382,0,0,0,0,0,0,0,82.53554563,0,251.5670156
707.03078,0,0,0,0,0,0,0,0,0,0
900.08145,0,0,0,0,0,0,0,383.0941332,0,0
401.02687,0,0,60.89345974,0,0,0,0,0,0,0
1389.0409,0,0,288.8361545,0,0,0,0,0,0,0
1225.05509,0,0,0,0,0,0,0,0,0,0
1102.11268,0,0,0,0,0,0,0,0,0,0
516.24747,0,0,221.8685574,0,0,0,0,179.9836828,0,0
859.56084,0,0,0,0,0,0,0,0,0,0
1211.7773,0,0,0,0,0,0,0,79.56343949,0,0
574.05488,0,0,0,0,0,0,0,382.025267,0,0
765.14095,0,0,0,91.40918945,0,0,0,0,0,0
759.09946,0,0,0,0,0,0,0,0,0,0
414.14001,0,0,0,0,0,0,0,0,0,0
731.1118,0,0,0,0,151.920128,0,0,0,0,0
979.12999,0,0,85.08039007,0,0,0,0,0,0,0
515.21672,0,0,0,0,0,391.0077483,0,0,0,0
914.63406,0,0,0,0,0,0,0,37.35125037,0,0
1122.8964,0,0,0,0,0,0,0,146.9952161,0,0
769.08816,0,0,0,50.62847655,0,0,289.9047417,0,0,0
1167.08893,0,107.9131878,0,0,0,0,0,0,0,0
404.04513,0,0,0,0,0,0,0,0,391.8218693,0
1145.12625,0,0,0,0,0,0,0,0,211.2498301,0
918.91999,0,0,0,0,0,0,0,0,0,0
398.06509,0,0,0,0,0,0,190.3654471,0,0,89.60121096
1081.07536,0,0,0,0,0,0,0,0,0,188.4448594
835.0902,0,0,0,0,255.3357422,0,0,0,0,0
610.17588,0,0,0,0,323.4713542,0,0,0,0,0
848.53537,318.8418142,0,0,0,0,0,0,0,0,0
1265.62981,0,0,0,88.1985547,0,0,0,0,0,337.2007813
1367.05519,0,0,0,0,0,0,0,0,0,0
879.12242,0,0,0,0,0,0,0,0,0,0
763.35213,0,0,0,0,0,0,0,0,0,372.3641562
843.30883,0,0,0,0,0,0,0,0,0,0
1045.12717,0,0,316.8970812,70.0164453,0,0,0,0,0,0
919.58497,0,0,202.5832791,0,0,0,0,192.6252967,0,0
1485.87069,0,142.2057971,0,0,0,0,0,0,0,0
377.15249,70.70849177,0,0,0,0,0,0,0,0,0
515.36885,0,0,0,0,0,456.3528988,0,0,0,0
1167.8696,0,0,77.76062688,0,0,0,0,0,0,0
1214.03892,0,0,126.7603082,0,0,0,0,0,0,0
637.25465,0,0,103.0277235,0,206.8234592,0,0,0,0,0
494.96547,0,0,0,0,0,0,0,0,346.403391,0
792.02632,345.8188261,0,0,0,0,266.2061061,0,0,0,0
852.95288,0,0,0,95.76120115,0,0,0,0,0,0
1333.05642,0,0,411.1303168,0,0,0,0,0,0,0
824.93222,0,0,0,0,0,0,0,284.8368028,0,0
1109.55818,147.0806312,0,0,0,0,0,0,0,0,0
1151.13428,0,0,0,0,0,0,0,0,0,0
491.02178,0,0,0,0,0,0,0,0,224.1830984,0
885.43221,0,0,0,0,0,0,0,0,0,0
778.04079,0,0,0,0,0,0,0,285.7319522,0,0
1046.69351,0,0,0,0,0,0,0,0,0,0
729.11697,0,0,0,69.6360791,0,0,0,0,0,0
890.19045,0,0,409.6846246,0,0,0,0,0,0,0
1311.73889,277.0937673,0,0,0,0,363.6922287,0,0,0,0
901.33229,0,0,0,0,162.8489692,0,0,0,0,0
1100.93398,0,0,100.2678562,0,0,0,0,0,0,0
371.14493,0,0,0,0,0,0,235.4029819,0,0,0
879.23055,0,0,0,0,0,0,196.5586518,0,0,0
594.94574,0,0,154.4977214,0,0,0,0,0,0,0
883.08101,0,0,157.3065864,127.2614112,0,0,0,0,0,84.0077344
797.219,319.714187,0,0,0,0,0,0,0,0,0
1217.66803,0,0,0,152.6402246,0,0,0,177.3791535,0,0
1231.1921,0,0,0,0,0,0,0,0,1029.120103,0
675.9978,0,0,0,0,0,0,281.7904354,0,0,0
413.01897,0,0,0,0,0,0,0,0,345.0677084,0
487.04283,0,0,0,0,0,0,0,0,0,0
637.36765,0,0,0,0,0,510.4495271,0,0,0,0
1088.94075,0,103.8561637,0,0,0,0,0,0,0,0
486.97501,0,0,0,0,0,0,0,0,0,0
823.31409,0,0,0,0,318.3043837,0,0,0,170.1586277,0
797.38242,0,0,0,0,0,766.4744553,0,0,0,0
1161.85699,0,0,244.7516548,0,0,0,0,0,0,0
1281.35473,0,0,0,0,375.1905164,0,0,0,0,0
892.08823,0,0,218.5790473,0,0,0,0,169.1997256,0,0
1237.99441,0,0,0,0,0,0,0,0,188.9515681,0
472.70885,0,0,0,0,0,0,0,0,0,465.2270313
1299.07693,438.3599799,0,0,0,0,0,0,0,0,0
711.29205,0,0,0,0,0,0,165.7522626,0,0,0
1277.24175,0,0,0,0,0,764.5463096,0,0,0,0
697.03303,0,0,0,0,0,0,201.5643371,0,0,0
1317.80888,0,0,0,0,0,0,229.9085512,0,0,0
1441.06413,0,0,0,0,0,0,0,278.7904841,0,0
945.46082,186.5458898,0,0,0,0,0,0,0,0,0
1100.08196,0,0,0,0,0,0,0,0,0,0
457.10029,0,0,0,0,0,0,0,0,0,130.605461
1165.57358,144.7962873,0,0,0,0,0,0,0,0,0
418.05992,0,0,0,0,0,0,0,0,0,0
544.8328,0,0,0,0,0,0,0,0,0,463.1454062
581.95557,0,0,0,0,0,0,0,0,0,0
768.96713,0,0,0,0,0,0,0,0,0,0
504.11842,201.9844787,0,0,0,0,0,0,0,0,0
889.47715,189.8339152,0,0,0,0,0,0,0,0,0
872.0032,0,0,0,0,0,0,0,0,0,0
401.16271,0,0,177.6059842,0,0,0,117.4470046,128.3455919,0,0
1089.59395,0,297.487826,0,0,0,0,0,0,0,0
831.11187,0,0,0,0,153.343967,0,0,0,0,0
571.40814,166.9227219,168.4274228,0,0,0,0,0,0,0,0
939.08465,0,0,0,0,0,0,0,78.45314975,0,0
571.21221,0,0,87.23474799,0,0,0,0,0,0,0
1101.13984,0,0,0,0,0,0,0,0,0,0
747.52911,0,0,0,0,0,0,0,0,0,0
1121.57307,0,0,0,0,0,0,0,0,0,0
507.00279,0,0,0,0,0,0,0,0,0,387.5464062
1260.97484,0,0,398.4307454,0,0,0,0,0,0,0
713.07781,0,0,0,173.10875,0,0,0,0,0,0
892.08705,0,0,0,0,0,0,0,218.7895817,0,0
701.20994,0,0,0,0,0,340.2610763,0,0,0,0
471.09667,0,0,0,77.7116748,0,0,0,0,0,0
376.07545,0,0,0,0,0,231.8353208,0,0,0,0
831.44656,0,260.9133436,0,73.7657373,0,0,0,0,0,0
1115.03502,0,0,0,0,0,0,0,119.4304787,0,0
919.09402,0,0,0,0,0,0,0,0,0,312.6467187
775.09895,0,0,0,72.05888185,0,0,0,0,0,0
1112.96174,0,0,0,0,0,0,0,165.2674298,0,0
1057.17524,0,0,0,0,235.3527561,0,0,0,0,0
900.09966,0,184.9493985,0,0,0,0,0,0,0,0
1643.28289,0,0,0,0,635.106467,0,0,0,0,0
1367.06349,0,0,117.0119629,0,0,0,0,0,0,0
1111.16517,0,0,0,156.3163086,0,0,0,0,0,206.9858594
1070.40119,0,0,0,140.514541,0,0,0,0,0,0
705.13984,0,100.3302399,0,0,0,0,0,0,0,0
815.48391,0,0,0,0,0,835.7846679,0,0,0,0
939.42158,0,0,0,0,0,242.5610866,94.5584874,0,0,0
1023.14402,0,0,119.4569228,0,0,0,0,0,0,0
410.10048,0,0,178.1773003,0,0,0,0,197.9639908,0,0
925.1523,0,0,126.7609592,83.48950195,0,0,0,0,0,0
1299.79137,0,0,96.15942382,0,0,0,0,0,0,0
678.09254,0,0,247.7580295,0,0,279.3650288,0,0,0,0
501.32411,0,256.3858321,0,0,0,0,0,0,0,0
753.37021,0,0,0,0,0,0,0,0,0,118.536375
621.42783,0,0,0,0,0,0,0,0,0,0
672.98815,0,0,0,0,0,0,562.9690594,0,0,0
582.0565,144.614785,0,0,0,0,0,0,0,0,0
621.42657,0,0,0,0,0,0,0,95.86435671,0,0
1185.61725,502.4977012,0,0,0,0,0,0,0,0,0
384.07478,0,99.25563172,111.1037733,0,0,0,0,155.4486625,0,0
1587.15168,0,0,0,0,629.8657336,0,0,0,0,0
889.63549,0,0,0,0,0,0,0,0,0,0
446.09545,0,0,118.2433811,0,0,0,0,112.7674916,0,174.6073282
973.13693,0,0,284.0893013,0,0,0,0,0,0,0
963.1095,0,0,112.6307034,0,0,0,0,103.3356037,0,0
918.01483,0,0,0,0,0,0,326.3173345,0,0,0
439.9846,0,0,0,0,192.5546224,0,0,0,0,0
606.29459,500.2226389,0,0,0,0,0,0,0,0,0
1164.89466,0,71.82033049,0,0,0,0,0,0,0,0
827.34986,260.419749,0,0,0,0,0,0,0,0,0
761.17446,0,0,0,0,365.4566516,0,0,0,0,0
626.03096,0,0,0,0,0,179.7918122,0,0,0,0
1111.14187,0,0,274.8452962,0,0,0,0,0,0,0
907.11279,0,0,0,210.6904443,0,0,0,0,0,0
551.127,0,0,0,0,0,0,0,0,0,56.64419141
883.06269,0,0,0,0,0,0,398.0687461,0,0,0
1270.00006,126.8325325,0,0,0,0,0,0,0,0,0
665.36536,0,0,135.7528212,0,0,0,0,0,0,0
989.02581,0,107.3666603,0,0,0,0,0,0,0,0
613.13439,322.0798188,0,136.9241537,0,0,0,0,0,0,0
753.22934,0,0,0,0,245.8821398,0,0,0,0,0
1588.92265,0,0,190.1866319,0,0,0,0,181.565578,0,0
802.94142,0,0,0,0,0,0,0,81.36905411,0,0
437.06386,0,0,0,0,0,0,0,0,0,90.0725
1008.2495,0,0,0,279.7119092,0,0,0,0,0,0
490.12474,0,0,0,0,0,269.1914063,0,0,0,0
791.47616,0,0,0,0,0,0,0,181.4767973,0,0
887.95254,0,0,0,0,0,0,0,256.7367732,0,0
709.15777,0,0,0,0,0,0,0,148.8652591,0,0
1163.04752,0,109.6728096,0,0,0,0,0,0,0,0
1224.96764,0,0,187.5528835,0,0,0,0,180.2449565,0,0
1073.11867,0,0,0,91.79078125,0,0,0,0,0,0
738.36438,0,0,0,0,0,0,0,0,0,0
530.07045,138.4693809,0,0,0,240.7527561,0,0,0,0,0
657.12383,0,0,129.901652,0,0,0,0,179.5527468,0,0
1145.0108,0,76.73183472,0,0,0,0,0,0,0,0
659.36117,0,0,0,0,0,0,0,0,0,0
748.15125,0,0,0,0,0,0,0,60.47427561,0,0
975.10391,0,95.80787479,0,0,0,0,0,0,0,0
1316.87611,0,0,168.344401,0,0,0,0,198.7712619,0,0
1070.96025,0,0,0,0,0,0,0,278.2218651,0,0
393.03216,0,0,152.7621663,0,0,0,225.4946144,0,0,0
675.99858,0,0,0,0,0,0,0,0,0,0
909.26159,0,0,0,0,0,0,0,0,118.9485819,0
1054.00824,0,0,0,0,0,0,118.8995978,0,0,0
646.99596,0,0,0,0,0,0,0,0,0,0
675.32906,0,0,161.2231038,0,0,0,0,0,0,0
943.20535,0,0,384.5547417,0,0,0,0,0,0,0
1482.91402,0,0,126.1633165,0,0,0,0,0,0,0
505.1596,0,0,0,0,0,0,0,0,352.6737714,0
893.21184,297.5771225,0,0,0,0,0,0,0,0,0
1039.49434,109.8346671,0,0,0,0,0,0,0,0,0
944.06725,0,0,383.3164063,0,0,0,0,0,0,0
958.64966,269.170838,151.9770658,0,0,0,0,0,0,0,0
652.94741,0,154.0020849,0,0,0,0,0,0,0,0
629.15644,0,0,111.803304,0,0,0,0,0,0,0
821.8774,0,0,383.1033664,0,0,0,0,0,0,0
933.5189,0,0,181.0745714,0,0,382.6304482,0,0,0,0
468.91793,220.9023092,0,0,0,0,0,0,0,0,0
853.22157,0,0,0,0,0,0,0,0,263.5955049,0
767.89975,0,145.9722728,0,0,0,0,0,0,0,0
737.96128,0,0,381.2104492,0,0,0,0,0,0,0
1319.62261,428.9979604,0,0,0,0,0,0,0,0,0
434.06747,0,0,0,0,0,0,0,0,0,0
1036.02987,0,0,106.2273356,0,0,0,0,0,0,0
1009.66743,237.3947214,0,0,0,0,367.8445467,0,0,0,0
490.06565,0,0,0,0,0,0,110.7250735,122.0241916,0,0
561.93851,0,0,0,0,210.167079,0,0,0,0,0
538.82832,0,0,0,0,607.7983941,0,0,0,0,0
1407.04055,0,0,0,0,0,0,0,0,0,0
1649.38647,0,0,0,0,146.8700196,0,0,0,0,0
1042.02211,0,0,379.5952963,0,0,0,0,0,0,0
1062.94531,0,0,0,0,0,0,0,176.9761916,0,0
1057.17696,0,0,0,92.9570801,0,0,0,0,0,0
566.07961,0,0,0,0,0,0,0,0,204.5488281,0
576.08051,0,0,0,0,160.7615234,0,0,0,0,0
761.16945,0,0,0,0,0,0,0,0,0,0
1045.15728,0,0,183.7374674,0,0,0,0,0,0,0
729.09883,0,0,0,0,0,0,0,0,224.7852412,0
587.54493,0,0,0,0,0,352.1747276,0,0,0,0
709.14983,0,0,0,0,0,0,0,0,0,0
1280.93967,0,0,0,0,0,0,0,0,0,0
723.29412,0,0,0,0,0,0,0,0,0,0
907.9897,0,138.3595787,0,0,0,0,0,0,0,0
1359.73442,0,0,0,0,0,654.2624383,0,0,0,0
490.97329,0,0,67.94037544,0,0,0,0,0,0,0
582.17494,245.3498859,0,0,0,0,0,0,0,0,0
1047.58786,0,0,0,0,0,225.2805304,0,0,0,0
837.20806,0,0,0,0,329.8290799,0,0,0,0,0
873.35731,0,0,94.74358451,0,0,0,0,0,0,0
1285.94953,0,103.1925925,0,0,0,0,194.3528581,0,0,0
1372.98363,0,225.182779,0,0,0,0,0,0,0,0
829.15789,0,0,0,0,0,0,0,0,0,491.5659375
847.17799,0,0,0,0,0,0,0,0,783.7216372,0
597.24195,0,54.57699866,0,0,0,0,0,0,0,0
907.11959,0,0,266.7851833,0,0,0,0,0,0,0
453.9883,0,0,0,0,0,0,0,0,344.111781,0
369.99488,0,158.8545821,0,0,0,0,278.0043317,0,0,0
1418.13295,0,89.24016245,0,0,0,0,0,0,0,0
1543.034,0,0,0,0,0,0,0,191.0083811,0,0
989.379,0,0,0,0,0,388.6189608,0,0,0,0
1029.23768,0,0,0,0,186.4631728,0,0,0,0,0
1587.38763,0,0,0,0,308.9881293,0,0,0,378.1847543,0
900.15095,0,0,0,0,0,0,0,0,0,0
1173.73202,0,0,0,0,0,413.0740903,0,0,0,0
1266.30506,0,0,0,0,233.6085938,0,0,0,0,0
918.96079,0,0,0,0,0,0,384.13931,0,0,0
753.39846,0,0,0,0,0,210.3998124,0,0,0,0
900.15233,0,0,0,0,0,0,532.4986463,0,0,0
385.06882,0,0,56.13285319,0,0,0,0,0,0,0
991.61948,0,190.0655315,0,0,0,0,0,0,0,0
1336.7158,475.1616081,0,0,0,0,0,0,0,0,0
654.08718,0,0,0,112.9134375,0,0,0,0,0,131.6841094
702.16718,0,0,0,0,231.9233507,0,0,0,0,0
1061.12666,0,0,92.66831458,54.25060545,0,0,0,0,0,0
697.05654,0,0,0,0,211.3845052,0,0,0,0,0
810.10283,0,0,0,0,131.0857856,0,0,0,0,0
1041.98866,0,0,0,0,0,0,0,167.2386768,0,0
1295.85884,0,0,0,0,0,0,0,339.0412134,0,0
1103.97914,0,172.1946774,0,0,0,0,252.2223082,0,0,0
1305.8471,0,0,0,0,0,0,530.0881034,0,0,0
1265.0842,0,0,0,0,0,0,0,218.6797864,0,0
889.02336,0,125.2291627,0,0,0,0,0,0,0,0
713.0474,0,0,0,0,325.5739149,0,0,0,122.2421592,0
1065.63788,0,0,0,0,0,0,0,0,0,0
770.11104,0,0,0,0,0,0,0,0,0,96.39917968
1048.96145,0,0,0,0,0,162.2192126,0,0,0,0
973.16598,0,0,0,0,0,0,0,166.9276108,0,0
827.27016,0,0,0,0,0,0,0,0,0,0
1238.14024,0,0,0,0,0,0,0,0,0,189.3319218
606.04044,0,0,0,0,0,0,0,0,0,0
1674.13341,0,0,369.5266385,0,0,0,0,0,0,0
1452.38444,0,0,0,0,338.7685764,0,0,0,329.2378284,0
944.91641,0,0,0,0,0,0,0,0,0,0
1149.04625,0,0,121.5079346,0,0,0,0,0,0,0
446.05378,0,0,0,0,0,0,0,0,729.1326426,0
900.00871,0,0,0,0,0,0,0,0,0,0
1615.27085,0,0,0,0,589.4870009,0,0,0,0,0
687.19319,0,0,0,0,0,0,0,0,0,0
429.13049,0,0,0,0,0,0,0,0,0,0
497.04271,0,97.99227135,0,0,0,0,0,0,0,0
907.18583,0,0,0,0,0,0,0,335.2343565,0,0
1156.8568,0,0,367.7846002,0,0,0,0,0,0,0
883.20772,0,0,0,0,0,283.9895149,0,0,0,0
693.33887,83.22119573,0,0,0,0,182.9603978,0,0,0,0
581.21309,0,0,0,0,0,282.4059674,0,0,0,0
1472.96293,0,0,152.3604194,0,0,0,0,0,0,0
1135.94182,0,0,74.03799097,0,0,0,0,0,0,0
1142.99703,0,116.6768956,234.1845974,0,0,0,0,0,0,0
849.00911,0,90.4804208,0,0,0,0,0,0,0,0
1109.98549,0,0,0,0,0,0,206.7330987,0,0,0
577.12066,224.2702745,0,0,0,0,0,0,0,0,0
967.95556,0,0,57.65822347,45.90483399,0,0,0,0,0,0
659.48038,183.1693169,0,0,0,0,418.92794,0,0,0,0
1163.01251,0,113.8164661,0,0,0,0,0,0,0,0
661.22995,0,0,0,0,0,0,0,66.46885506,0,0
1045.38726,0,0,0,0,259.7747613,0,0,0,0,0
544.02161,0,0,0,0,0,0,0,0,0,0
815.10152,0,0,0,84.6070508,0,0,0,0,0,0
1292.7037,282.7813365,0,0,0,0,269.592465,0,0,0,0
1070.21732,0,0,0,138.0338086,0,0,0,0,0,0
472.93082,0,0,0,0,0,167.1869861,0,0,0,0
601.89745,0,73.14257215,0,0,0,0,0,0,0,0
964.92246,136.7202624,0,0,0,0,0,0,0,0,0
808.89367,0,0,132.6497803,0,0,0,0,0,0,0
703.99832,0,0,0,0,0,0,0,0,382.6378228,0
575.13101,0,0,0,0,0,0,0,0,383.3940784,0
1230.04056,0,103.2742403,0,0,0,0,0,0,0,0
1343.75197,0,0,0,131.0863477,0,0,0,0,0,207.7290625
1175.35915,0,0,0,0,579.7800348,0,0,0,0,0
505.13068,0,0,0,0,0,290.5386513,0,0,0,0
1140.8662,0,0,115.1628011,0,0,0,0,0,0,0
1057.32469,0,0,0,0,261.5425998,0,0,0,0,0
1027.52339,186.1288544,0,0,0,0,0,0,0,0,0
597.16415,0,0,0,0,0,0,0,0,0,0
398.37408,0,0,0,0,0,0,0,329.6657189,0,0
1267.91697,0,0,0,0,0,0,0,0,0,0
707.23283,0,0,125.3805067,0,0,0,0,91.3954831,0,0
1280.02013,0,112.5419502,0,0,0,0,0,0,0,0
907.19951,0,0,0,0,0,0,0,156.084689,0,0
1311.07627,0,0,86.38707819,0,0,0,0,0,0,0
467.19623,0,41.52235909,0,0,0,124.6218647,0,0,0,0
526.05728,0,0,0,0,0,0,0,128.2991866,0,0
589.42403,0,317.5220236,0,0,0,0,0,0,0,0
673.07421,0,0,0,0,358.10102,0,0,0,0,0
971.2259,0,101.5934265,0,0,0,0,130.0169883,0,0,0
493.03896,0,0,211.9851752,0,0,0,0,0,0,0
736.92464,0,0,164.3214111,0,0,0,0,0,0,0
439.14465,137.6450065,0,0,0,0,0,0,0,0,0
761.26364,0,0,163.7097303,0,0,0,0,0,0,0
777.30861,0,0,326.0348578,0,0,0,0,0,0,0
538.9405,0,156.9554017,0,0,0,0,0,0,0,0
667.08396,0,0,0,0,0,0,0,143.3944077,0,0
939.44112,224.9204923,0,0,0,0,0,0,0,0,0
1112.11772,0,0,0,67.28074705,0,0,0,110.8926894,0,165.029875
617.02648,0,134.6808977,0,0,0,0,293.4982403,0,0,0
667.10329,0,0,0,107.5869239,0,0,0,0,0,0
440.07989,0,0,209.4472385,0,0,0,0,0,0,0
1128.99357,0,166.3924104,0,0,0,0,0,0,0,0
1027.37268,0,0,0,0,0,0,0,0,0,0
373.04491,0,0,0,0,115.3643447,0,0,0,0,0
779.9083,0,0,0,0,0,0,186.4705677,0,0,0
759.07601,0,0,0,0,0,0,0,0,0,134.4795625
1247.73302,0,0,118.9531385,0,0,0,0,0,0,273.9477813
481.11801,0,0,0,0,0,0,0,194.0984597,0,0
477.23608,0,60.03020155,0,0,0,0,0,0,0,0
1025.1841,0,0,0,0,0,0,0,0,0,0
1598.028,0,0,0,0,0,0,0,83.21671032,0,0
445.23728,0,0,125.8501655,0,0,0,0,0,0,0
1519.16311,0,0,0,56.4293994,0,0,0,189.4525008,0,80.43307816
1055.10831,0,0,0,99.9943457,0,0,0,0,0,250.1509218
919.58277,0,0,0,107.1143653,0,0,0,0,0,0
1441.72944,453.0080545,0,0,0,0,0,0,0,0,0
735.22117,0,0,0,0,0,0,0,0,0,0
1083.10422,0,0,0,210.3744922,0,0,0,0,0,0
962.99665,0,0,0,0,0,0,306.7675008,0,0,0
799.16299,0,68.00502663,0,0,0,0,0,0,0,0
1433.96552,0,56.56667585,0,0,0,0,0,0,0,0
799.10448,0,0,0,0,0,0,0,0,532.628142,0
933.30497,0,0,354.3084039,0,0,0,0,0,0,0
937.93407,0,130.1736723,0,0,0,0,0,0,0,0
1287.04865,0,0,0,0,0,0,0,75.57363158,0,0
415.09939,0,0,0,136.8448389,0,0,0,0,0,0
953.18248,0,0,0,0,0,0,0,0,0,0
689.40435,0,163.2910276,0,0,0,0,0,0,0,0
1137.76229,0,0,0,0,0,669.366545,0,0,0,0
1023.48172,0,0,0,0,0,0,0,0,0,0
1177.65994,0,0,0,0,0,0,0,0,0,184.4374062
554.0428,0,0,0,0,208.9115451,0,0,0,240.7064368,0
982.19745,0,0,168.4331055,0,0,0,0,0,0,0
1152.09414,455.9388482,0,0,0,0,0,0,0,0,0
933.60772,0,0,343.4698079,0,0,0,0,0,0,0
557.22844,0,0,0,0,0,0,225.0148708,0,0,0
655.16745,0,0,0,0,201.6393229,0,0,0,0,0
1039.54755,0,0,0,0,0,0,0,0,0,0
1607.03256,236.9839428,0,0,0,0,313.3958933,0,0,0,0
620.88791,0,0,0,0,0,0,0,0,0,0
963.17663,0,0,0,0,0,0,0,129.0992385,0,0
869.33584,0,0,0,0,302.6317058,0,0,0,0,0
1031.46879,194.2929169,0,0,0,0,375.7737716,0,0,0,0
1407.79273,0,309.832918,0,0,0,0,0,0,0,0
593.27725,0,0,0,0,0,312.8854853,0,0,0,0
967.99801,227.9117982,0,0,0,0,0,0,0,0,0
1111.55417,0,0,0,92.3708203,0,0,0,94.90738108,0,0
1509.02956,0,0,238.4396227,0,0,0,0,101.4356087,0,0
1129.1502,323.489906,0,0,0,0,0,0,0,0,0
516.93415,0,0,0,251.5658399,0,0,0,0,0,0
546.95413,0,0,0,0,0,0,0,0,0,146.3619062
887.96811,0,0,0,0,0,0,0,0,0,0
1221.29179,0,0,0,0,0,0,0,0,321.9442652,0
1051.55378,0,135.0506974,0,0,0,0,0,0,0,0
793.30029,0,0,220.7072076,0,0,0,0,0,0,0
990.06367,0,0,0,0,0,0,0,0,0,0
1089.10901,0,0,0,69.9385449,0,0,0,0,0,0
993.61667,142.4615425,0,0,0,0,0,0,0,0,0
646.06457,0,0,0,0,0,0,0,0,0,0
899.40467,0,0,0,0,0,481.4838096,0,0,0,0
881.1592,0,0,0,0,0,0,0,128.7554391,0,0
1266.13853,0,0,0,0,0,0,288.6992187,0,0,0
439.14701,0,0,91.63862438,0,0,0,0,0,0,0
480.13218,0,104.244548,0,0,0,0,148.4017733,0,0,0
977.45259,0,0,0,0,0,223.0264443,0,0,0,0
801.69211,0,0,0,0,0,657.7877775,0,0,0,0
427.16488,0,0,0,0,0,0,0,0,0,0
617.05429,0,0,0,0,0,0,0,0,0,0
713.08497,0,0,0,0,260.2555772,0,0,0,0,0
1415.86452,0,0,0,249.2816602,0,0,0,0,0,0
564.06926,100.0178115,0,0,0,0,297.6690224,0,0,0,0
890.04281,0,295.6986196,0,0,0,0,0,0,0,0
1278.99631,0,0,171.2476535,0,0,0,0,0,0,0
934.92765,0,0,0,0,0,0,0,95.01020443,0,0
753.34874,0,0,300.6654324,0,0,0,0,0,0,0
900.34246,0,185.1614504,0,0,0,0,194.2905129,0,0,0
1249.09546,0,105.1430934,0,0,0,0,0,0,0,0
1152.88711,0,70.29623994,0,0,0,0,0,0,0,0
950.12194,0,0,345.6672364,0,0,0,0,0,0,0
823.53642,0,0,0,0,0,0,0,0,290.5517154,0
1373.15907,0,0,0,0,0,68.62571314,439.3209411,0,0,0
758.0083,0,304.516272,0,0,0,0,0,0,0,0
885.40248,227.1999274,0,0,0,0,0,0,0,0,0
937.10595,0,0,0,92.23754885,0,0,0,0,0,0
1121.55507,0,0,0,0,0,180.8739978,0,0,0,0
823.37392,0,0,0,0,0,0,0,0,0,0
842.34559,254.9780835,0,0,0,0,0,0,0,0,0
547.16247,0,0,0,0,0,288.1239978,0,0,0,0
598.96962,242.1326742,0,0,0,0,0,0,0,0,0
1121.48826,215.1006637,0,0,0,0,0,0,0,0,0
697.26189,0,0,105.6015353,0,0,0,0,0,0,0
482.89823,0,0,342.3146838,0,0,0,0,0,0,0
783.48438,91.20239903,0,0,0,0,0,0,0,0,0
648.08513,0,0,0,0,273.7358073,0,0,0,0,0
1292.77259,278.6317755,108.9519987,0,0,0,0,0,0,0,0
986.00653,0,176.9329407,0,0,0,0,0,0,0,0
1053.58175,0,0,0,0,0,301.3850226,0,0,0,0
677.20077,0,0,0,0,201.4390626,0,0,0,0,0
631.2043,0,0,0,0,0,0,184.0402228,0,0,0
1294.89481,0,0,0,0,0,0,0,75.82659215,0,0
504.2972,187.9811774,0,0,0,0,366.0525288,0,0,0,0
892.07296,0,0,0,0,0,0,0,184.2167103,0,0
600.92604,0,0,0,0,0,0,0,0,170.5576313,0
1509.17766,0,169.1595332,0,0,0,124.9479723,117.5508683,0,0,0
662.12298,0,0,0,0,0,0,0,0,0,0
797.30671,0,0,0,0,0,0,0,0,0,0
604.91398,0,0,0,0,0,198.7690045,0,0,0,0
1213.03693,0,0,0,0,0,0,0,161.2687896,0,0
1582.97297,0,215.7128187,0,0,0,0,0,0,0,0
507.21836,228.0136546,0,0,0,0,0,0,0,0,0
1250.17287,0,66.84457681,0,0,0,0,0,0,0,0
730.01161,0,0,0,0,0,0,0,0,0,0
884.49148,431.6510647,0,0,0,0,0,0,0,0,0
525.95813,0,0,0,0,0,0,0,0,0,0
414.99399,0,0,0,243.7952344,0,0,0,0,0,0
1179.83956,0,0,121.2374132,0,0,0,0,197.9256639,0,0
877.965,0,0,203.6638455,0,0,0,0,0,0,0
577.13866,187.434458,0,0,0,0,0,0,0,0,0
577.1494,0,0,0,0,0,0,0,0,0,0
944.99569,182.5816337,0,0,0,0,0,0,0,0,0
1089.10976,0,0,0,0,0,0,0,0,0,99.13699216
500.98797,0,0,0,0,157.5164931,0,0,0,0,0
525.07652,63.32222242,0,0,147.2064551,0,0,0,0,0,0
923.02941,0,0,0,0,0,0,194.7035504,0,0,0
919.23411,0,0,0,0,0,0,0,0,0,334.8338125
694.08578,0,0,0,0,0,282.8004471,0,0,0,0
486.96364,0,136.2211345,0,0,0,0,260.2818688,0,0,0
1397.00017,0,0,0,0,0,0,0,0,0,0
799.09028,0,0,0,93.2386621,0,0,0,0,0,0
837.37496,0,0,126.317098,0,0,0,0,0,0,0
791.25382,0,0,0,0,0,0,282.0329904,0,0,0
827.49941,154.3778865,0,0,0,0,0,0,0,0,0
1275.84603,428.0124101,0,0,0,0,0,0,0,0,0
1254.94203,0,0,114.3664415,0,0,0,0,0,0,0
621.00978,0,0,0,0,0,0,350.6472385,0,0,0
541.02685,0,0,231.2171224,0,0,0,0,0,0,0
893.36714,0,0,0,0,0,0,0,0,0,0
561.18475,0,0,110.5695733,0,0,0,0,204.3566554,0,0
1145.80178,0,0,0,0,0,0,0,0,0,0
1387.90905,0,174.6987035,0,0,0,0,0,0,0,0
1013.49298,288.9278294,0,0,0,0,202.9219264,0,0,0,0
591.19242,0,0,106.4615003,0,0,0,0,0,0,0
899.99864,0,0,0,0,0,0,171.7836092,0,0,0
1417.14273,0,0,285.3769803,0,0,0,0,0,0,0
400.05805,0,0,0,0,0,0,0,0,0,0
553.99728,0,0,0,0,195.6785373,0,0,0,0,0
406.99442,0,0,104.0394558,0,0,0,0,0,0,0
647.41568,0,0,137.39544,0,0,0,0,0,0,0
565.27972,88.88594097,0,0,0,0,0,0,0,0,0
475.27764,0,0,0,0,0,276.9031404,0,0,0,0
544.96716,0,0,0,0,0,0,0,0,0,0
593.33608,0,0,0,0,0,0,0,0,0,0
442.99478,0,0,0,0,0,0,0,0,0,0
533.15505,237.7143943,0,0,0,0,0,0,187.6475351,0,0
644.39297,422.6739837,0,0,0,0,0,0,0,0,0
682.35638,0,157.0858656,0,0,0,291.4628907,0,0,0,0
403.03924,0,0,0,0,0,0,0,112.6605394,0,0
870.03261,0,0,0,0,0,0,114.045444,0,0,0
969.04176,0,101.9989096,0,0,0,0,144.4136177,0,0,0
995.47795,170.6689021,0,0,0,0,0,0,0,0,0
1588.97285,0,0,0,0,0,0,0,159.2309508,0,0
392.2562,0,0,0,0,0,0,0,301.5980889,0,0
893.07714,0,0,0,0,0,0,0,0,0,0
881.28581,0,0,0,0,529.2057076,0,0,0,0,0
1109.14345,0,0,0,101.6690821,0,0,0,0,0,0
598.12071,103.6411004,0,0,0,0,0,0,0,0,0
597.13623,0,0,0,0,0,0,0,0,0,0
1474.00239,0,0,0,168.7720459,0,0,0,0,0,0
935.31849,0,292.0288775,0,0,0,0,0,0,0,0
577.14993,0,0,152.4395481,0,0,0,0,0,0,0
1265.12118,0,0,0,0,0,0,0,0,0,0
763.27307,0,0,0,237.7240039,0,0,0,0,0,0
531.0982,0,0,0,109.0733985,0,0,0,0,0,0
935.11655,0,0,0,0,0,0,0,0,688.3825861,0
1015.16188,0,0,0,0,0,0,0,128.4271039,215.8091174,0
1413.3346,0,0,0,0,340.1961914,0,0,0,244.1539006,0
703.10459,0,0,0,0,0,0,0,0,0,0
833.083,0,0,0,0,192.4591363,0,0,0,0,0
647.26309,0,0,196.4113769,0,0,0,0,0,0,0
811.31642,0,0,0,0,0,0,0,0,0,0
490.12143,0,0,0,59.6341699,0,0,0,0,0,0
1185.08209,0,106.968738,0,0,0,0,0,0,0,0
1157.7105,419.2236588,0,0,0,0,0,0,0,0,0
1299.18997,0,0,0,0,0,0,0,299.5078249,0,0
614.2301,0,0,0,0,0,0,0,0,0,0
890.07706,0,0,0,0,0,0,0,0,0,0
441.02907,0,0,0,0,0,0,252.4712446,0,0,0
500.98205,0,0,0,0,0,0,0,0,0,0
489.18296,0,0,0,0,0,0,0,0,235.7421451,0
1238.14881,265.0809164,0,0,0,0,227.5382401,0,0,0,0
1077.52718,193.6101528,0,0,0,0,0,0,0,0,0
892.56489,0,0,0,132.3266895,0,0,0,131.0825134,0,0
393.16405,0,0,0,74.71916505,0,0,0,0,0,0
1248.72062,417.3902793,0,0,0,0,0,0,0,0,0
836.57716,0,0,0,0,0,0,0,0,0,118.2892187
1109.74136,0,0,314.2028267,0,0,0,0,0,0,137.5658282
577.30095,0,0,0,0,0,265.3328793,0,0,0,0
1067.52294,0,0,0,0,0,136.1563913,0,0,0,0
878.95214,0,0,0,0,0,0,0,259.4222706,0,0
657.30813,223.5554135,0,0,0,0,0,0,0,0,0
1343.92251,0,0,326.1188694,0,0,0,0,0,0,0
1187.70964,0,0,0,165.8381983,0,0,0,87.26706513,0,0
579.93242,0,0,233.5131022,0,0,0,0,0,0,0
1059.07669,0,0,0,0,0,0,0,296.861254,0,0
596.88209,0,0,0,0,0,0,0,0,0,0
1173.67194,414.9265764,0,0,0,0,0,0,0,0,0
1312.91403,0,0,0,0,0,0,0,195.2047938,0,0
576.04377,116.1475128,0,234.3479275,0,0,0,0,0,0,0
1111.09432,0,215.92662,0,0,0,0,0,0,0,0
848.22135,0,0,0,0,0,0,0,0,679.0779552,0
1218.7672,414.6440819,0,0,0,0,0,0,0,0,0
1284.14591,0,0,139.1584066,0,0,0,0,169.5658438,0,0
1293.06208,0,0,81.18065729,0,0,0,0,0,0,0
1065.98973,0,0,0,0,0,0,0,299.8758653,0,0
1473.40846,0,0,0,0,383.4540364,0,0,0,0,0
1275.67447,0,0,0,78.50370115,0,0,0,196.2876162,0,0
1153.28256,0,0,0,0,257.8414497,0,0,0,0,0
1039.13673,0,0,0,0,0,0,0,118.4203546,0,0
1026.31911,0,0,0,0,0,0,0,0,0,373.2038125
1310.73806,0,103.2256518,0,0,0,392.1881425,0,0,0,0
1282.85249,0,0,160.2636719,0,0,0,0,149.0403358,0,0
976.10217,0,72.58810031,0,136.6843067,0,0,0,0,0,0
763.98939,269.8432834,0,0,0,0,0,0,0,0,0
981.09179,0,0,153.038954,0,0,0,0,0,0,0
553.16867,0,0,0,0,0,331.7975688,0,0,0,0
696.18127,0,57.83357698,0,0,0,0,0,115.9018616,0,0
660.86317,0,0,0,0,0,0,0,55.88397449,0,0
959.01296,0,0,0,0,0,0,208.5913328,0,0,0
939.47108,0,0,133.8968099,0,0,244.6619295,0,0,0,0
638.90999,0,0,197.1748318,0,0,0,0,0,0,0
833.99682,0,0,0,0,0,0,0,0,0,0
1304.09238,0,0,0,0,0,0,94.92423422,0,0,0
410.93082,0,0,173.6511231,0,0,0,0,135.4443606,0,0
1423.33116,0,0,0,0,288.3335503,0,0,0,0,0
830.10241,0,0,0,0,0,0,0,223.8159118,0,0
1070.4158,0,0,0,143.769834,0,0,0,111.4748195,0,0
1238.09742,0,0,0,0,0,0,0,0,0,0
933.34579,215.1355953,0,0,0,0,0,0,0,0,0
823.01938,0,162.7984088,0,0,0,0,0,0,0,0
1283.15978,0,0,0,0,0,0,126.0792176,0,0,0
817.15551,0,0,150.6550565,0,0,0,0,0,0,0
1491.89316,0,0,0,52.70970705,0,0,0,0,0,0
603.96557,0,0,0,0,0,0,0,0,0,0
1052.0287,0,140.1971698,0,0,0,0,0,0,0,0
533.15521,0,0,0,0,126.3253147,0,0,270.4148166,0,0
667.08849,0,0,0,0,0,0,0,0,0,0
822.03024,0,93.43797933,0,0,0,0,0,125.6364344,0,0
719.35221,0,0,320.1612413,0,0,0,0,0,0,0
939.07337,0,0,0,0,0,0,0,85.27206538,0,0
900.12459,0,0,0,0,0,0,456.1925278,0,0,0
677.25129,0,0,0,0,0,0,0,0,0,0
1309.70624,0,0,0,230.3284766,0,0,0,0,0,0
593.33952,0,0,0,0,0,0,0,0,0,0
616.20398,0,0,0,0,0,0,0,0,0,0
389.14851,0,0,0,48.07955078,0,0,0,0,0,0
1182.81016,250.8323078,0,0,0,0,232.3110866,0,0,0,0
664.02345,0,0,0,104.5286914,0,0,0,0,0,0
811.30279,0,0,0,0,0,0,0,0,345.2784477,0
497.11941,0,112.0678202,0,0,0,0,0,0,0,0
769.01727,0,0,0,0,0,0,243.7527266,0,0,0
669.48877,0,0,0,0,0,0,0,0,0,0
1116.03914,157.2508642,0,0,0,0,0,0,0,0,0
820.9007,0,0,129.8729926,0,0,0,0,0,0,0
845.11493,0,0,0,57.1517041,0,0,0,0,0,0
636.0745,0,0,0,114.9230469,0,0,0,0,0,0
611.08121,0,175.8863713,0,0,0,0,0,0,0,0
965.00502,165.8624516,0,0,0,0,263.770148,0,0,0,0
982.153,0,134.5329395,0,0,0,0,0,0,0,0
1213.07934,0,0,160.4846192,0,0,0,0,0,0,0
1423.75733,0,0,0,0,0,426.7723067,0,0,0,0
543.34344,0,281.0225269,0,0,0,0,0,0,0,0
770.03154,0,0,0,139.9869239,0,0,0,0,0,0
587.02792,0,0,0,0,0,0,0,0,532.3200861,0
656.0009,0,0,0,0,237.3011502,0,0,0,0,0
884.55779,0,0,0,0,0,601.4002879,0,0,0,0
737.14519,0,0,0,0,0,0,0,0,0,0
509.0823,0,0,0,124.6956202,0,0,0,0,0,0
1673.12017,0,0,142.7227783,0,0,0,0,158.9718775,0,0
870.58102,0,87.12749233,0,0,0,0,0,0,0,0
1289.6929,0,0,0,0,0,0,0,333.2645742,0,0
674.00104,0,0,0,0,0,0,0,0,0,0
1388.90293,0,0,175.2029894,0,0,0,0,129.0933792,0,0
572.06871,0,0,0,0,0,0,0,0,0,0
721.1846,0,0,0,0,0,0,0,166.0731185,0,0
1235.97392,0,0,0,0,224.1867621,0,0,0,0,0
1065.99685,0,0,0,0,0,0,0,0,0,0
708.06123,0,0,0,0,0,0,0,0,419.5886832,132.5203125
757.16545,0,0,0,0,0,296.5932617,0,0,0,0
1043.10347,0,0,0,68.43101565,0,0,0,0,0,60.5423789
957.4362,0,0,52.76565213,0,0,0,0,0,0,0
945.34415,0,0,0,0,0,597.6427837,0,0,0,0
485.33291,0,141.6673097,0,0,0,0,220.8913792,0,0,0
1298.00085,0,0,153.6937256,0,0,0,0,0,0,0
605.34982,0,171.1373778,0,0,0,0,0,0,0,0
500.98106,0,0,0,0,0,0,0,0,0,0
703.38137,0,0,150.3250597,0,0,0,0,0,0,0
911.95808,0,0,0,0,0,0,0,0,356.8058764,0
1140.88142,0,0,0,0,0,0,0,0,0,0
415.25565,0,0,110.951572,0,0,0,0,0,0,0
1076.01746,0,0,0,0,0,0,0,285.8675831,0,0
778.91759,154.1646848,0,0,0,0,0,0,0,0,0
844.01668,0,0,0,0,0,0,0,95.39686139,0,0
409.15373,0,103.9604582,0,0,0,0,0,0,0,0
1021.65435,0,0,0,0,0,0,446.7447014,0,0,0
989.08048,0,0,0,0,0,0,0,0,246.099213,0
543.02105,0,0,0,0,0,0,0,0,445.6573539,0
1514.90742,0,0,92.00938583,0,0,0,0,201.525403,0,0
766.17885,0,0,188.3211806,0,0,0,0,113.6863009,0,0
750.92789,0,0,0,0,0,0,0,0,0,0
921.08851,0,0,130.8178169,0,122.9590603,0,0,0,0,0
1008.26283,0,0,206.4232246,0,0,0,0,0,0,0
1465.95111,0,0,0,0,0,0,0,221.3282734,0,0
703.0669,0,0,0,0,0,0,310.5648785,0,0,0
763.43033,0,0,0,0,0,0,444.6515702,0,0,0
943.40507,362.2128388,0,0,0,0,0,0,0,0,0
1153.89845,59.78476304,0,0,0,0,0,0,0,0,0
1389.97966,0,0,130.849745,0,0,0,0,0,0,0
884.02996,0,0,0,0,0,0,192.7279161,0,0,0
1571.1731,0,0,0,0,0,0,0,65.59920759,0,0
1071.57545,0,0,0,0,0,304.1544254,0,0,0,0
1285.1136,0,0,0,0,0,0,0,65.09119734,0,0
1283.16577,0,0,0,0,0,0,0,138.2111477,0,0
1116.04422,0,0,197.7000665,0,0,0,0,102.1772028,0,0
940.92841,0,0,0,0,0,0,0,0,0,0
384.12917,0,0,0,0,0,0,0,79.38959278,0,0
1026.96798,0,0,0,0,0,0,440.8838181,0,0,0
901.2351,0,0,0,0,0,0,0,0,0,0
985.09177,0,0,0,0,0,0,0,113.6049619,0,0
1294.76755,0,0,139.5771756,0,0,0,0,0,0,0
968.0098,178.9449496,0,0,0,0,0,0,0,0,0
613.14986,0,0,0,0,0,0,0,0,0,0
487.15192,0,0,220.4334174,0,0,0,0,0,0,0
679.15418,0,0,0,0,0,0,0,0,0,0
475.16718,0,0,0,0,0,0,0,0,0,0
383.99212,0,0,0,0,0,0,0,0,0,0
776.47646,391.4851701,0,0,0,0,0,0,0,0,0
864.54073,0,0,0,89.49655275,0,0,0,0,0,0
1333.02572,0,0,160.2586806,0,0,0,0,0,0,0
843.20121,0,0,0,0,0,0,0,0,0,0
589.047,0,0,145.7200114,0,0,0,0,0,0,0
414.04285,0,0,0,0,0,0,0,0,0,0
1083.58597,0,0,0,67.6108252,0,0,0,0,0,0
1236.01057,0,0,306.2792426,0,0,0,0,0,0,0
981.10861,0,0,0,0,180.9454536,0,0,0,0,0
1605.02595,0,0,0,0,0,0,0,200.560893,0,0
545.2414,0,0,0,0,0,174.8672646,0,0,0,0
1395.26057,0,0,0,0,0,0,0,0,638.8093864,0
559.24719,0,0,0,0,0,0,0,0,0,0
1057.21709,0,0,0,0,244.2130859,0,0,0,0,0
845.55477,0,0,0,0,0,0,421.6800743,0,0,0
581.15528,0,0,0,0,0,174.7396689,0,0,0,0
758.9248,0,0,0,0,0,0,0,0,136.475869,0
1084.99264,0,0,0,0,0,0,0,234.2956635,0,0
1059.48643,0,0,0,0,0,0,0,49.11830622,0,0
477.15392,144.025624,0,0,0,0,0,0,0,0,0
1155.58327,0,0,54.11077203,0,0,0,0,0,0,0
709.3971,0,0,0,0,0,272.8989258,0,0,0,0
443.17913,0,0,0,0,0,0,0,51.81577581,0,0
1025.45302,168.7028485,0,0,0,0,0,0,0,0,0
495.06575,0,0,0,0,0,0,0,0,0,84.26128904
711.20419,0,0,0,0,0,0,0,250.5876928,0,0
1194.77098,0,0,0,58.71915525,0,0,0,116.6632837,0,107.7108203
1073.13539,0,0,0,79.7386865,0,0,0,0,0,0
848.23282,0,0,0,0,484.2207031,0,0,0,0,0
1055.70863,0,0,0,87.692666,0,0,0,164.3572612,0,0
622.90909,0,0,0,0,0,0,0,0,0,0
454.01328,0,0,0,0,0,0,0,0,225.9868235,0
955.91958,0,0,167.0381538,0,0,0,0,122.5843676,0,0
841.95862,0,0,0,0,0,0,194.9618657,150.1303154,0,0
959.07033,0,0,0,0,0,182.9193822,0,0,0,0
1329.02891,0,0,0,0,0,0,0,59.8930046,0,0
894.10252,0,0,300.4927843,0,0,0,0,0,0,0
616.93218,0,0,0,0,0,0,0,0,0,0
1010.57853,381.2630324,0,0,0,0,0,0,0,0,0
1352.02462,0,0,0,0,0,0,0,0,0,0
734.80475,0,0,191.4957818,0,172.1300348,0,0,0,0,0
970.03357,0,0,0,0,0,0,0,0,0,0
1059.09064,0,0,0,0,303.2765191,0,0,0,0,0
1089.89287,0,0,0,0,0,0,0,0,0,343.8329375
1291.00821,0,67.74052791,0,0,0,0,0,0,0,0
781.07949,0,0,206.5778944,34.48733887,0,0,0,0,0,0
493.14616,251.3531527,0,0,0,0,0,0,0,0,0
1026.09831,0,0,0,0,0,0,0,0,0,0
557.24656,0,0,0,0,0,0,0,0,0,0
713.32805,210.531129,0,0,0,0,250.9018555,0,0,0,0
512.23565,0,0,102.9837036,0,0,0,0,177.2759901,0,0
1034.96548,0,0,138.9869656,0,0,0,0,0,0,0
1167.70942,0,144.9700201,0,0,0,0,0,0,0,0
647.13922,0,0,0,0,0,0,0,0,0,0
969.02691,0,138.6517447,0,0,0,0,0,0,0,0
783.19397,0,50.03051907,0,0,0,0,0,0,0,0
1810.1205,0,0,155.8205431,0,0,0,0,128.3803896,0,0
895.19446,0,0,196.6547988,0,0,0,0,0,0,0
1164.0584,0,57.53032736,0,0,0,0,0,0,0,0
625.15164,0,0,0,0,0,324.7477642,0,0,0,0
837.12538,0,0,0,0,247.7411024,0,0,0,0,0
1027.18097,0,0,0,0,303.0601997,0,0,0,0,0
1070.42706,193.494469,0,0,0,0,0,0,0,0,0
951.33567,0,0,0,0,0,0,0,0,0,0
701.06108,0,0,0,58.7083594,0,0,0,0,0,0
764.32667,0,0,0,0,0,0,0,0,0,340.8383125
1067.56197,0,0,0,0,0,0,0,189.1185225,0,0
617.05811,0,0,0,65.0261719,328.4435764,0,0,0,0,0
1052.97411,0,0,209.2073161,0,0,0,0,0,0,0
1423.21669,0,0,0,0,0,0,0,0,0,0
666.27793,0,0,0,0,0,0,0,0,0,0
1367.12102,0,0,0,0,0,0,0,0,322.1372565,0
1089.11378,0,0,0,0,0,0,0,0,0,0
903.57629,0,0,0,0,0,0,0,0,0,0
977.44522,0,0,0,0,0,0,0,0,0,339.3518438
1245.77707,419.9589152,0,0,0,0,0,0,0,0,0
540.22509,0,0,139.8981256,0,0,0,0,140.8521682,0,0
1192.102,0,0,0,0,0,0,0,0,126.4464164,0
1261.94997,0,0,142.3799506,0,0,0,0,0,0,0
798.97499,0,0,0,0,0,0,419.1968209,0,0,0
799.46515,0,0,0,0,0,0,0,0,0,0
943.42555,374.3555379,0,0,0,0,0,0,0,0,0
1259.26003,0,0,0,0,0,0,0,0,0,0
885.09776,0,0,0,0,0,0,0,115.9772795,0,0
1158.8586,0,0,0,0,0,0,0,0,0,0
1204.70488,0,0,0,0,0,555.7292095,0,0,0,0
586.24075,0,0,293.0468072,0,0,0,0,0,0,0
631.30809,0,0,148.8391113,0,0,0,0,0,0,0
819.97404,0,0,0,0,0,0,130.7292118,0,0,0
903.15555,0,0,115.8073731,0,0,0,0,0,0,0
884.06129,0,0,0,0,0,0,0,0,0,71.11867969
982.95233,0,0,0,0,0,0,0,0,0,0
769.01819,0,0,0,0,0,272.7426501,0,0,0,0
1261.95369,0,0,0,0,0,0,0,0,0,0
626.0712,0,0,0,0,208.0561414,0,0,0,0,0
783.40777,251.942789,0,0,0,0,288.2951788,0,0,0,0
1271.7526,0,0,0,0,0,0,0,0,0,0
973.01264,0,0,0,0,0,0,161.2970007,162.1487218,0,0
441.22488,0,103.6491804,0,0,0,0,0,0,0,0
784.09973,58.34886183,0,0,0,0,0,0,0,0,88.50353904
712.0047,0,0,0,0,0,0,0,0,0,195.8557656
1097.63442,0,0,0,0,0,551.1027961,0,0,0,0
784.0351,0,84.75389429,0,0,0,0,0,0,0,0
680.95309,0,0,0,0,464.7675348,0,0,0,0,0
793.17118,0,0,290.362047,0,0,0,0,0,0,0
601.51627,0,0,0,0,0,0,0,0,0,0
695.21569,229.5845374,0,0,0,0,0,0,0,0,0
852.12135,0,0,0,51.0967676,0,0,0,0,0,0
547.03087,0,118.1137126,0,0,0,0,0,0,0,0
754.16318,0,0,0,0,0,0,0,0,0,152.0086406
915.96266,0,0,0,0,244.3476997,0,0,0,285.1253397,0
398.06666,0,0,0,0,0,0,0,0,0,0
859.53967,227.7655386,97.67512822,0,0,0,0,0,0,0,0
891.43385,0,0,302.3738335,0,0,0,0,0,0,0
1026.12616,0,0,0,0,462.4095487,0,0,0,0,0
699.06246,0,0,0,0,0,0,192.3134669,0,0,0
577.29773,209.9347864,0,124.1877713,0,0,0,0,0,0,0
960.96651,0,0,204.562283,0,0,0,0,0,0,0
1387.96178,0,0,214.3303019,0,0,0,0,67.84684658,0,0
767.25554,0,0,198.5144992,0,0,0,0,0,0,0
572.0625,0,0,0,0,0,0,0,0,0,0
650.02138,0,0,0,0,0,0,0,0,0,0
965.02511,0,0,0,0,0,0,0,0,0,0
655.30079,163.5832584,0,0,0,0,0,0,0,0,0
1013.10222,0,0,0,0,0,0,0,0,0,0
604.17416,0,0,0,0,0,0,0,123.5115457,0,0
1255.68907,0,0,0,0,0,0,0,0,0,0
790.88325,0,0,0,0,0,0,0,0,298.4164119,0
562.01087,0,0,0,0,0,0,0,261.9333465,0,0
1190.83151,0,0,66.60310872,0,0,0,0,0,0,0
1026.07744,0,0,0,0,0,0,0,0,0,0
840.90942,0,0,0,84.5022754,0,0,0,0,0,0
525.02641,0,0,0,0,274.1575087,0,0,0,0,0
617.01659,0,0,0,0,0,0,0,0,0,0
1192.10551,0,0,0,0,0,0,0,0,109.2199955,0
755.92767,0,0,0,0,246.4682074,0,0,0,0,0
739.60376,0,252.6067389,0,0,0,0,0,0,0,0
1395.21821,0,0,0,0,0,0,0,0,0,0
1059.07304,172.1912852,0,0,0,0,0,0,0,0,0
1005.65173,0,252.0572757,0,0,0,0,0,0,0,0
847.26746,0,0,0,0,0,0,0,0,323.721977,0
1288.12882,0,140.0533814,0,0,0,239.9510434,0,0,0,0
1343.94124,0,0,284.7362467,0,0,0,0,0,0,0
460.14242,0,0,0,0,0,0,0,259.242138,0,0
890.96909,0,0,0,0,0,0,0,199.7490358,0,0
719.37712,0,0,284.2655708,0,0,0,0,0,0,0
814.74681,0,0,0,0,0,0,0,0,0,327.1448125
542.9899,0,0,0,0,0,0,0,0,0,0
1286.88048,0,0,0,0,0,0,0,258.7306913,0,0
1031.13596,0,0,0,0,290.1950738,0,0,0,0,0
1620.85941,0,0,283.296346,0,0,0,0,0,0,0
375.11245,0,0,0,70.1068799,0,156.3742033,0,0,0,0
1424.83914,169.8844373,0,0,0,0,283.698602,0,0,0,0
469.1507,221.9726735,0,0,0,0,0,0,0,0,0
959.02427,178.331409,0,0,0,0,0,186.4413482,0,0,0
814.0219,0,0,0,0,0,0,403.2988861,0,0,0
428.92611,0,0,0,0,0,0,0,0,0,0
610.60616,0,0,282.5914985,0,0,0,0,0,0,0
383.22111,0,0,0,0,0,482.21875,0,0,0,0
760.03094,0,0,0,0,0,0,0,257.3139587,0,0
1159.62578,0,0,0,0,0,0,111.814018,0,0,0
1469.93432,0,0,0,0,0,0,0,257.0106309,0,0
698.96866,0,0,0,0,275.8403212,0,0,0,0,0
1266.83191,0,0,0,0,0,0,0,0,0,0
925.16073,0,0,0,57.6564209,0,0,0,0,0,0
470.9862,0,0,0,0,0,0,0,0,0,0
1013.02912,0,0,136.0369059,0,0,0,0,0,0,0
1332.9942,0,0,134.9935845,0,0,0,0,133.3418711,0,0
1111.51534,0,99.53326902,0,0,0,0,0,0,0,0
831.00663,0,68.2351838,0,0,0,0,0,0,0,0
599.29269,173.5422255,0,0,0,0,0,0,0,0,0
1289.92096,0,0,0,0,0,0,0,106.746922,0,0
583.27156,0,0,0,0,0,0,0,174.3667425,0,0
520.06643,0,0,0,114.5742578,0,0,0,0,0,139.8813594
377.19132,0,0,0,0,0,0,0,0,0,0
681.18699,0,0,0,0,0,0,0,174.2528061,0,0
389.98311,0,0,0,0,0,0,0,0,0,0
1423.84441,356.7792278,0,0,0,0,0,0,0,0,0
660.71958,0,0,0,0,0,0,0,0,0,322.3855
1070.44803,152.8047048,0,0,0,0,0,0,0,0,0
704.07367,0,0,0,0,0,0,0,0,0,0
676.60995,0,0,0,0,0,0,0,0,0,322.0841562
1237.13511,0,94.99160037,0,0,0,0,0,0,0,198.1732187
837.30006,0,0,0,0,0,0,0,0,0,0
1237.2745,0,0,0,0,133.8575196,0,0,0,0,0
1248.86211,0,0,279.2953288,0,0,0,0,0,0,0
1175.30231,0,0,0,0,0,0,0,0,0,0
929.39653,355.7450912,0,0,0,0,0,0,0,0,0
772.08317,0,0,0,101.5557813,0,0,0,0,0,0
781.10914,0,0,0,0,0,0,0,166.8592143,0,0
754.15875,0,0,0,0,193.7281467,0,0,0,328.2140229,0
1103.99163,0,119.4624233,0,0,0,0,0,0,0,0
792.99947,0,0,0,0,0,188.4192922,0,0,0,0
509.0682,0,0,0,0,0,0,0,70.74501829,0,0
794.89447,0,0,0,0,0,0,0,0,0,0
1337.69916,0,0,0,0,0,0,164.4578241,0,0,0
1365.86517,0,0,0,0,0,0,161.751344,0,0,0
971.30666,0,0,0,0,0,0,0,148.9514685,0,0
890.4114,353.9223589,0,0,0,0,0,0,0,0,0
1598.87829,0,0,0,0,0,0,0,0,0,0
767.1364,102.7072041,0,0,0,0,0,0,0,0,0
1423.24935,0,0,0,0,0,0,0,0,0,0
769.00309,0,0,0,0,0,316.6892989,0,0,0,0
764.98267,0,0,0,0,0,0,0,0,454.0626132,0
880.01626,0,0,0,0,0,0,0,0,0,107.2431484
739.18667,0,0,0,0,0,350.6677888,0,0,0,0
1333.03193,0,0,136.2779134,0,0,0,0,0,0,0
949.91444,0,0,0,0,0,0,0,134.8946301,0,0
709.17355,0,77.51917779,0,0,0,0,0,0,0,0
920.93744,0,0,116.1544597,0,0,0,0,0,0,0
1284.84289,0,0,0,0,0,0,0,0,0,0
1293.34564,0,0,0,0,0,0,0,0,303.0313067,0
708.02433,0,0,0,0,0,0,0,0,479.9070426,0
373.02761,0,0,47.83671061,0,0,0,0,0,0,0
1268.89,0,0,0,0,0,0,0,251.0936511,0,0
603.91921,0,0,0,0,157.1166341,0,0,0,260.1550329,0
1175.11335,0,0,0,0,0,0,0,0,0,0
1038.07962,0,0,0,74.64126955,0,0,0,0,0,0
822.86814,0,0,0,0,0,0,76.36815923,75.6362243,0,0
1039.41743,0,0,0,0,0,0,0,0,0,0
709.16382,0,0,0,0,0,160.9600509,0,0,0,0
1141.50604,0,0,0,0,0,0,0,0,0,0
555.16884,0,0,0,0,0,0,0,0,0,0
1465.96175,0,0,0,197.5505469,0,0,0,0,0,0
577.95639,0,0,0,0,0,0,0,0,0,0
1234.83998,0,0,0,0,0,0,0,250.0358732,0,0
982.21632,0,0,177.1123453,0,0,0,0,0,202.6051574,0
1248.87271,0,0,274.0914714,0,0,0,0,0,0,0
597.31686,375.8990597,0,0,0,0,0,0,0,0,0
397.98289,0,0,0,0,0,0,390.4082612,0,0,0
1130.10633,0,0,0,0,0,0,0,0,571.3213316,0
895.24882,0,0,273.7371148,0,0,0,0,0,0,0
1265.69014,0,0,0,0,0,0,158.3336073,0,0,0
1224.97117,0,0,0,0,0,0,389.8522779,0,0,0
1427.94896,0,0,0,0,0,0,0,0,0,74.06577344
892.05374,0,0,272.8687608,0,0,0,0,0,0,0
961.62948,0,0,272.7750108,0,0,0,0,0,0,0
1367.00552,0,0,0,0,0,0,0,151.2588632,0,0
708.09268,0,0,0,0,0,0,0,0,569.0930707,0
1143.63998,0,240.4791028,0,0,0,0,0,0,0,0
1309.6575,0,0,0,128.0149219,0,0,0,0,0,108.6607578
963.44828,0,0,0,0,0,0,0,0,0,0
981.10565,78.30867153,0,0,0,0,0,0,0,0,0
557.19374,0,0,271.6631131,0,0,0,0,0,0,0
907.10911,0,0,0,0,0,0,160.5984781,0,0,0
778.04714,0,0,0,0,0,213.8635896,0,0,0,0
1071.61673,0,172.3318156,0,0,0,0,0,0,0,0
995.974,0,0,271.3170166,0,0,0,0,0,0,0
805.91654,0,0,0,0,0,0,0,0,0,0
1256.80494,0,0,0,0,0,0,164.2786394,0,0,0
505.18288,0,0,145.5171576,0,0,0,178.7795483,0,0,0
803.11296,0,0,0,84.9084961,0,0,0,0,0,0
1057.21829,0,0,0,0,0,0,0,107.4111452,0,0
811.20136,0,0,0,0,0,0,0,0,452.345052,0
900.06626,0,0,0,0,0,0,0,179.9769457,0,0
622.8661,0,238.9499617,0,0,0,0,0,0,0,0
561.18419,0,0,0,0,0,0,0,0,0,0
951.34097,0,0,0,0,0,351.0713662,0,0,0,0
1261.95445,0,0,0,0,0,0,0,107.6067049,0,0
454.02029,0,0,107.1693929,0,0,0,0,0,0,0
644.0273,0,0,0,0,0,0,0,0,0,0
748.5354,0,135.0622963,0,0,0,0,0,0,0,0
1276.92715,0,0,0,0,0,0,0,145.4427784,0,0
1188.73468,0,97.48054067,0,0,0,0,0,0,0,0
991.03853,0,121.8308091,0,0,0,0,0,0,0,0
913.1519,0,0,0,0,0,359.9240337,0,0,0,0
995.62245,0,0,0,0,0,0,0,0,0,309.1645078
738.32813,341.6836974,0,0,0,0,0,0,0,0,0
1012.84403,0,0,0,0,0,0,0,0,0,0
1421.94294,0,0,0,0,0,0,0,0,0,0
824.85631,0,0,0,0,0,282.7800936,0,0,0,0
763.35301,0,0,0,0,0,0,0,0,0,202.8054844
410.04659,0,0,0,0,0,0,0,0,131.2412959,0
1262.77615,0,0,0,0,0,0,217.1992961,0,0,0
982.3616,0,0,117.4115804,0,0,0,0,136.5687055,0,0
394.13781,0,0,0,0,0,0,0,0,0,0
925.41187,0,0,0,0,0,225.9424857,0,0,0,0
830.10087,0,0,0,0,0,307.7196751,0,0,0,0
431.20231,0,0,0,0,0,0,0,0,0,0
1152.11319,0,0,0,0,0,0,0,108.6500692,0,0
822.02066,0,0,138.0878499,0,0,0,0,0,0,0
763.0284,0,131.6750264,0,0,0,0,167.1014271,0,0,0
610.14765,0,0,0,0,314.8376302,0,0,0,0,0
1111.08991,0,0,0,0,0,0,0,0,0,108.9170547
614.03681,0,0,163.0798069,0,0,0,0,0,0,0
694.33018,339.0248894,0,0,0,0,0,0,0,0,0
617.02827,0,0,0,0,0,0,0,0,227.2544299,0
1286.01356,0,0,0,0,0,0,0,86.96504152,0,0
1017.45305,0,0,0,0,0,192.6744063,0,0,0,0
1538.18131,0,0,0,0,186.9940321,0,0,0,0,0
442.97659,0,0,0,0,172.296441,0,0,0,0,0
394.95971,96.47250929,0,0,0,0,0,0,0,0,0
703.10517,0,0,265.7599555,0,0,0,0,0,0,0
911.10537,0,0,0,58.89759275,176.4036133,0,0,0,0,0
1143.03373,0,0,275.4667697,0,0,0,0,0,0,0
934.03289,0,0,0,0,0,0,0,0,0,0
935.30253,0,0,0,0,0,0,0,0,0,0
680.88658,0,74.42110816,0,0,0,0,106.0939048,96.85378139,0,0
1221.3544,0,0,0,0,0,0,0,0,0,0
578.0998,0,0,0,0,0,0,0,0,552.4381794,0
880.00453,0,0,0,157.3660547,0,0,0,0,0,0
590.0393,0,0,0,0,0,0,0,149.1142208,0,0
1178.99689,0,0,0,0,0,0,0,168.3790546,0,0
1299.9047,0,0,75.1432834,0,0,0,0,0,0,0
907.9746,0,0,0,0,0,0,0,0,0,0
1016.83508,0,0,0,0,0,0,0,240.1340981,0,0
570.27053,0,0,0,0,0,193.4996659,0,0,0,0
1026.27024,0,232.4968846,0,0,0,0,0,0,0,0
582.04394,0,0,0,0,0,0,0,0,0,0
523.15806,0,0,0,0,0,0,0,78.12557481,0,0
588.8916,0,0,0,0,0,0,0,102.8255291,0,0
695.56963,0,232.326088,0,0,0,0,0,0,0,0
1178.76551,0,0,101.7139553,0,0,0,0,0,0,0
384.01929,334.7933144,0,0,0,0,0,0,0,0,0
963.0546,0,0,0,0,0,0,207.4791345,0,0,0
557.35261,0,0,110.1400689,0,0,0,0,0,0,0
1115.03983,0,0,262.2265625,0,0,0,0,0,0,0
845.42766,0,0,0,0,0,413.5713791,0,0,0,0
1111.1047,0,155.891356,0,0,0,0,0,0,0,0
1598.94328,0,0,148.3342014,0,0,0,0,0,0,0
454.08298,0,0,0,0,0,0,0,0,0,0
1255.10056,243.0187881,0,0,0,0,0,0,0,0,0
1166.06471,0,0,106.0554199,0,0,0,0,141.4573094,0,0
1007.5262,0,0,0,0,0,0,0,112.2149797,0,159.1014687
577.27802,188.3191199,0,0,0,0,0,0,0,0,0
1521.83136,0,0,0,0,0,0,0,237.7636719,0,0
1019.033,0,0,0,0,0,0,218.4438815,0,0,0
1099.07498,0,0,0,0,0,0,0,0,206.5842109,0
673.09234,0,0,0,0,0,169.7029451,0,0,0,0
441.12158,0,0,0,0,0,0,0,0,0,0
666.09132,0,0,0,187.3380078,0,0,0,0,0,0
1146.01357,0,0,115.9924859,0,0,0,0,0,0,0
1442.35592,0,0,0,0,234.2857204,0,0,0,0,0
1291.05463,0,0,259.660536,0,0,0,0,0,0,0
1437.81079,0,0,0,186.7888672,0,0,0,0,0,0
1187.53061,0,0,0,0,0,0,0,0,0,0
606.88686,0,0,0,0,0,0,0,0,0,0
546.83436,0,0,0,0,0,0,0,0,540.3853035,0
929.04061,0,0,0,0,0,0,0,0,0,0
961.92624,0,0,0,0,0,0,0,107.9368448,0,0
531.99442,148.1983545,0,0,0,0,156.0327149,0,0,0,0
1142.98485,0,227.9905699,0,0,0,0,0,0,0,0
1238.79782,0,0,0,0,0,0,160.8447362,0,0,0
1452.8711,0,0,0,89.589834,0,0,0,121.5713138,0,0
505.19684,0,0,134.8306071,0,0,0,175.343634,0,0,0
1620.88043,0,0,122.1066894,0,0,0,0,123.1240605,0,0
488.95861,0,0,0,0,0,0,366.6443959,0,0,0
900.21503,0,0,0,0,0,0,0,0,536.5921649,0
1094.06036,0,0,0,0,0,0,0,0,0,0
1373.16067,0,89.44107074,0,0,0,0,158.821086,0,0,0
1283.94422,0,108.5079922,0,0,0,0,191.3164836,0,0,0
970.99143,0,0,0,0,0,0,0,234.1429737,0,0
1232.30529,0,0,0,0,0,0,0,0,0,0
1313.8981,0,0,0,0,0,0,0,113.8459504,0,0
1485.78498,325.8878941,0,0,0,0,0,0,0,0,0
987.12452,0,0,0,0,0,0,0,104.5288766,0,0
1042.02549,0,0,131.5021159,0,0,0,0,113.1092266,0,0
1559.34651,0,0,0,0,153.3465278,0,0,0,0,0
719.09019,0,0,0,0,195.1914497,0,0,0,0,0
566.39783,144.0155386,0,0,0,0,268.8899312,0,0,0,0
864.07661,0,92.31861699,0,0,0,0,0,137.0688785,0,0
426.24104,0,103.1462687,0,0,0,261.426912,0,0,0,0
1413.26361,0,0,0,0,233.0391059,0,0,0,0,0
841.32198,0,0,0,0,0,482.6152343,0,0,0,0
543.31105,0,0,0,0,0,0,0,0,0,0
608.14923,0,0,167.3837077,0,0,0,0,0,181.5340381,0
1266.71079,0,83.29935534,0,0,0,302.3829411,0,0,0,0
739.24588,0,0,0,0,0,0,0,0,0,0
1293.66344,0,0,0,0,0,309.9402755,128.3511564,0,0,0
1045.11105,0,0,145.6690538,0,0,0,0,0,0,0
1377.76549,0,0,0,106.0995215,0,0,0,0,0,122.077375
476.96882,129.0930068,0,0,0,0,0,0,0,0,0
1373.10588,0,0,252.706136,0,0,0,0,0,0,0
969.03121,0,0,0,0,0,119.5306461,0,0,0,0
982.10605,0,127.9976394,0,0,0,0,0,0,0,0
487.09109,0,0,0,144.3000293,0,0,0,0,0,0
755.46584,146.5663889,0,0,0,0,0,0,0,0,0
1070.35885,0,0,0,181.4236133,0,0,0,0,0,0
661.1916,0,0,0,0,0,0,0,0,338.2689935,0
434.15285,0,0,0,0,0,0,0,0,0,0
581.2936,120.2602236,0,0,0,0,0,0,0,0,0
544.29268,0,0,0,0,402.3943577,0,0,0,0,0
567.06854,0,0,0,0,0,0,0,0,0,0
875.44982,0,0,140.5678847,0,0,0,0,0,0,127.5768282
635.88712,0,0,0,0,0,0,358.1043085,0,0,0
1171.56071,85.91245506,0,0,0,0,0,0,0,0,0
1026.13672,0,0,0,0,0,0,0,0,0,0
642.89119,0,0,0,0,0,0,0,0,0,0
1191.06622,69.14613004,0,0,0,0,0,0,0,0,0
409.15985,0,0,0,0,0,0,0,0,0,0
935.30147,0,0,250.661594,0,0,0,0,0,0,0
830.94602,0,0,213.7982992,0,0,0,0,0,0,0
552.92658,0,0,250.6357693,0,0,0,0,0,0,0
1070.26548,0,0,0,0,0,0,0,0,233.8290591,0
1256.80946,0,0,82.9876709,53.62191405,0,0,0,0,0,0
1317.9865,0,0,0,0,0,0,0,84.1480481,0,0
769.94899,0,111.1622891,0,0,0,0,0,113.4388351,0,0
769.90212,0,221.032568,0,0,0,0,0,0,0,0
551.22067,0,0,0,0,303.0203559,0,0,0,0,0
1265.67353,0,128.2833948,0,0,0,0,149.3441464,0,0,0
959.86453,0,0,0,0,0,343.7722554,97.64303256,0,0,0
577.31305,0,0,0,0,0,155.2198037,0,0,0,0
878.03336,0,0,249.4998372,0,0,0,0,0,0,0
929.06115,0,0,0,0,0,0,0,0,0,0
871.39158,148.1527586,0,0,0,0,0,0,0,0,0
1236.02948,0,0,0,0,0,0,0,0,0,0
543.05237,0,0,0,0,258.6473524,0,0,0,0,0
1372.97508,0,0,249.0879992,0,0,0,0,0,0,0
761.00798,0,0,0,0,0,0,0,0,0,0
612.92364,0,0,0,0,0,0,0,0,278.0025758,0
823.2922,0,0,183.2963596,0,0,0,0,0,0,0
875.19818,0,0,0,0,0,0,0,0,0,140.0331718
931.33055,0,0,0,0,0,137.649247,0,0,0,0
738.40021,315.5973797,0,0,0,0,0,0,0,0,0
1634.39794,0,0,0,0,226.6738716,0,0,0,221.0571077,0
1065.67041,0,0,0,0,0,0,0,225.5699911,0,0
939.12127,0,0,0,93.55597655,0,0,0,0,0,0
810.74422,0,0,0,0,0,0,0,0,0,284.9855
1057.33499,0,0,0,0,0,0,0,0,0,0
399.02544,0,0,0,0,0,0,68.13416615,0,0,0
1022.69242,0,0,0,0,0,0,0,0,0,0
875.32562,0,0,0,0,395.084592,0,0,0,0,0
661.99112,0,0,0,0,0,0,0,0,0,0
1423.39571,0,0,0,0,0,0,0,0,514.8028193,0
879.13657,0,0,0,92.52536135,0,0,0,0,0,0
995.97044,0,0,0,0,0,0,350.981339,0,0,0
680.84902,0,0,133.078342,0,0,0,0,0,0,0
1637.43296,0,0,0,0,393.4647569,0,0,0,0,0
428.12207,0,0,0,94.3592285,0,0,0,0,0,0
1009.64057,223.6350422,0,0,0,0,0,100.1838064,0,0,0
523.9546,0,0,0,0,0,0,0,0,0,0
1047.51365,123.9038735,0,0,0,0,0,0,0,0,0
1286.92491,0,0,0,0,0,0,0,0,0,0
407.0059,0,0,0,0,0,0,82.5151899,89.57444127,0,0
1431.95537,0,0,0,176.7568555,0,0,0,0,0,0
1139.59316,137.2478135,121.4841713,0,0,0,0,0,0,0,0
887.23824,0,0,103.2681071,0,0,0,0,0,0,0
597.179,0,0,0,0,0,0,0,0,0,0
1004.03597,0,0,0,0,0,0,0,111.7256972,0,0
1259.41494,0,0,0,0,0,0,0,0,0,0
1359.82165,0,0,0,0,0,0,218.2736502,0,0,0
1327.89611,0,0,0,0,0,0,348.6868425,0,0,0
1173.85141,0,0,107.6716444,0,0,0,0,0,0,0
899.38661,184.4044179,0,0,0,0,0,0,0,0,0
480.10942,0,101.2400666,0,0,0,0,0,0,0,0
1049.07902,0,0,0,42.66119629,0,0,0,0,0,0
715.95018,0,0,0,0,0,0,0,0,0,0
1216.66772,0,0,0,0,0,0,0,0,0,0
798.04382,0,0,0,0,0,0,117.0251489,0,0,0
1057.7342,0,0,0,0,0,0,0,89.33155532,0,0
1114.1316,0,0,0,0,0,0,0,0,0,104.6061562
845.2543,0,0,0,0,0,0,0,0,0,0
895.28276,0,0,0,0,0,459.1110197,0,0,0,0
678.60956,0,0,241.8397081,0,0,0,0,0,0,0
1288.14045,212.9883504,0,0,0,0,0,0,0,0,0
1124.03927,0,0,0,0,0,0,0,0,0,0
493.03772,0,83.36700779,0,0,0,0,0,0,0,0
568.03758,0,213.2066478,0,0,0,0,0,0,0,0
737.24438,0,0,0,0,0,0,0,0,288.3189822,0
1302.88037,0,0,0,0,0,0,0,219.879648,0,0
895.22715,0,0,241.251709,0,0,0,0,0,0,0
1005.00279,0,0,174.4533013,0,0,0,0,0,0,0
1451.32317,0,0,0,0,0,0,0,0,0,0
1270.95011,0,0,0,0,0,0,0,105.7745377,0,0
1422.8897,0,134.2184744,0,0,0,0,0,0,0,0
823.394,0,0,0,0,0,0,0,0,205.1692849,0
1178.01968,306.8947733,0,0,0,0,0,0,0,0,0
879.21682,0,124.2196846,0,0,0,0,0,0,0,0
1065.116,0,0,0,0,0,0,0,0,0,276.7195313
1065.69496,0,0,0,0,0,0,342.470181,0,0,0
824.99189,0,0,0,0,0,0,176.8119972,0,0,0
837.23949,0,0,0,0,0,0,0,0,303.9471241,0
708.04181,0,0,0,172.8431641,0,0,0,0,0,0
919.13648,0,0,125.8513048,0,0,0,0,0,0,0
1673.10793,0,100.943659,0,0,0,0,0,0,0,0
633.06093,0,0,0,0,0,0,0,0,0,111.8499531
1072.1534,305.0260993,0,0,0,0,0,0,0,0,0
982.20422,0,0,0,0,0,0,341.2543414,0,0,0
1109.08652,0,42.83493098,0,0,0,0,0,0,0,0
919.17286,0,131.3237634,0,0,0,0,0,0,0,0
1067.30617,0,0,0,0,462.0217448,0,0,0,0,0
766.53211,0,0,0,0,0,0,0,0,0,0
460.87916,0,0,239.2412381,0,0,0,0,0,0,0
994.02933,0,211.2871693,0,0,0,0,0,0,0,0
1061.35095,0,0,0,0,0,0,0,0,0,0
392.075,0,0,110.9413317,0,0,0,0,0,0,0
421.19972,0,0,0,0,0,0,0,0,0,0
611.00923,0,0,0,0,0,0,255.1136294,0,0,0
660.88134,0,114.1285228,109.2048747,0,0,0,0,0,0,0
968.97468,0,0,0,0,0,0,0,0,0,0
783.6275,0,209.726922,0,0,0,0,0,0,0,0
1588.90017,0,0,237.0695801,0,0,0,0,0,0,0
392.07857,0,0,0,0,0,0,0,0,0,0
565.2692,0,0,0,0,0,0,0,0,0,0
1418.86948,0,0,236.9095052,0,0,0,0,0,0,0
1086.13686,107.6852963,0,0,0,0,0,0,0,0,0
577.25042,0,0,0,0,0,0,337.0544554,0,0,0
919.09434,0,97.2492511,0,0,0,0,0,0,0,0
1073.27755,0,0,0,0,377.9442709,0,0,0,0,0
457.34525,0,208.6710842,0,0,0,0,0,0,0,0
965.63212,0,0,0,0,0,0,0,215.2285404,0,0
1059.17747,0,0,236.0603841,0,0,0,0,0,0,0
441.08646,0,0,87.38941111,0,0,0,0,135.2988034,0,0
1319.87172,0,0,0,0,0,0,0,0,0,0
1018.95934,0,0,0,0,0,0,0,0,0,0
1366.88439,0,0,0,0,0,0,0,94.75174918,0,0
1334.80765,0,0,164.6830376,0,0,0,0,0,0,0
488.19047,0,0,163.1844347,0,0,0,0,0,0,0
1379.73906,224.1551611,52.67471482,0,0,0,0,0,0,0,0
1117.63907,0,0,0,0,0,0,0,126.631119,0,0
1482.94038,0,0,102.0658908,0,0,0,0,121.4833861,0,0
499.20366,109.8697628,0,0,0,0,192.4538446,0,0,0,0
887.60154,0,0,0,0,0,153.8187705,0,0,0,0
1247.98837,0,0,0,0,0,0,0,100.0860735,0,0
650.32671,299.6241012,0,0,0,0,0,0,0,0,0
625.14974,0,97.27053779,0,0,0,0,0,0,0,0
990.02766,0,0,234.9927572,0,0,0,0,0,0,0
969.479,0,0,0,0,0,228.5170899,0,0,0,0
626.02735,0,0,0,0,0,0,156.9246017,0,0,0
1178.78147,0,0,0,0,0,0,0,0,0,151.6611406
945.36254,0,0,0,0,0,0,0,0,0,0
1110.75527,0,0,0,0,0,444.4180716,0,0,0,0
1158.82456,0,0,0,0,0,0,0,213.6543216,0,0
889.02003,0,0,0,0,0,443.5644532,0,0,0,0
1196.85952,0,0,0,0,0,0,0,104.3215981,0,0
1217.64866,0,0,0,0,0,0,333.6301439,0,0,0
489.13011,130.7542088,0,0,0,0,0,0,0,0,0
765.11588,0,0,0,0,0,0,0,0,0,0
963.46721,0,0,0,0,0,442.7206004,0,0,0,0
489.21897,0,0,0,0,0,0,0,0,189.7652145,0
1292.98118,0,0,54.47347683,0,0,0,0,0,0,0
533.13869,296.860101,0,0,0,0,0,0,0,0,0
428.17413,0,0,0,0,0,351.4910567,0,0,0,0
516.95237,0,0,0,83.787666,0,0,0,0,0,0
406.93028,0,0,145.9027099,0,0,0,0,0,0,0
708.08688,0,0,0,0,0,0,0,0,0,0
875.30613,0,0,158.0171576,0,0,0,0,0,0,0
1277.04641,0,0,0,0,0,0,330.4369585,0,0,0
626.12736,0,0,0,0,0,0,0,0,0,0
519.0549,0,0,0,0,0,0,0,0,0,76.3975625
1408.84488,0,0,0,88.61603515,0,0,0,98.86266316,0,0
1671.44772,0,0,0,0,221.9192708,0,0,0,0,0
703.14779,0,0,0,0,278.6257596,0,0,0,0,0
884.04001,173.9142872,0,0,0,0,0,0,0,0,0
1097.65475,294.3816372,0,0,0,0,0,0,0,0,0
897.29165,0,0,0,0,175.1468859,0,0,0,0,0
1350.79,0,0,102.3395115,0,0,0,0,0,0,0
1203.67223,0,200.144076,0,0,0,0,0,0,0,0
531.99463,304.2082238,0,0,0,0,0,0,0,0,0
1019.09744,0,0,0,0,0,0,0,0,0,68.96882813
840.12142,0,0,230.7294379,0,0,0,0,0,0,0
784.05134,177.0859375,0,0,0,0,0,0,0,0,0
581.27817,127.7621854,0,0,0,0,0,0,0,0,0
1429.97733,0,0,0,0,0,0,0,210.0548606,0,0
1231.27409,0,0,0,0,0,0,0,0,480.7030117,0
1318.90958,0,0,0,0,0,0,0,175.819954,0,0
415.13693,0,0,0,0,0,0,202.8218595,0,0,0
1299.09979,0,0,143.6730686,0,0,0,0,0,0,0
1001.22189,0,0,0,0,251.3491753,0,0,0,0,0
1026.39622,0,203.0157448,0,0,0,0,0,0,0,0
794.913,0,89.84135356,0,0,0,0,0,0,0,0
963.41883,0,0,0,0,0,0,0,0,0,0
1265.86147,0,0,0,0,0,0,340.0675665,0,0,0
1587.16316,0,0,0,0,0,0,0,0,0,0
875.26527,0,0,0,0,366.7486979,0,0,0,0,0
385.16855,291.8928374,0,0,0,0,0,0,0,0,0
1276.69247,291.8670838,0,0,0,0,0,0,0,0,0
929.43749,0,0,0,0,0,0,0,0,0,0
1092.03001,0,0,137.8771701,0,0,0,0,0,0,0
1401.11089,0,0,0,0,0,0,0,208.4294403,0,0
799.2265,0,0,0,0,0,159.5816586,0,0,0,0
990.05213,0,0,0,0,0,0,0,208.1886373,0,0
1015.71878,102.2203834,130.9109231,0,0,0,0,0,0,0,0
1174.85119,0,0,0,0,0,0,0,147.4792326,0,0
373.97976,0,144.7698069,0,0,0,0,0,0,0,0
762.07543,0,0,0,51.1718408,0,0,0,0,0,0
976.0886,0,99.12501196,0,0,0,0,0,0,0,0
674.94225,0,0,0,0,226.8546658,0,0,0,180.1013501,0
975.19819,0,0,0,0,0,0,0,207.576963,0,0
1415.88165,0,0,0,0,0,0,0,0,0,262.1472813
871.30911,241.2763931,0,0,0,0,0,0,0,0,0
401.14952,0,0,0,0,0,0,0,0,0,0
564.04558,0,0,0,0,0,0,0,0,474.24833,0
909.18865,0,0,0,0,0,0,0,0,0,0
1278.34123,0,0,0,0,169.1391601,0,0,0,0,0
372.01048,0,0,0,0,0,0,323.4482905,0,0,0
1475.91303,0,0,0,0,0,0,0,206.6149624,0,0
1649.46538,0,0,0,0,115.6600911,0,0,0,0,0
1102.02461,288.654245,0,0,0,0,0,0,0,0,0
907.16594,0,0,0,0,0,0,0,0,0,0
1598.97363,0,0,0,0,0,0,0,206.0135853,0,0
672.60454,0,0,225.9532606,0,0,0,0,0,0,0
929.13014,0,131.4068371,0,0,0,0,0,0,0,0
410.00845,0,199.4606379,0,0,0,0,0,0,0,0
608.10785,0,0,0,0,0,0,0,0,0,75.93932813
1112.11449,0,0,0,87.513584,0,0,147.7305557,0,0,0
1587.10723,0,0,0,0,360.2064453,0,0,0,0,0
1072.05643,0,0,160.0819499,0,0,0,0,0,0,0
666.15905,0,0,0,0,0,0,0,0,0,0
1423.13288,0,0,0,161.9748926,0,0,0,0,0,0
917.3259,0,0,120.1464979,0,0,0,0,0,0,0
643.16709,0,0,0,53.37300295,0,0,0,0,0,0
680.04449,0,0,0,95.20442385,0,0,0,0,0,106.0994062
1129.62344,0,0,0,0,0,424.6978567,0,0,0,0
953.16656,0,0,0,0,0,0,0,100.0602996,0,0
919.289,0,0,0,0,0,0,0,0,0,0
774.1006,0,0,0,82.97569335,0,0,0,0,0,0
863.28341,0,0,0,0,0,0,0,0,0,0
583.25791,0,0,0,0,0,381.2084447,0,0,0,0
558.20713,0,0,128.8419867,0,0,0,0,85.67366741,0,0
1321.12044,0,0,0,0,0,0,0,97.30819203,0,0
709.16862,0,86.52153233,0,0,0,0,0,0,0,0
1067.51711,0,0,222.5793864,0,0,0,0,0,0,0
951.1424,0,0,0,101.0975782,0,0,0,0,0,0
1159.00811,0,51.33119248,0,0,0,0,0,0,0,0
1405.75187,283.1481955,0,0,0,0,0,0,0,0,0
659.45287,282.9566165,0,0,0,0,0,0,0,0,0
1071.59592,0,0,0,0,0,420.6692537,0,0,0,0
438.0923,0,0,0,70.42398925,0,0,0,0,0,142.5192813
919.56988,0,0,0,0,0,0,0,0,0,0
962.91719,0,0,0,0,0,0,0,0,0,0
1553.1226,0,0,0,0,0,0,0,201.2585913,0,0
955.02006,0,0,0,0,0,0,0,0,0,0
586.99776,0,0,0,0,0,0,0,0,460.1709126,0
1095.53054,68.52793142,0,0,0,0,0,0,0,0,0
1225.15827,0,0,220.1130439,0,0,0,0,0,0,0
1510.16265,0,0,0,74.23615235,0,0,0,0,0,134.5565782
1299.85978,0,0,0,0,0,0,0,0,0,0
1018.66728,0,0,0,0,0,0,0,0,0,0
1176.23733,0,0,0,0,351.5970269,0,0,0,0,0
976.08791,0,0,0,0,0,0,0,0,216.6283543,0
1264.87332,0,0,0,0,0,0,0,0,0,0
1029.30459,0,0,0,0,0,0,0,199.8745921,0,0
889.29671,0,0,0,0,0,0,0,0,0,0
1128.96313,0,0,0,0,0,0,0,199.5985216,0,0
1595.06658,0,0,0,0,0,0,0,199.3494982,0,0
763.31637,0,0,0,0,0,414.3023489,0,0,0,0
912.59483,278.262704,0,0,0,0,0,0,0,0,0
1094.02956,0,0,0,0,0,0,0,136.4519506,0,0
1283.94849,0,0,129.5998128,0,0,0,0,80.63933943,0,0
551.35234,0,0,0,0,0,260.5332803,0,0,0,0
913.1248,0,0,0,46.30873047,0,0,0,0,0,0
734.92518,0,0,217.6934951,0,0,0,0,0,0,0
979.07987,0,0,0,0,0,0,143.1993057,0,0,0
827.21247,112.4449927,0,0,0,0,0,0,0,0,0
1234.91633,0,0,0,0,0,0,0,0,0,0
1065.60754,0,192.1851874,0,0,0,0,0,0,0,0
921.15759,0,0,112.5538873,0,0,0,0,0,0,0
923.12074,0,0,0,0,208.8100478,0,0,0,0,0
873.11973,0,0,0,0,0,0,0,0,0,117.6378047
1065.58149,0,0,0,0,0,346.8160979,0,0,0,0
712.05403,0,0,0,0,0,410.4321032,0,0,0,0
1479.31703,0,0,0,0,220.4383247,0,0,0,0,0
1488.99778,0,0,0,0,0,0,0,0,0,0
1151.0349,0,0,0,0,0,0,0,0,0,0
531.37022,0,0,0,0,0,0,0,95.53519949,0,0
562.25023,0,0,57.95191786,0,0,0,0,0,0,0
1049.9881,0,190.3563674,0,0,0,0,0,0,0,0
694.08673,0,0,0,0,0,0,0,0,418.5818614,0
725.36815,0,0,0,0,0,0,0,77.14301076,0,0
1247.10612,0,0,0,0,0,204.1174574,0,0,0,0
557.18583,0,0,0,0,0,0,0,0,448.9338768,0
1181.77462,0,88.45594687,0,0,0,0,0,0,0,0
1237.14414,0,100.3617655,0,0,0,0,0,0,0,0
905.11188,0,0,0,82.00416015,0,0,0,0,0,0
1388.78777,0,0,53.24649387,0,0,0,0,0,0,0
646.98152,139.1961767,0,0,0,0,0,0,0,0,0
845.3827,0,0,0,0,0,0,0,0,0,0
1211.96067,0,0,213.8771091,0,0,0,0,0,0,0
1265.86385,0,190.0326879,0,0,0,0,0,0,0,0
960.94509,0,188.7113569,0,0,0,0,0,0,0,0
962.92091,0,0,0,0,0,0,159.4605218,0,0,0
837.18245,0,0,0,0,0,0,0,0,0,0
885.32098,271.9098797,0,0,0,0,0,0,0,0,0
1242.00218,0,0,0,0,0,0,303.9563157,0,0,0
1069.10972,0,0,0,90.10064455,0,0,0,0,0,0
1070.32037,0,0,0,0,340.4071398,0,0,0,0,0
729.96826,0,0,0,0,0,0,0,0,443.714957,0
1219.1384,0,0,0,0,0,0,0,102.3650613,0,0
1196.02389,0,0,0,0,0,0,0,193.5924891,0,0
900.37438,0,0,0,0,0,0,0,0,0,0
441.01999,0,0,0,0,0,0,0,0,0,0
610.03682,0,0,0,0,0,0,0,0,0,0
1247.62618,270.0529418,0,0,0,0,0,0,0,0,0
1645.17005,0,0,0,93.53851565,0,0,0,0,0,94.4507344
1057.25758,0,0,0,0,0,0,0,0,0,0
1465.98008,0,0,0,152.4401367,0,0,0,0,0,0
533.15963,270.2645015,0,0,0,0,0,0,0,0,0
1225.07754,0,0,0,0,0,0,0,96.41848177,0,0
885.38903,269.3218162,0,0,0,0,0,0,0,0,0
582.04289,0,0,0,0,0,0,0,0,0,0
768.07894,0,0,0,0,0,0,0,0,179.7628368,0
990.03186,0,186.5128331,0,0,0,0,0,0,0,0
1061.38413,0,0,0,0,337.5528863,0,0,0,0,0
1035.67082,0,0,0,0,96.3234158,0,0,0,0,0
1277.76962,0,0,0,121.1543946,0,0,0,0,0,0
769.06293,0,0,101.8204413,0,0,0,0,0,0,0
1073.24948,0,0,0,0,336.6767361,0,0,0,0,0
1116.65216,268.0996612,0,0,0,0,0,0,0,0,0
935.96195,0,0,0,0,0,0,0,0,0,0
1191.09054,0,0,0,0,0,0,0,128.432849,0,0
1422.80819,0,0,0,151.0386035,0,0,0,0,0,0
948.02554,0,0,209.743259,0,0,0,0,0,0,0
735.01263,0,185.2917345,0,0,0,0,0,0,0,0
847.18508,0,0,0,0,0,0,0,170.8243671,0,0
869.27451,0,0,0,0,335.4863281,0,0,0,0,0
713.48883,0,113.4108872,0,0,0,0,0,0,0,0
841.63522,0,0,0,0,0,131.3231137,0,0,0,0
900.29697,0,0,0,0,0,0,0,0,0,0
1333.06849,0,0,146.5509711,0,0,0,0,0,0,0
387.12334,0,0,0,0,0,0,0,137.4188341,0,0
971.19357,0,0,209.173706,0,0,0,0,0,0,0
1289.87968,266.4969148,0,0,0,0,0,0,0,0,0
589.98006,0,0,0,0,0,396.2035105,0,0,0,0
1045.12587,0,0,0,0,0,0,149.0393429,0,0,0
1276.05241,0,0,0,0,0,0,0,0,0,0
814.74452,0,0,0,0,334.3773871,0,0,0,0,0
1136.96199,0,0,0,0,0,395.6842876,0,0,0,0
932.99571,0,0,0,0,0,0,0,0,0,0
840.0851,0,0,0,0,0,0,0,189.9811486,0,0
703.05917,140.7401048,0,0,0,0,0,0,0,0,0
1320.73229,0,0,0,0,0,0,0,189.7433001,0,0
892.02226,0,0,0,0,0,0,0,189.7360685,0,0
900.30984,0,183.7908119,0,0,0,0,0,0,0,0
1582.94125,0,0,0,0,0,0,0,0,0,0
613.40705,0,0,0,0,0,0,0,0,0,0
541.00525,0,0,0,0,0,0,0,127.6543463,0,0
1374.15247,0,0,0,149.378418,0,0,0,0,0,0
1158.80478,0,0,0,0,0,0,0,189.0598423,0,0
881.20468,0,0,116.8371311,0,0,0,0,0,0,0
845.17416,0,0,0,0,0,0,0,0,0,0
889.21114,0,0,0,0,0,0,0,188.9240012,0,0
1244.05439,0,0,0,0,331.5144966,0,0,0,0,0
460.00548,0,0,0,0,0,0,0,102.4387423,0,0
1333.03902,0,0,0,0,0,0,0,0,0,0
1809.18304,0,0,0,149.0639063,0,0,0,0,0,0
580.34921,0,0,0,0,0,0,0,0,0,0
1143.45141,263.7686152,0,0,0,0,0,0,0,0,0
994.02697,0,0,206.8290338,0,0,0,0,0,0,0
441.14576,0,0,0,0,0,0,0,0,0,125.5616641
966.1176,0,158.4662577,0,0,0,0,0,0,0,0
1510.91104,0,0,0,0,0,0,0,128.8155657,0,0
759.08051,0,0,0,77.75418945,0,0,0,0,0,0
579.02341,0,0,0,0,329.8806858,0,0,0,0,0
1008.12563,0,0,0,0,0,0,0,0,0,237.3157422
1217.7388,0,0,0,148.2585938,0,0,0,0,0,0
1571.078,0,0,90.2773234,0,0,0,0,105.3537258,0,0
1027.51562,262.2755116,0,0,0,0,0,0,0,0,0
1158.81418,0,0,205.7770725,0,0,0,0,0,0,0
674.00573,0,0,0,0,154.7359809,0,0,0,0,0
1204.64541,0,181.4930862,0,0,0,0,0,0,0,0
900.16529,0,0,0,0,328.4360677,0,0,0,0,0
1097.53948,261.4556485,0,0,0,0,0,0,0,0,0
603.9113,0,101.3582606,0,0,0,0,128.6630376,0,0,0
1099.46404,261.1465881,0,0,0,0,0,0,0,0,0
995.51271,0,0,0,0,0,274.6463301,0,0,0,0
561.18423,0,0,0,0,0,0,0,90.9259481,0,0
1673.15456,0,0,204.6206462,0,0,0,0,0,0,0
892.08565,0,0,204.5258518,0,0,0,0,0,0,0
1337.88392,260.5801387,0,0,0,0,0,0,0,0,0
646.96418,0,0,0,0,0,0,0,0,0,0
1319.83745,0,180.5393261,0,0,0,0,0,0,0,0
900.25857,0,0,0,0,0,0,0,0,0,0
447.0437,0,0,0,82.78219725,0,0,0,81.28121911,0,0
1588.33808,0,0,0,0,0,0,0,0,0,0
587.90683,0,0,0,0,0,0,0,0,0,0
1129.91783,0,0,0,0,0,0,0,138.546022,0,0
760.41633,0,0,0,0,0,0,0,185.7466871,0,0
1189.68304,0,0,0,0,0,0,0,0,0,0
1113.77846,0,0,0,0,0,385.9606291,0,0,0,0
875.42409,96.02125965,0,0,0,0,0,0,0,0,0
820.50809,0,0,0,0,0,385.7425472,0,0,0,0
1505.86175,0,0,0,0,0,0,0,40.44323576,0,0
1026.28992,259.2791932,0,0,0,0,0,0,0,0,0
497.05758,0,0,0,0,153.5385633,0,0,0,0,0
392.18989,0,0,203.3256972,0,0,0,0,0,0,0
1425.03387,0,98.86616902,0,0,0,173.200825,0,0,0,0
667.54605,0,179.6155818,0,0,0,0,0,0,0,0
947.18203,0,0,0,0,0,0,192.5932859,0,0,0
1196.81853,0,0,0,0,0,0,0,171.1422567,0,0
1026.34651,0,0,0,0,0,0,0,0,422.3185858,0
1051.97252,0,0,0,0,0,0,0,184.3263944,0,0
1025.32096,257.718171,0,0,0,0,0,0,0,0,0
925.34627,0,0,202.2032606,0,0,0,0,0,0,0
1173.09531,0,0,111.6187948,0,0,0,0,0,0,0
512.20493,0,0,202.024075,0,0,0,0,0,0,0
850.04989,0,0,0,0,0,0,0,184.0784341,0,0
940.04175,0,0,0,0,0,0,0,184.0194694,0,0
1261.8074,0,0,0,0,0,0,0,71.63846791,0,0
401.14948,0,0,0,0,0,0,0,0,0,0
1042.00597,0,177.7443923,0,0,0,0,0,0,0,0
1354.76313,0,0,0,0,0,0,286.7798963,0,0,0
1615.37096,0,0,0,0,0,0,0,0,0,0
686.44089,0,0,0,0,0,0,0,0,0,0
384.06941,0,0,0,0,0,0,0,0,162.7215241,0
1354.70131,255.7282045,0,0,0,0,0,0,0,0,0
444.07749,0,0,0,0,0,0,0,60.82936734,0,0
893.22401,0,0,200.2829997,0,0,0,0,0,0,0
1265.89915,0,176.8130991,0,0,0,0,0,0,0,0
1161.68202,0,0,0,0,0,0,0,0,0,0
837.49959,254.9199824,0,0,0,0,0,0,0,0,0
1253.95662,0,0,0,0,0,0,284.9727336,0,0,0
603.25539,0,0,0,0,0,0,0,0,260.8924367,0
1095.48279,0,0,0,0,319.6685981,0,0,0,0,0
374.0483,0,0,90.47137451,0,0,0,0,0,0,0
544.93538,0,0,0,0,0,0,0,181.6776849,0,0
931.47332,125.7071004,0,0,0,0,190.5771228,0,0,0,0
882.00937,0,0,0,0,173.8025066,0,0,0,0,0
542.71084,0,0,0,0,0,0,0,0,415.3987772,0
1093.97349,0,0,145.9152154,0,0,0,0,0,0,0
1237.78318,0,0,0,0,0,0,0,0,0,0
518.07798,0,0,198.8968371,0,0,0,0,0,0,0
1629.19748,0,0,0,62.16322755,0,0,0,0,0,0
1401.11971,0,0,0,0,0,0,283.3879563,0,0,0
486.96111,0,0,0,0,0,0,0,0,0,0
540.26548,0,0,0,0,0,0,0,145.8829114,0,0
766.90009,0,59.51105972,0,0,0,0,0,0,0,0
757.55464,0,0,0,0,0,449.2472759,0,0,0,0
434.0067,0,0,0,0,155.836046,0,0,0,0,116.5258906
1194.02235,0,0,198.1321208,0,0,0,0,0,0,0
474.24567,0,0,0,0,101.4612847,0,0,0,0,0
533.19797,0,0,0,0,0,0,0,0,0,0
976.10171,0,0,0,0,0,0,0,0,0,0
1431.06544,0,0,0,0,0,372.9985351,0,0,0,0
1018.28216,0,0,0,0,0,0,0,0,410.6300386,0
781.9528,0,173.7856355,0,0,0,0,0,0,0,0
397.19839,0,0,0,0,0,0,0,0,0,0
939.34404,249.8633677,0,0,0,0,0,0,0,0,0
497.00576,0,0,0,0,0,0,0,0,0,0
1421.79851,0,0,0,141.0013477,0,0,0,0,0,0
542.03743,0,0,0,0,0,0,0,178.2469591,0,0
977.23576,0,0,186.2242296,0,0,0,0,0,0,0
575.12572,0,172.6421108,0,0,0,0,0,0,0,0
1123.10078,0,0,0,56.92182615,0,0,0,0,0,0
902.97091,0,118.3742091,0,0,0,0,0,0,0,0
729.98127,230.5321142,0,0,0,0,0,0,0,0,0
780.10826,0,0,194.8863526,0,0,0,0,0,0,0
949.59434,0,0,0,0,0,159.2856445,0,0,0,0
1060.11505,0,0,0,0,0,0,0,0,406.5490546,0
1022.98273,0,0,194.7346869,0,0,0,0,0,0,0
827.17655,0,0,0,0,0,0,0,0,0,0
760.13779,0,0,0,0,0,0,0,0,0,0
1643.39229,0,0,0,0,311.3886719,0,0,0,0,0
673.05676,0,0,0,0,0,0,0,0,0,0
1203.72055,247.6082342,0,0,0,0,0,0,0,0,0
682.33517,0,0,0,0,0,0,0,0,0,0
748.57782,0,0,193.8030056,0,0,0,0,0,0,0
641.00437,0,171.2038799,0,0,0,0,0,0,0,0
1085.74549,0,73.88150043,0,0,0,0,0,0,0,0
955.02757,0,0,185.5659451,0,0,0,0,0,0,0
541.94858,0,0,0,0,0,0,0,0,0,0
617.40506,246.4885405,0,0,0,0,0,0,0,0,0
1674.14073,0,170.8215347,0,0,0,0,0,0,0,0
1260.97128,0,120.7793209,0,0,0,0,0,0,0,0
989.21764,0,0,0,0,0,0,0,0,0,0
770.92089,0,0,0,0,0,0,0,0,130.7858498,0
1645.11113,0,0,0,0,0,0,0,175.8596965,0,0
815.52933,0,0,143.0210775,0,0,0,71.10031038,0,0,0
996.15256,0,0,196.4679633,0,0,0,0,0,0,0
2016.99903,0,0,0,0,0,0,0,0,0,0
1213.98979,0,0,0,0,0,0,0,90.37335589,0,0
994.20282,0,0,0,0,0,0,274.5466043,0,0,0
740.11482,0,0,0,0,0,0,0,168.9324318,0,0
434.12204,0,0,0,0,188.9038411,0,0,0,0,0
797.35912,245.2089152,0,0,0,0,0,0,0,0,0
734.9656,0,0,0,0,0,0,251.4410775,0,0,0
840.10093,0,169.6232745,0,0,0,0,0,0,0,0
443.12619,0,0,0,0,0,0,0,0,0,0
713.29522,0,0,0,0,0,294.9042197,0,0,0,0
792.02643,0,0,0,0,0,0,272.9057472,0,0,0
887.95324,0,169.045533,0,0,0,0,0,0,0,0
1173.63958,0,0,0,137.631543,0,0,0,0,0,0
1290.79783,0,0,0,0,0,0,0,0,0,0
1615.1958,0,0,0,0,0,0,0,0,398.8442029,0
1173.64203,0,0,0,0,0,0,0,0,0,0
951.45577,0,0,0,0,0,172.2958471,0,0,0,0
792.94162,0,0,0,0,0,189.2213071,0,0,0,0
961.05213,0,0,0,0,0,0,0,132.9938934,0,0
1357.16565,0,0,0,66.06464845,0,0,0,98.29231975,0,0
748.52253,0,0,0,0,0,0,0,70.57319272,0,130.6078047
1068.02237,0,74.53914638,0,0,0,0,0,0,0,0
763.40341,0,0,0,0,94.88490669,0,0,0,0,0
1648.98946,0,0,0,0,0,0,0,107.9053847,0,0
1015.14898,0,0,0,137.2967676,0,0,0,0,0,0
666.06777,90.08597204,0,0,0,0,0,0,0,0,0
378.09006,0,0,0,0,0,0,0,0,0,0
976.14035,0,0,0,0,0,0,0,173.3021904,0,0
1068.66955,0,0,0,0,0,0,0,173.2937723,0,0
1215.99471,0,0,0,0,0,0,0,173.1915916,0,0
680.03239,0,0,0,0,0,0,0,0,0,0
1022.69807,0,0,0,0,0,0,0,173.0031398,0,0
1137.00716,0,0,0,0,0,0,0,0,0,0
632.02773,0,0,0,0,0,0,0,0,0,0
456.07851,0,0,0,65.07657715,0,0,0,90.38723791,0,0
900.36195,0,0,0,0,0,0,0,0,0,0
724.44788,0,0,0,0,0,358.5386257,0,0,0,0
901.23654,155.7167277,0,0,0,0,0,0,0,0,0
625.18864,0,0,0,0,0,0,0,0,0,0
923.07001,0,0,0,0,0,0,0,0,0,0
827.47802,240.9338097,0,0,0,0,0,0,0,0,0
821.18753,0,0,0,0,0,0,0,86.49255835,0,0
415.97925,0,0,0,0,0,0,0,0,0,0
900.28369,0,0,0,0,0,0,0,0,394.035779,0
397.17315,117.1400114,0,0,0,0,0,0,0,0,0
578.19473,0,0,0,0,0,0,0,0,243.9554743,0
928.60022,0,0,0,0,0,357.2409283,0,0,0,0
763.10496,0,0,0,0,0,0,0,0,0,0
577.23398,240.015262,0,0,0,0,0,0,0,0,0
999.86129,0,0,0,0,0,0,0,71.97186513,0,0
850.93638,0,132.0748179,0,0,0,0,0,0,0,0
838.98683,0,0,0,0,0,0,267.8644995,0,0,0
1615.24197,0,0,0,0,300.5128907,0,0,0,0,0
1041.17692,0,0,0,0,0,0,168.1120775,0,0,0
623.27099,0,0,0,0,0,0,0,0,0,0
1181.25468,0,0,0,0,0,0,0,0,0,0
1250.74216,0,0,119.4431966,0,0,0,0,0,0,0
761.46097,0,0,0,0,0,147.7075966,0,0,0,0
1587.29234,0,0,0,0,0,0,0,0,0,0
990.10207,0,0,0,0,0,0,0,0,0,0
1027.49573,0,0,0,0,0,340.741802,0,0,0,0
619.01493,0,165.202478,0,0,0,0,0,0,0,0
680.04374,0,0,0,0,0,0,0,0,0,215.3534687
426.23018,0,0,0,0,0,354.0600329,0,0,0,0
1117.12026,0,0,113.2271728,0,117.71097,0,0,0,0,0
838.02563,0,0,0,0,0,353.9031918,0,0,0,0
1185.66789,237.9307246,0,0,0,0,0,0,0,0,0
783.2351,0,0,0,0,0,0,0,0,0,0
915.26892,0,0,186.3487549,0,0,0,0,0,0,0
393.01815,0,100.254086,0,0,0,0,103.8812171,0,0,0
1325.05759,0,0,0,0,0,111.9423443,0,0,0,0
1041.9526,0,0,0,0,0,0,0,169.6088064,0,0
763.31231,0,0,0,0,0,0,0,169.5331784,0,0
779.37907,0,0,0,0,0,138.5608038,0,0,0,0
1160.70822,0,0,0,0,0,351.9679533,0,0,0,0
1255.14008,0,0,0,0,0,0,0,92.77230025,0,0
654.85257,0,0,0,0,0,0,0,0,0,0
373.0707,0,0,0,55.93814455,0,0,0,0,0,0
989.17792,0,0,0,0,0,0,0,0,0,0
1053.56237,236.2091745,0,0,0,0,0,0,0,0,0
950.05183,0,0,185.2451985,0,0,0,0,0,0,0
1070.37669,0,0,0,0,296.3188586,0,0,0,0,0
839.14011,0,0,0,0,0,0,0,0,0,0
1486.83765,0,0,0,133.2544385,0,0,0,0,0,0
1179.65922,0,0,0,0,0,350.5652754,0,0,0,0
865.9962,0,0,0,0,0,0,0,0,0,0
912.49767,0,0,0,132.9992481,0,0,0,0,0,0
1074.11832,234.9823527,0,0,0,0,0,0,0,0,0
837.26194,0,0,0,0,0,0,110.8089805,0,0,0
666.24972,0,0,0,0,0,0,0,0,0,0
1181.10539,0,0,113.4102648,0,0,0,0,0,0,0
1142.97396,0,89.93224571,0,0,0,0,0,0,0,0
768.98922,0,0,0,0,0,0,0,0,0,0
1081.52511,111.7700152,0,0,0,0,0,0,0,0,0
1115.01806,0,0,0,0,0,0,0,0,0,0
976.07694,0,98.34080233,0,0,0,0,103.7993019,0,0,0
814.20425,0,0,0,0,294.1100043,0,0,0,0,0
1629.1917,0,0,0,45.86622071,0,0,0,0,0,0
731.08436,0,0,0,68.40050295,0,0,0,0,0,0
943.32398,0,0,183.2867703,0,0,0,0,0,0,0
543.89974,0,0,0,0,0,0,0,0,0,0
447.21688,181.9689661,0,0,0,0,0,0,0,0,0
780.16624,0,0,0,0,0,0,0,166.5159341,0,0
784.02264,0,0,0,0,0,0,0,166.1219467,0,0
1111.53538,0,0,0,0,0,0,0,0,0,0
408.94376,0,0,0,0,0,0,0,0,0,113.2331016
1418.00276,0,0,0,0,0,0,0,137.9885903,0,0
488.34488,0,0,0,0,0,0,0,0,0,0
1615.35673,0,0,0,0,0,0,0,0,379.5994678,0
657.16055,0,0,0,0,0,365.8574733,0,0,0,0
1293.24006,0,0,0,0,290.8666016,0,0,0,0,0
1448.91011,0,0,0,0,0,0,0,165.6296665,0,0
662.90344,0,0,0,0,0,0,0,0,0,0
976.02155,0,0,0,0,0,0,0,77.20334133,0,0
972.99032,0,0,0,0,0,0,0,0,0,0
946.01881,0,0,0,0,98.75201823,0,0,0,0,0
1266.63089,0,0,0,0,0,0,0,0,0,0
768.05814,0,76.66411644,0,0,0,0,0,0,0,0
1232.19848,0,0,0,0,0,0,0,0,0,0
991.08429,0,159.5619488,0,0,0,0,0,0,0,0
1153.65008,0,0,0,0,0,342.0507555,0,0,0,0
1364.7406,229.804048,0,0,0,0,0,0,0,0,0
916.88035,0,0,0,0,0,0,0,0,0,0
1250.03369,0,0,0,87.62535155,0,0,0,0,0,0
645.13599,0,0,0,71.35939455,0,0,0,0,0,0
845.26452,229.506931,0,0,0,0,0,0,0,0,0
735.34532,0,0,0,0,0,0,0,0,0,0
991.4774,144.5296944,0,0,0,0,0,0,0,0,0
1245.75872,229.3190162,0,0,0,0,0,0,0,0,0
571.00398,0,0,0,129.4178711,0,0,0,0,0,0
903.28128,0,0,0,0,246.9526042,0,0,0,0,0
1169.69671,0,0,0,0,0,155.5610993,0,0,0,0
1587.19579,0,0,0,0,0,0,0,0,0,0
1587.30584,0,0,0,0,0,0,0,0,0,0
713.25965,0,0,0,0,0,191.7831774,0,0,0,0
1164.01043,0,0,0,0,0,0,0,162.8337248,0,0
401.06069,0,0,0,79.4610254,108.993316,0,0,0,0,0
939.16909,0,0,178.4538032,0,0,0,0,0,0,0
1156.99318,0,0,178.3957113,0,0,0,0,0,0,0
874.93214,0,0,0,48.69192871,0,0,0,0,0,0
952.6464,0,0,0,0,0,337.34614,0,0,0,0
1157.13327,0,0,0,0,0,0,0,162.1301918,0,0
1112.06356,0,0,0,0,0,0,0,162.0313489,0,0
847.15649,0,0,0,0,0,0,0,0,0,113.4685234
586.84095,0,0,0,0,0,0,253.0523863,0,0,0
1118.6136,0,0,0,0,0,336.2692486,0,0,0,0
1008.54803,226.1311878,0,0,0,0,0,0,0,0,0
1605.37874,0,0,0,0,283.8363932,0,0,0,0,0
714.08533,0,0,0,80.058833,0,0,0,0,0,0
1101.67109,0,0,0,0,0,0,115.1595277,0,0,0
1221.13583,0,0,0,88.9346875,0,0,0,0,0,0
908.61869,0,0,0,0,0,335.7202405,0,0,0,0
516.25792,0,0,177.1782905,0,0,0,0,0,0,0
900.39597,0,0,0,0,0,0,0,0,0,0
1034.51342,225.5012445,0,0,0,0,0,0,0,0,0
900.32055,0,0,0,0,0,0,0,0,0,0
1367.10051,0,0,0,0,282.8330078,0,0,0,0,0
846.0979,0,0,0,127.2330958,0,0,0,0,0,0
1336.67598,225.0896709,0,0,0,0,0,0,0,0,0
587.24845,0,0,0,43.15398926,0,0,0,0,0,0
946.68436,0,0,0,0,0,333.9253187,0,0,0,0
1111.1448,0,0,0,0,0,0,0,0,0,0
423.18889,98.56877416,0,0,0,0,0,0,0,0,0
1339.03433,0,0,0,0,0,0,0,160.5823774,0,0
1469.383,0,0,0,0,281.4799044,0,0,0,0,0
633.9941,0,0,0,0,0,0,0,0,0,0
990.70955,0,0,0,0,0,0,0,0,0,0
1188.71965,224.0359686,0,0,0,0,0,0,0,0,0
1058.14833,0,0,0,57.0172705,0,0,0,0,0,0
1132.97454,0,0,0,0,0,0,0,112.521027,0,0
844.05406,0,0,0,0,0,80.40691817,0,0,0,0
996.03869,0,0,175.1474067,0,0,0,0,0,0,0
923.07123,0,0,0,0,0,0,0,96.69680823,0,0
623.52093,0,154.368194,0,0,0,0,0,0,0,0
1457.1269,0,0,125.5626221,0,78.63301867,0,0,0,0,0
1061.31456,0,0,0,0,0,0,0,0,364.5987886,0
1208.96939,0,0,0,0,0,0,0,118.4483905,0,0
878.00092,0,154.240474,0,0,0,0,0,0,0,0
1548.93991,0,0,0,0,0,0,0,159.0401256,0,0
1536.78806,0,0,0,0,0,0,0,0,0,0
1203.58362,222.1130393,0,0,0,0,0,0,0,0,0
1365.83228,0,0,0,89.17213865,0,0,0,0,0,0
1045.29655,0,0,0,0,0,0,0,0,0,0
1249.70855,0,153.8963766,0,0,0,0,0,0,0,0
907.92882,0,0,0,0,0,0,0,0,0,0
1286.00481,0,0,0,0,0,0,0,0,0,0
827.15445,221.0804238,0,0,0,0,0,0,0,0,0
676.46624,0,0,0,0,0,0,0,158.0869388,0,0
1110.0059,0,0,0,0,176.4919053,0,0,0,0,0
1130.70361,220.8103395,0,0,0,0,0,0,0,0,0
1188.66607,0,0,0,0,0,0,0,157.8775218,0,0
900.02883,0,0,0,0,0,0,0,157.7450554,0,0
1070.12122,0,0,0,0,276.6126519,0,0,0,0,0
1276.06312,220.2002558,0,0,0,0,0,0,0,0,0
729.98673,188.1235827,0,0,0,0,0,0,0,0,0
1099.72479,0,152.4200777,0,0,0,0,0,0,0,0
1182.91688,0,0,0,0,0,0,0,157.2193928,0,0
1286.01198,0,0,172.4478082,0,0,0,0,0,0,0
1157.10962,0,0,0,0,0,0,0,157.0574194,0,0
625.25592,0,0,0,0,0,326.1541426,0,0,0,0
989.4647,0,0,0,0,0,326.0653012,0,0,0,0
1335.87203,0,0,0,0,0,0,178.5220839,0,0,0
1616.2294,0,0,0,0,275.0713976,0,0,0,0,0
1425.05345,0,151.6147072,0,0,0,0,0,0,0,0
561.18047,0,0,0,0,0,0,0,0,218.9022306,0
1432.04387,0,0,0,0,0,0,0,0,0,197.4032813
1085.10723,174.3608269,0,0,0,0,0,0,0,0,0
1582.00791,0,0,0,0,0,0,0,0,0,0
1398.72087,217.9870541,0,0,0,0,0,0,0,0,0
468.91746,0,0,0,0,0,0,0,0,0,0
1492.82215,0,0,0,0,0,0,0,133.7411739,0,0
915.31527,0,0,170.7333985,0,0,0,0,0,0,0
1351.09414,0,0,139.019694,0,0,0,0,0,0,0
737.15014,0,0,0,0,0,0,0,0,0,0
1182.26965,0,0,0,0,0,0,0,0,0,0
785.91275,0,0,0,0,0,0,0,115.4419625,0,0
1241.81009,216.8490735,0,0,0,0,0,0,0,0,0
533.18765,0,0,0,0,0,0,0,0,0,0
818.1137,0,0,170.0409478,0,0,0,0,0,0,0
1493.1824,0,0,89.5358141,0,0,0,0,65.8925843,0,0
812.46366,216.5904833,0,0,0,0,0,0,0,0,0
1004.04284,0,0,0,0,140.6446398,0,0,0,0,0
1073.22139,0,0,0,0,0,0,0,154.7109004,0,0
921.59189,0,0,0,74.60058105,0,0,0,0,0,0
628.2893,0,41.07878403,0,0,0,0,0,0,0,0
700.04291,0,149.5609423,0,0,0,0,0,0,0,0
1111.12818,99.36148372,0,0,0,0,173.0192357,0,0,0,0
1255.10529,0,0,0,0,184.2219836,0,0,0,0,0
578.10135,0,0,0,0,0,0,0,0,0,194.7168438
961.51661,0,0,0,0,0,0,0,153.9220109,0,0
541.93114,0,0,168.8411187,0,0,0,0,0,0,0
1145.68744,103.8976079,0,0,0,0,0,0,0,0,0
1424.13075,0,0,0,62.3907373,0,0,0,0,0,0
972.60183,119.954551,0,0,0,0,140.766653,0,0,0,0
1015.21205,0,56.65645969,0,0,0,0,0,95.03173209,0,0
930.59246,0,0,113.0044149,0,0,0,0,0,0,0
657.15817,0,0,0,0,0,0,0,0,0,0
1044.97062,0,0,0,0,0,0,0,0,0,0
587.25162,0,0,0,0,0,181.7560264,0,0,0,0
1052.67549,0,0,0,120.9486573,0,0,0,0,0,0
658.46188,0,0,0,0,0,318.1400083,0,0,0,0
1158.79177,0,0,167.6034207,0,0,0,0,0,0,0
434.17694,0,0,0,0,0,0,0,0,0,0
1369.84514,0,0,0,0,0,0,0,0,0,0
1357.1493,0,0,0,0,0,0,0,0,0,108.5651094
789.02052,0,0,0,0,0,0,0,0,0,0
1029.2225,0,0,0,0,0,0,0,151.9674891,0,0
433.18888,103.6723676,0,0,0,0,0,0,0,0,0
1410.89481,0,0,0,0,0,0,0,0,0,0
1504.86641,0,0,0,0,0,0,0,0,0,0
1089.99106,0,0,0,0,265.9109376,0,0,0,0,0
959.33924,0,0,0,0,0,314.7681178,0,0,0,0
1222.96976,0,0,0,0,0,0,0,151.3510309,0,0
814.01919,0,0,0,0,0,0,0,0,0,0
387.02676,0,0,0,0,0,0,0,0,346.4098732,0
1163.19738,0,0,0,0,0,0,0,0,0,0
879.11705,0,0,0,0,0,0,0,0,0,0
1071.56577,210.9886961,0,0,0,0,0,0,0,0,0
638.09374,0,0,0,57.4523047,0,0,0,0,0,98.80093752
372.22048,0,0,0,0,0,0,0,0,0,0
990.59589,0,0,0,0,0,0,0,0,0,0
622.99358,0,0,0,0,0,280.9834241,0,0,0,0
982.08647,0,145.9003906,0,0,0,0,0,0,0,0
848.98667,0,0,0,0,0,0,235.4382155,0,0,0
1262.6951,0,145.7877085,0,0,0,0,0,0,0,0
1172.86216,0,0,81.26515028,0,0,0,0,0,0,0
810.88743,0,0,0,0,0,0,0,0,0,0
919.43141,0,0,135.7977702,0,0,0,0,0,0,0
1275.96858,0,0,0,0,0,0,0,150.2430775,0,0
921.18291,0,0,164.7016738,0,0,0,0,0,0,0
872.04418,178.0398403,0,0,0,0,0,0,0,0,0
1164.78908,0,0,0,0,0,0,0,0,0,0
1576.9724,0,0,164.211792,0,0,0,0,0,0,0
1277.92036,0,0,103.8984036,0,0,0,0,0,0,0
1358.96699,0,0,0,0,0,0,0,45.66969318,0,0
1393.76568,0,0,0,118.1758692,0,0,0,0,0,0
1441.05364,0,0,110.6665921,0,0,0,0,0,0,0
1334.84455,0,144.6490007,0,0,0,0,0,0,0,0
1177.6453,0,144.441586,0,0,0,0,0,0,0,0
708.02348,0,0,0,84.83414065,0,0,0,0,0,0
626.87423,0,0,0,0,0,0,0,148.8916634,0,0
1059.06205,0,0,0,0,0,0,0,0,0,0
1009.11398,0,0,0,0,0,0,0,0,0,0
1225.15831,0,0,0,0,261.152474,0,0,0,0,0
975.20529,0,0,163.1910943,0,0,0,0,0,0,0
1115.06987,0,0,163.1759983,0,0,0,0,0,0,0
870.26285,0,0,0,0,0,0,0,0,0,0
441.1053,0,0,0,0,0,0,0,144.6469047,0,0
827.43806,0,0,0,0,0,308.9382196,0,0,0,0
982.16685,0,0,0,0,0,0,0,148.5997083,0,0
1617.3984,0,0,0,0,260.7508247,0,0,0,0,0
794.19644,0,0,162.7735053,0,0,0,0,0,0,0
1141.59401,207.4089982,0,0,0,0,0,0,0,0,0
1201.75727,0,0,0,0,0,0,0,148.3161591,0,0
795.88596,0,0,113.2799004,0,0,0,0,0,0,0
942.98344,0,0,162.5893962,0,0,0,0,0,0,0
803.32557,0,0,0,0,0,0,0,0,0,0
1548.06431,0,0,84.76747639,0,0,0,0,70.59923854,0,0
1125.91071,0,0,0,0,0,0,0,0,0,0
1052.02774,0,0,161.9369439,0,0,0,0,0,0,0
1449.95536,0,0,161.9359809,0,0,0,0,0,0,0
826.03611,0,0,0,0,0,0,230.8456451,0,0,0
852.46233,0,0,0,0,0,306.5912572,0,0,0,0
1203.07468,0,0,0,0,0,0,165.6417659,0,0,0
813.39176,0,0,65.91674126,0,0,0,0,0,0,0
454.03776,0,0,0,0,0,0,0,0,0,0
574.73715,0,0,161.4676378,0,0,0,0,0,0,0
454.00616,0,0,0,0,0,0,0,0,0,0
1001.18958,0,0,0,0,0,0,0,0,336.0176064,0
1211.05398,0,0,0,0,0,0,0,0,0,0
961.0202,0,0,0,0,0,261.310367,0,0,0,0
1016.09598,0,0,91.73160806,0,0,0,0,0,0,0
666.26506,0,0,0,0,0,0,0,0,0,0
1318.97347,0,141.951735,0,0,0,0,0,0,0,0
571.02921,0,0,160.3743625,0,0,0,0,0,0,0
1370.85089,0,0,0,0,0,0,0,0,0,0
1053.13258,0,0,0,0,0,0,0,0,0,0
501.9816,0,141.5738233,0,0,0,0,0,0,0,0
996.67504,0,0,0,0,0,0,0,0,0,0
1085.28038,0,0,0,0,256.1486762,0,0,0,0,0
954.04451,0,0,0,0,0,0,147.7334854,0,0,0
1643.43629,0,0,0,0,0,0,0,0,333.6829428,0
760.1683,0,0,0,0,0,0,0,145.5060942,0,0
1075.11795,0,0,0,0,0,0,0,0,0,76.40814844
492.87989,0,0,0,0,0,0,0,0,0,0
1167.15895,0,0,159.3457031,0,0,0,0,0,0,0
1112.12323,80.29543176,0,0,0,0,0,0,0,0,0
735.0036,0,0,0,0,0,0,226.9637802,0,0,0
587.28021,0,0,0,0,0,0,0,0,0,0
1645.19236,0,0,0,52.8136719,0,0,0,0,0,0
884.02816,0,0,0,0,0,0,0,0,0,0
1011.1462,0,0,0,0,0,0,0,0,0,182.8573282
443.18119,0,0,0,0,0,0,0,0,0,0
753.21361,0,0,0,0,0,0,0,0,0,0
969.21132,0,0,82.76913111,0,0,0,0,68.87170563,0,0
1054.08501,0,0,0,0,0,0,0,144.2598274,0,0
782.37903,0,0,0,0,0,299.8032226,0,0,0,0
1088.91232,0,0,0,0,0,0,0,144.1747799,0,0
1588.35144,0,0,0,0,0,0,0,0,0,0
1044.0699,0,0,0,0,252.9908854,0,0,0,0,0
1254.14394,0,0,158.0502049,0,0,0,0,0,0,0
1336.80547,0,0,0,0,0,299.145405,0,0,0,0
957.23141,0,139.295545,0,0,0,0,0,0,0,0
580.31586,0,0,0,0,0,298.5581826,0,0,0,0
1247.14554,0,0,0,0,0,0,0,143.5255513,0,0
1431.12081,200.6099281,0,0,0,0,0,0,0,0,0
494.98442,0,0,0,0,0,0,0,0,251.9690897,0
682.43099,0,138.9437309,0,0,0,0,0,0,0,0
753.59633,0,0,0,0,0,0,0,0,0,0
873.25216,0,0,157.196479,0,0,0,0,0,0,0
781.98757,0,0,156.8972168,0,0,0,0,0,0,0
680.43727,199.6239629,0,0,0,0,0,0,0,0,0
428.22407,0,0,0,0,0,0,0,0,261.4036175,0
1417.10198,0,0,0,0,0,0,0,142.451963,0,0
567.9917,0,0,0,0,0,0,0,0,326.1721864,0
984.62499,0,0,60.44624838,0,0,0,0,0,0,0
649.93695,0,0,0,0,0,0,0,0,0,0
929.42724,198.7464049,0,0,0,0,0,0,0,0,0
490.0236,0,0,0,0,0,0,0,0,148.977808,0
1644.41517,0,0,0,0,0,0,0,0,0,0
505.27773,198.4518978,0,0,0,0,0,0,0,0,0
1023.51549,0,0,147.2850749,0,0,0,0,0,0,0
982.38589,0,137.3409581,0,0,0,0,0,0,0,0
1669.1092,0,0,0,111.8707617,0,0,0,0,0,0
1163.16024,0,0,0,0,0,0,0,141.5384321,0,0
1111.09239,0,0,0,0,0,140.7643786,0,0,0,0
983.17303,0,0,0,0,0,0,0,141.4897399,0,0
1051.97395,0,0,0,0,0,0,0,0,0,0
1293.2827,0,0,0,0,248.1239583,0,0,0,0,0
966.63719,197.3622788,0,0,0,0,0,0,0,0,0
870.3548,0,0,0,0,247.3348308,0,0,0,0,0
1437.78093,0,0,0,0,0,0,0,0,0,177.90125
879.26503,0,136.3091929,0,0,0,0,0,0,0,0
1643.24093,0,0,0,0,0,0,0,0,0,0
1117.12651,0,0,0,0,0,0,0,0,0,0
1465.82968,0,0,0,110.9654297,0,0,0,0,0,0
919.19359,0,0,0,0,0,0,0,140.4566109,0,0
1047.32343,60.30836905,0,0,0,0,0,0,0,0,0
481.16011,0,0,0,73.17105955,0,0,0,0,0,0
1254.34257,0,0,0,0,0,0,0,0,321.4530967,0
971.37628,0,0,0,0,0,0,0,0,0,0
1185.69458,0,0,0,0,0,291.7577097,0,0,0,0
713.40837,0,0,0,0,0,0,0,0,0,0
463.02679,0,0,0,0,0,0,134.4834854,0,0,0
1153.79317,0,135.9496382,0,0,0,0,0,0,0,0
1166.96471,0,0,153.6865777,0,0,0,0,0,0,0
1337.69679,0,0,153.5309245,0,0,0,0,0,0,0
516.27486,0,0,0,0,0,0,0,139.8983015,0,0
1583.99663,0,0,0,0,0,0,0,139.8147869,0,0
1178.79147,0,0,0,0,0,0,0,0,0,0
555.04246,0,0,0,0,0,0,0,0,0,0
1347.70029,0,0,0,0,0,0,0,0,0,0
603.25606,0,0,0,0,0,0,0,71.44135063,0,0
1333.70494,0,0,0,0,0,0,0,139.4820139,0,0
1391.73362,0,0,0,0,0,0,0,0,0,0
1269.93564,0,0,0,0,0,0,0,139.3732076,0,0
921.13779,0,0,0,0,0,0,0,139.3636768,0,0
1421.76835,0,0,0,0,0,0,0,0,0,176.0456562
824.93725,0,0,0,0,0,0,0,0,0,0
859.26309,0,0,0,0,0,0,0,0,0,0
1143.7142,0,84.64428558,0,0,0,0,0,0,0,0
631.16742,0,0,49.8314955,0,0,0,0,0,0,0
401.22389,0,0,0,0,0,0,0,0,0,84.93742184
955.00311,0,134.5095739,0,0,0,0,0,0,0,0
1311.9782,0,0,0,0,0,0,0,114.676523,0,0
682.32178,0,0,0,0,0,0,0,0,0,0
394.00949,0,0,0,109.1716211,0,0,0,0,0,0
669.32557,0,0,0,0,0,0,0,0,0,0
682.11772,0,0,0,0,0,0,0,0,0,0
1444.84245,0,0,150.9244113,0,0,0,0,0,0,0
1599.94562,0,0,150.9162462,0,0,0,0,0,0,0
1321.36999,0,0,0,0,0,0,0,0,136.7616763,0
1347.76705,0,0,0,0,0,0,0,0,0,0
1255.83437,0,0,0,0,0,0,0,137.1009073,0,0
1217.95171,0,84.89371644,0,0,0,0,0,0,0,0
895.48645,0,0,150.1880968,0,0,0,0,0,0,0
889.07191,0,0,0,0,0,0,0,0,0,0
541.95186,0,0,0,0,0,0,0,0,227.3144957,0
900.1369,0,0,0,0,0,0,0,0,312.8819067,0
497.29322,0,0,0,0,0,0,0,136.592724,0,0
952.05487,0,0,0,0,0,0,0,136.5832551,0,0
731.14252,0,0,0,0,0,0,0,0,150.5564991,0
989.35453,0,0,0,0,0,283.3592979,0,0,0,0
456.0787,0,0,0,0,115.5267252,0,0,0,161.4081465,0
820.07851,0,0,0,0,239.2687934,0,0,0,0,0
1054.06825,0,0,149.5314806,0,0,0,0,0,0,0
709.20512,0,0,0,0,0,0,0,80.77020494,0,0
1441.74025,0,0,0,107.6150782,0,0,0,0,0,0
873.43095,0,0,149.4313422,0,0,0,0,0,0,0
439.20307,0,0,0,0,0,0,0,0,0,0
1218.1051,0,131.9263085,0,0,0,0,0,0,0,0
750.08333,0,0,0,0,0,0,0,0,0,0
1559.12407,0,0,149.2881402,0,0,0,0,0,0,0
589.96078,0,0,0,0,0,0,0,0,0,0
1137.75066,0,0,0,0,0,0,0,0,0,0
1080.03159,0,0,149.2103543,0,0,0,0,0,0,0
680.34832,190.1044835,0,0,0,0,0,0,0,0,0
1678.41791,0,0,0,0,0,0,0,0,0,0
538.00645,0,0,149.0783013,0,0,0,0,0,0,0
392.22935,0,0,0,0,0,0,0,135.8001879,0,0
1289.78966,0,0,148.9049344,0,0,0,0,0,0,0
599.88854,0,0,0,0,0,0,0,0,0,0
1085.58887,0,0,0,0,0,281.6910464,0,0,0,0
522.70109,0,0,148.6695421,0,0,0,0,0,0,0
1070.06643,0,131.3361532,0,0,0,0,0,0,0,0
779.41704,0,0,0,0,237.6080512,0,0,0,0,0
859.52586,189.0644186,0,0,0,0,0,0,0,0,0
1038.9879,0,0,0,0,0,280.996505,0,0,0,0
713.12337,0,0,114.6503364,0,0,0,0,0,0,0
507.00218,0,0,0,0,0,0,122.5462949,0,0,0
1114.05917,0,0,0,0,0,0,0,135.0648982,0,0
894.15432,0,0,148.0470106,0,0,0,0,0,0,0
1445.94116,0,0,0,0,0,0,0,0,0,0
1509.18613,0,0,147.9648573,0,0,0,0,0,0,0
900.34744,0,0,0,0,0,0,0,0,308.5686707,0
964.98234,188.3939263,0,0,0,0,0,0,0,0,0
540.19427,0,0,0,0,0,0,0,134.7208762,0,0
624.14954,0,0,147.7386881,0,0,0,0,0,0,0
656.71868,0,0,0,0,0,0,210.5430654,0,0,0
976.10236,122.2050522,0,0,0,0,0,0,0,0,0
1479.19775,0,0,0,0,0,0,0,0,307.8230865,0
1309.70739,0,0,0,0,0,0,210.1415339,0,0,0
582.17699,0,0,147.2442356,0,0,0,0,0,0,0
1616.27987,0,0,0,0,235.5773871,0,0,0,0,0
1661.29756,0,0,0,0,235.3518012,0,0,0,0,0
617.2019,0,0,0,0,235.2116102,0,0,0,0,0
763.42757,0,129.8688051,0,0,0,0,0,0,0,0
1677.43061,0,0,0,0,234.8420356,0,0,0,0,0
979.5099,0,0,0,0,0,0,0,0,0,169.043125
803.39614,0,0,0,0,0,251.2117342,0,0,0,0
662.18136,0,0,0,0,0,0,0,133.5309286,0,0
540.71221,186.4233442,0,0,0,0,0,0,0,0,0
1129.94182,0,0,0,0,0,0,0,133.2773932,0,0
1306.97453,0,0,146.1492649,0,0,0,0,0,0,0
512.12621,0,0,0,0,233.8105686,0,0,0,0,0
892.37984,0,128.8876174,0,0,0,0,0,0,0,0
416.95061,0,0,0,0,0,0,0,0,304.31952,0
1380.78578,0,0,0,0,0,276.2435238,0,0,0,0
808.89056,0,58.38567029,0,0,0,0,113.634959,0,0,0
429.2887,0,128.7363761,0,0,0,0,0,0,0,0
1334.98383,0,0,145.6820204,0,0,0,0,0,0,0
763.27541,0,0,145.5794542,0,0,0,0,0,0,0
514.05974,0,0,0,0,0,0,0,0,0,0
1134.75087,0,0,0,104.7646289,0,0,0,0,0,0
373.04852,0,0,0,0,0,0,0,0,0,0
1282.38316,0,0,0,0,232.6375,0,0,0,0,0
937.32844,0,0,0,0,0,275.3346012,0,0,0,0
442.02902,0,0,0,0,0,0,0,63.80264165,0,0
1542.98638,0,0,0,0,0,0,0,132.4092044,0,0
572.00888,0,0,0,0,0,275.1281867,0,0,0,0
1319.77683,0,0,0,104.541084,0,0,0,0,0,0
937.43508,174.8091296,0,0,0,0,0,0,0,0,0
1147.20964,0,0,0,0,0,0,0,132.0900663,0,0
1259.17941,0,0,144.8263617,0,0,0,0,0,0,0
1013.37807,0,0,144.6905517,0,0,0,0,0,0,0
1111.48622,0,0,0,0,0,0,76.8423335,0,0,0
1167.1265,0,0,144.6502008,0,0,0,0,0,0,0
1116.95992,0,0,0,0,0,0,0,131.7768369,0,0
473.1461,0,127.7212064,0,0,0,0,0,0,0,0
586.28193,0,0,0,0,0,0,0,0,0,0
734.02151,0,0,0,0,0,0,205.7208191,0,0,0
1221.19542,0,0,0,0,230.8620442,0,0,0,0,0
378.10553,0,0,0,0,0,0,0,0,0,0
1603.95577,0,0,0,0,0,0,0,121.7289977,0,0
1605.35596,0,0,0,0,230.3343316,0,0,0,0,0
1594.99143,0,0,0,0,0,0,0,131.1895644,0,0
963.50598,0,127.1651169,0,0,0,0,0,0,0,0
1246.78711,183.4097933,0,0,0,0,0,0,0,0,0
815.70631,0,0,0,0,0,272.514083,0,0,0,0
945.39026,182.8319967,0,0,0,0,0,0,0,0,0
1525.93524,0,0,0,0,0,0,0,130.7305182,0,0
895.15301,0,0,0,0,0,0,0,0,299.312217,0
393.3051,0,126.5105804,0,0,0,0,0,0,0,0
1441.93108,0,0,0,0,0,0,204.0215424,0,0,0
457.03922,0,0,0,0,0,0,0,84.31827905,0,0
779.91606,0,0,0,0,162.095497,0,0,0,0,0
1075.42817,182.2871785,0,0,0,0,0,0,0,0,0
1589.35876,0,0,0,0,0,0,0,0,0,0
1059.13795,0,0,0,0,228.7107639,0,0,0,0,0
1848.9997,0,0,0,0,0,0,0,0,0,0
728.04978,0,125.9649995,0,0,0,0,0,0,0,0
1292.97713,0,0,142.5345324,0,0,0,0,0,0,0
1594.42515,0,0,0,0,0,0,0,0,297.4103543,0
1366.76762,0,0,111.3658176,0,0,0,0,0,0,0
981.20004,0,0,142.4699842,0,0,0,0,0,0,0
389.07526,0,0,0,0,0,0,0,65.08028829,0,0
417.16013,0,0,0,0,0,0,0,63.84964646,0,0
937.40283,145.3356955,0,0,0,0,0,0,0,0,0
1074.71015,180.9519496,0,0,0,0,0,0,0,0,0
906.01943,0,0,0,0,0,268.955772,0,0,0,0
871.45306,180.86959,0,0,0,0,0,0,0,0,0
1282.9629,0,0,0,0,0,0,0,129.2350796,0,0
586.22789,0,0,0,0,0,0,0,129.212631,0,0
724.34953,180.6624032,0,0,0,0,0,0,0,0,0
920.11604,0,0,110.7160034,0,0,0,0,0,0,0
1219.05593,0,0,0,0,0,0,0,0,162.2083475,0
1225.98426,0,0,0,0,0,0,0,129.0558495,0,0
1083.93879,0,0,141.1926541,0,0,0,0,0,0,0
963.03188,0,0,0,0,0,0,0,0,0,0
498.04178,0,0,0,0,98.06644966,0,0,0,0,91.73474216
1134.76124,0,124.3234039,0,0,0,0,0,0,0,0
982.37493,0,0,0,0,0,0,0,0,0,0
633.06005,93.06651858,0,0,0,0,0,0,0,0,0
1453.0835,0,0,0,0,0,266.551398,0,0,0,0
780.08009,0,124.2684169,0,0,0,0,0,0,0,0
1253.21309,0,0,0,0,0,0,0,0,293.3235112,0
951.20063,0,0,0,0,0,266.1301655,0,0,0,0
703.43318,0,0,0,0,139.1467014,0,0,0,0,0
894.12013,0,0,0,0,0,0,0,0,0,0
984.65608,0,0,0,0,0,0,0,0,0,0
1337.68441,0,0,139.948961,0,0,0,0,0,0,0
967.98539,178.3137272,0,0,0,0,0,0,0,0,0
1661.28348,0,0,0,0,223.7748698,0,0,0,0,0
983.23484,0,123.4175134,0,0,0,0,0,0,0,0
767.99346,0,123.2988761,0,0,0,0,0,0,0,0
1549.0263,0,0,0,0,0,0,0,127.0354158,0,0
645.05381,0,0,0,58.6463965,0,0,0,0,0,0
1016.99942,0,0,139.2860515,0,0,0,0,0,0,0
557.19659,0,0,0,0,0,0,0,0,0,0
1135.95708,0,0,139.1385091,0,0,0,0,0,0,0
1480.40723,0,0,0,0,222.5121093,0,0,0,0,0
1191.09199,0,0,0,0,0,0,0,0,0,0
835.36016,0,0,0,0,0,0,0,111.9433965,0,0
420.21385,0,0,0,0,0,0,0,125.9345209,0,0
636.90932,0,0,0,0,0,0,0,0,0,0
1367.01982,0,0,137.8423258,0,0,0,0,0,0,0
611.10492,0,0,0,0,0,0,0,125.5069719,0,0
1247.09162,0,0,137.7086182,0,0,0,0,0,0,0
1198.0119,0,0,0,0,171.3619792,0,0,0,0,0
1394.99173,0,63.93537313,0,0,0,0,0,0,0,0
524.36609,0,0,0,0,0,260.1658614,0,0,0,0
1587.33011,0,0,0,0,0,0,0,0,0,0
716.00333,0,0,0,0,0,0,0,0,286.2307235,0
776.41899,0,0,0,0,0,0,195.5236889,0,0,0
600.4328,0,0,0,0,0,259.8100843,0,0,0,0
441.0082,0,0,0,0,219.3529297,0,0,0,0,0
1245.15058,0,113.7266344,0,0,0,0,0,0,0,0
1004.84994,0,0,0,0,0,0,0,124.8845678,0,0
762.38918,174.3063295,0,0,0,0,0,0,0,0,0
946.40505,0,0,0,0,0,0,0,0,0,157.4939844
1382.76513,0,0,0,0,0,0,0,0,0,0
1423.14114,119.0028865,0,0,0,0,0,0,0,0,0
608.06803,0,0,0,0,0,0,0,124.4392182,0,0
1339.01818,0,0,136.4736328,0,0,0,0,0,0,0
839.14015,0,0,0,0,0,0,0,0,0,0
1621.39072,0,0,0,0,0,0,0,0,0,0
1332.97706,0,0,136.1600071,0,0,0,0,0,0,0
636.38353,0,0,0,0,0,0,0,0,0,0
1111.10475,0,120.2699986,0,0,0,0,0,0,0,0
1408.84611,0,0,0,0,0,0,0,0,0,0
500.05788,0,0,0,0,0,0,0,0,0,0
1269.86437,0,119.9833206,0,0,0,0,0,0,0,0
1151.16588,0,0,0,0,0,0,193.5985845,0,0,0
741.91108,0,119.8603336,0,0,0,0,0,0,0,0
575.13859,0,0,0,0,0,0,0,0,0,0
760.09465,0,0,0,0,0,0,0,0,0,0
1417.13134,0,0,0,0,0,0,0,123.5885458,0,0
1293.45083,0,0,0,0,0,0,0,0,282.88202,0
1107.98639,0,119.711968,0,0,0,0,0,0,0,0
919.19017,0,0,0,0,0,0,0,123.4100203,0,0
1099.03795,0,0,0,0,216.5395399,0,0,0,0,0
602.24708,0,0,0,0,0,0,0,123.2403333,0,0
1176.02426,0,0,0,0,0,0,0,123.1910107,0,0
577.29153,0,0,0,0,0,0,0,123.1127621,0,0
1047.55156,0,0,0,0,0,255.9344932,0,0,0,0
1264.05133,0,0,128.8821886,0,0,0,0,0,0,0
1559.15235,0,47.06190687,0,0,0,0,0,0,0,0
1452.92403,0,0,68.68765598,0,0,0,0,60.40557011,0,0
700.09026,0,119.2218294,0,0,0,0,0,0,0,0
1607.08092,0,0,0,0,0,255.1320672,0,0,0,0
390.18304,0,0,0,0,0,99.86472039,0,0,0,0
518.03524,0,0,0,0,0,0,0,0,187.0172951,0
1095.37426,0,0,0,0,215.2188586,0,0,0,0,0
446.1866,0,118.7903806,0,0,0,0,0,0,0,0
1486.84263,0,0,0,0,0,254.7317024,0,0,0,0
1149.81147,171.2880946,0,0,0,0,0,0,0,0,0
1130.94638,0,0,0,0,0,0,0,0,0,0
1043.17736,0,0,0,42.24903809,0,0,0,0,0,0
446.17173,0,108.6068467,0,0,0,0,0,0,0,0
1121.42315,0,0,0,0,0,254.278603,0,0,0,0
1068.03549,0,0,134.1240506,0,0,0,0,0,0,0
1069.37944,170.7550816,0,0,0,0,0,0,0,0,0
1254.01292,170.5957377,0,0,0,0,0,0,0,0,0
1009.57223,0,0,0,0,0,0,0,0,0,0
793.23293,0,0,133.6674263,0,0,0,0,0,0,0
619.13846,0,0,0,0,0,0,190.4928644,0,0,0
949.26007,0,0,133.5051676,0,0,0,0,0,0,0
982.09837,0,0,0,0,0,0,0,121.6647177,0,0
801.29242,0,117.8617595,0,0,0,0,0,0,0,0
1299.15972,0,0,0,0,0,0,0,121.5666906,0,0
1442.81536,0,0,0,0,0,0,190.1394648,0,0,0
647.32452,169.8073839,0,0,0,0,0,0,0,0,0
553.94583,0,0,0,0,0,0,189.967261,0,0,0
1633.34483,0,0,0,0,0,0,0,0,0,0
968.98641,0,0,0,0,0,0,0,121.2698897,0,0
1321.08983,0,67.9550362,0,0,0,0,0,0,0,0
418.27175,0,0,0,0,0,0,0,0,0,153.1554375
1553.14542,0,0,132.9296875,0,0,0,0,0,0,0
1673.16095,169.2603706,0,0,0,0,0,0,0,0,0
1363.70198,0,0,132.7691922,0,0,0,0,0,0,0
713.12573,0,0,0,0,146.0503798,0,0,0,0,0
1249.27813,0,0,0,0,0,0,0,0,276.8449955,0
1182.01394,0,0,0,0,0,251.3264803,0,0,0,0
1366.07162,0,0,0,0,0,0,0,120.8643073,0,0
1221.99168,0,0,132.5645481,0,0,0,0,0,0,0
1070.34267,0,0,0,0,0,0,0,0,0,0
384.99869,0,0,0,0,0,0,0,0,276.3236526,0
1000.09835,0,0,0,0,0,0,0,0,0,59.15084375
403.02146,0,0,0,58.4552832,0,0,0,0,0,0
1595.02834,0,0,0,0,0,0,0,120.5025218,0,0
1607.08886,0,0,0,95.161875,0,0,0,0,0,0
1086.97962,0,0,0,0,0,0,188.3872022,0,0,0
1103.99458,0,0,132.0261231,0,0,0,0,0,0,0
951.90706,0,0,0,0,0,0,187.885017,0,0,0
856.49102,0,0,0,49.73923828,100.1698676,0,0,0,0,0
648.33608,0,0,0,94.8125293,0,0,0,0,0,0
1000.65244,167.6365459,0,0,0,0,0,0,0,0,0
1555.09415,0,0,131.536594,0,0,0,0,0,0,0
452.96051,0,0,0,94.6996582,0,0,0,0,0,0
500.26138,0,0,0,0,0,0,0,119.862861,0,0
1353.8952,167.5530627,0,0,0,0,0,0,0,0,0
647.21485,0,0,64.80849881,0,0,0,0,0,0,0
1473.39215,0,0,0,0,0,0,0,0,0,0
1246.78655,0,0,0,94.441709,0,0,0,0,0,0
649.34116,0,0,0,37.96258545,0,0,0,0,0,0
1331.80672,0,0,0,0,0,248.1485917,0,0,0,0
1225.08342,0,0,119.4024658,0,0,0,0,0,0,0
1643.36659,0,0,0,0,0,0,0,0,273.0174649,0
1095.31426,0,0,0,0,209.3038194,0,0,0,0,0
573.38071,0,0,0,0,0,0,0,119.1867212,0,0
1458.37151,0,0,0,0,0,0,0,0,272.7881001,0
1111.10943,0,0,0,0,208.8967448,0,0,0,0,0
828.42694,0,0,0,0,0,247.3307463,0,0,0,0
1564.90111,0,0,0,0,0,0,0,118.8507837,0,0
637.89774,0,0,0,0,0,0,0,0,0,0
1414.00986,0,0,0,0,0,0,0,0,0,0
943.96072,0,114.813171,0,0,0,0,0,0,0,0
569.34243,165.5394255,0,0,0,0,0,0,0,0,0
1197.60101,165.3646121,0,0,0,0,0,0,0,0,0
370.01096,0,0,0,0,0,0,0,118.1949046,0,0
420.24319,0,0,129.6139188,0,0,0,0,0,0,0
1179.8535,0,0,0,0,0,0,0,0,0,0
1273.72773,0,0,0,0,0,0,0,0,0,0
1424.23864,165.0466676,0,0,0,0,0,0,0,0,0
1031.04973,0,0,0,0,0,0,0,0,174.9846014,0
664.44845,0,0,0,0,0,0,0,0,0,149.1219375
933.36163,0,0,0,0,0,0,0,0,0,0
679.96427,164.5855227,0,0,0,0,0,0,0,0,0
702.28588,164.3681554,0,0,0,0,0,0,0,0,0
1492.87836,0,0,0,0,0,0,0,0,0,0
512.14499,0,113.8866948,0,0,0,0,0,0,0,0
1065.53597,164.0688779,0,0,0,0,0,0,0,0,0
1553.14338,0,0,0,0,0,0,0,117.2467118,0,0
977.40509,163.928443,0,0,0,0,0,0,0,0,0
982.35979,0,0,0,0,0,0,0,0,0,0
449.17244,0,0,0,0,0,0,0,0,0,0
1071.12973,0,0,0,0,0,0,0,87.55770373,0,0
1151.00822,0,0,0,0,0,0,0,117.0087396,0,0
1148.96674,0,0,0,0,0,0,0,0,0,0
480.07215,0,0,0,0,0,0,0,49.36728021,0,0
1018.74297,163.3016973,0,0,0,0,0,0,0,0,0
986.66927,0,113.2008603,0,0,0,0,0,0,0,0
964.62919,0,0,0,0,0,0,0,0,0,0
963.06981,0,0,0,48.01028321,0,0,0,0,0,0
761.30238,0,0,127.9011908,0,0,0,0,0,0,0
886.59228,0,0,127.8666992,0,0,0,0,0,0,0
615.43078,162.5822387,0,0,0,0,0,0,0,0,0
1261.34228,0,0,0,0,0,0,0,0,0,0
896.43809,0,0,0,91.7658789,0,0,0,0,0,0
995.85811,0,0,0,0,0,0,0,0,0,0
1210.22355,0,0,0,0,203.8716146,0,0,0,0,0
1090.73075,0,0,0,0,0,0,181.59375,0,0,0
1278.93315,0,0,0,0,0,0,94.50128597,0,0,0
937.30261,0,0,0,0,0,241.0395764,0,0,0,0
1285.96492,0,112.3249377,0,0,0,0,0,0,0,0
1025.10729,0,0,0,0,0,0,0,0,0,0
1281.32774,0,0,0,0,0,0,0,0,265.0836446,0
1298.01438,161.5733719,0,0,0,0,0,0,0,0,0
638.92811,0,111.9736388,0,0,0,0,0,0,0,0
881.99366,0,0,0,0,0,0,0,0,264.454229,0
833.43474,0,0,0,35.31343506,0,0,0,0,0,0
835.15252,0,0,0,65.95118165,0,0,0,0,0,0
488.3308,0,0,0,0,0,0,0,0,0,0
599.05139,0,0,0,0,0,0,0,0,155.2395409,0
893.06048,0,0,0,0,0,0,0,0,0,0
798.34626,0,0,0,0,0,0,0,0,0,0
1255.68784,0,0,0,0,0,0,0,115.220938,0,0
558.07116,0,0,0,0,0,0,0,0,0,0
1059.07351,0,0,0,0,0,0,0,114.7432877,0,0
1338.07027,0,0,125.876397,0,0,0,0,0,0,0
1205.80209,0,0,79.28425431,0,0,0,0,0,0,0
896.11664,0,0,125.7054037,0,0,0,0,0,0,0
1454.03696,0,0,0,0,0,238.1494141,0,0,0,0
1263.82199,0,0,0,0,0,0,0,114.4832377,0,0
736.50138,0,110.7895418,0,0,0,0,0,0,0,0
1058.91946,0,0,0,0,0,0,0,0,0,0
982.38809,0,0,125.2910835,0,0,0,0,0,0,0
792.08923,0,0,0,0,0,0,88.93304262,0,0,0
796.22388,0,0,0,0,0,0,0,114.1638771,0,0
1293.03959,0,0,0,0,0,0,0,75.29691829,0,0
1593.27824,0,0,0,0,0,0,0,0,261.039657,0
1067.99638,0,0,0,0,0,0,0,113.8641713,0,0
615.45583,159.1298914,0,0,0,0,0,0,0,0,0
982.12078,0,0,0,0,0,0,0,0,0,0
1186.08961,53.19052907,0,0,0,0,0,0,75.72019633,0,0
670.38578,0,0,0,0,0,0,0,0,0,0
1344.84028,0,0,124.5534668,0,0,0,0,0,0,0
1009.99288,0,0,0,0,0,0,0,0,0,0
919.18797,0,0,124.3864339,0,0,0,0,0,0,0
1451.3801,0,0,0,0,0,0,0,0,0,0
596.2208,0,0,124.0895589,0,0,0,0,0,0,0
1277.22525,0,0,0,0,0,0,0,0,0,0
1319.71784,0,0,0,0,0,0,0,112.9992212,0,0
732.80344,0,0,0,0,0,0,176.6817566,0,0,0
1565.02544,0,0,0,0,0,0,0,112.9072266,0,0
882.01247,0,0,0,0,0,0,0,0,0,105.5386641
1208.70057,0,0,0,0,0,0,0,112.8413889,0,0
865.22799,0,0,0,0,0,0,0,0,0,0
1192.06019,0,0,0,0,0,0,0,0,0,0
1233.15176,0,0,68.65363227,0,0,0,0,0,0,0
987.50273,0,0,0,0,0,233.6957237,0,0,0,0
648.36679,0,0,0,0,0,0,0,0,0,0
656.01597,0,0,0,0,197.301671,0,0,0,0,0
608.40823,0,0,0,0,0,0,0,0,0,0
387.15721,0,0,0,0,0,0,0,0,129.3631822,0
1673.17725,0,0,0,0,0,0,0,0,0,0
1308.04089,156.8846792,0,0,0,0,0,0,0,0,0
1221.65597,0,0,0,0,0,0,175.442934,0,0,0
1161.66314,0,90.94757718,0,0,0,0,0,0,0,0
1355.74931,0,0,0,88.5211621,0,0,0,0,0,0
540.15404,0,0,0,0,0,0,100.4128733,0,0,0
1168.19972,0,0,122.8596327,0,0,0,0,0,0,0
1165.44091,156.5349316,0,0,0,0,0,0,0,0,0
794.29213,0,0,122.8340115,0,0,0,0,0,0,0
908.47765,0,0,0,88.34958985,0,0,0,0,0,0
1363.95058,0,108.345799,0,0,0,0,0,0,0,0
932.02813,0,0,0,0,0,0,0,0,0,0
1485.7402,0,0,0,0,0,231.993678,0,0,0,0
1066.60999,0,0,0,0,0,0,0,0,0,0
1185.63311,0,0,0,0,0,231.7971063,0,0,0,0
1148.1043,0,0,0,0,0,0,0,110.8383727,0,0
1282.10494,0,0,0,0,0,0,0,110.7966896,0,0
1349.74978,0,0,0,0,0,0,0,0,0,0
1287.33819,0,0,0,0,0,0,0,0,253.68232,0
1542.94657,0,0,0,0,0,0,0,110.7828446,0,0
982.23734,0,0,0,0,0,0,0,0,0,0
1423.35762,0,0,0,0,194.0638889,0,0,0,0,0
1044.06879,0,0,0,0,0,0,0,77.49714449,0,0
563.17294,154.3396536,0,0,0,0,0,0,0,0,0
1605.26648,0,0,0,0,0,0,0,0,0,0
1021.36441,0,0,0,0,0,0,0,0,0,0
440.11746,0,0,0,0,0,0,0,0,0,139.1820938
986.68051,0,0,0,0,0,228.6437859,0,0,0,0
570.24798,0,0,0,0,0,0,0,0,0,0
1553.1597,0,0,120.438151,0,0,0,0,0,0,0
1237.42473,0,0,0,0,0,0,0,0,251.2571897,0
1074.07404,0,0,0,0,0,0,0,109.6366816,0,0
1509.11944,0,0,0,0,0,0,171.3232519,0,0,0
1549.04904,0,49.57583038,0,0,0,0,0,0,0,0
706.10119,0,0,0,0,0,0,171.0575302,0,0,0
781.06128,0,105.9324434,0,0,0,0,0,0,0,0
1102.13168,0,105.9137749,0,0,0,0,0,0,0,0
1100.02166,0,0,0,0,0,0,0,109.1950653,0,0
752.42811,0,0,0,0,0,0,0,0,0,0
398.10207,0,0,0,0,0,0,0,109.0771206,0,0
1129.97765,0,0,0,0,0,0,0,0,0,0
793.26916,0,0,119.3881565,0,0,0,0,0,0,0
887.55842,0,0,0,0,0,0,0,0,0,0
970.21792,0,0,119.1086833,0,0,0,0,0,0,0
1114.92081,0,0,0,0,0,0,0,0,0,0
908.46956,0,0,0,0,189.7192491,0,0,0,0,0
417.93876,0,0,0,0,0,0,0,0,0,0
871.40312,0,0,0,0,0,0,0,0,0,0
951.32223,150.8087493,0,0,0,0,0,0,0,0,0
415.94584,0,0,0,0,0,224.1766293,0,0,0,0
1379.82576,0,0,49.51143731,0,0,0,0,0,0,0
1135.87527,0,0,0,0,0,0,0,107.629067,0,0
750.11279,0,0,118.0295953,0,0,0,0,0,0,0
385.12079,0,0,0,0,0,0,62.96071028,0,0,0
583.25874,0,0,0,0,0,223.0259561,0,0,0,0
1305.67886,0,0,0,84.72088865,0,0,0,0,0,0
720.31779,0,0,0,0,0,0,0,0,0,0
812.50327,149.6137652,0,0,0,0,0,0,0,0,0
1276.75845,0,0,0,0,0,0,0,0,0,135.2121562
1369.30495,0,0,0,0,187.6922092,0,0,0,0,0
1070.51136,0,0,0,0,0,0,0,106.8795243,0,0
1278.87377,149.4241219,0,0,0,0,0,0,0,0,0
1025.32116,149.3265349,0,0,0,0,0,0,0,0,0
1249.21609,0,0,0,0,0,0,0,0,244.5222487,0
982.41289,0,0,117.1368951,0,0,0,0,0,0,0
1155.64542,0,0,0,84.2633203,0,0,0,0,0,0
603.40382,0,0,0,0,187.2140408,0,0,0,0,0
1008.23823,0,0,0,84.1982422,0,0,0,0,0,0
971.19945,0,0,0,0,0,0,0,0,0,0
755.19319,0,0,116.6654595,0,0,0,0,0,0,0
922.12713,0,0,0,0,0,0,0,106.2871835,0,0
831.89764,0,0,116.5441488,0,0,0,0,0,0,0
1077.39207,0,0,0,0,0,0,0,0,0,0
1008.24105,0,0,0,0,0,0,0,0,0,0
1021.99613,0,0,0,0,0,0,0,0,242.8731601,0
683.42246,0,0,0,0,0,220.4346474,0,0,0,0
1485.29007,0,0,0,0,186.0843967,0,0,0,0,0
1281.96123,0,0,0,0,0,0,165.6494238,0,0,0
400.10418,0,0,0,62.69236815,0,0,0,0,0,0
392.15404,0,0,0,0,0,0,0,0,0,0
935.11904,0,0,0,0,0,0,0,0,0,0
457.97447,0,0,0,0,0,0,0,0,0,0
848.22224,0,0,0,0,185.392947,0,0,0,0,0
1113.76602,147.6570796,0,0,0,0,0,0,0,0,0
1424.10247,0,0,0,0,0,0,0,105.482459,0,0
1090.90566,0,0,0,0,0,0,0,0,0,0
1429.36028,0,0,0,0,185.1165799,0,0,0,0,0
1333.04585,0,0,0,0,0,0,0,105.3477428,0,0
1309.69992,0,102.076759,0,0,0,0,0,0,0,0
709.23291,0,0,115.54206,0,0,0,0,0,0,0
794.10015,0,0,0,0,0,0,0,0,0,0
1607.01883,0,102.0335746,0,0,0,0,0,0,0,0
545.92307,0,0,0,0,0,0,0,0,0,0
1167.18068,0,0,115.213406,0,0,0,0,0,0,0
727.95151,0,0,0,0,0,0,0,104.8854578,0,0
761.28862,0,0,0,0,151.9474609,0,0,0,0,0
1269.96166,0,0,0,0,0,0,0,104.7867261,0,0
1293.91477,0,0,114.9049344,0,0,0,0,0,0,0
1009.09716,0,0,0,0,0,0,0,0,0,0
1044.21475,0,0,0,0,0,0,0,104.6296603,0,0
892.32941,0,0,0,82.5830371,0,0,0,0,0,0
1424.10365,0,0,114.6593424,0,0,0,0,0,0,0
1543.06128,0,0,114.5681288,0,0,0,0,0,0,0
1280.0554,145.890867,0,0,0,0,0,0,0,0,0
837.22638,0,0,0,0,0,0,0,0,0,0
1012.1208,0,0,0,0,0,0,0,104.0974956,0,0
982.34076,0,0,0,0,0,216.4101563,0,0,0,0
702.90982,0,0,0,0,0,0,0,0,0,0
1603.90048,0,0,114.1517199,0,0,0,0,0,0,0
798.86158,0,0,0,0,0,0,0,0,0,0
770.02517,0,0,0,0,0,0,0,103.9260408,0,0
1673.10373,0,0,0,0,0,0,0,103.8589053,0,0
1247.13306,144.8361967,0,0,0,0,0,0,0,0,0
1203.62884,0,0,0,37.85480713,0,0,0,0,0,0
1164.75453,0,0,113.5594753,0,0,0,0,0,0,0
1320.95377,0,0,113.4133911,0,0,0,0,0,0,0
589.16347,0,0,0,81.5588672,0,0,0,0,0,0
518.11144,0,0,0,0,0,0,0,0,0,0
1456.91103,0,0,0,0,0,0,0,103.108726,0,0
1087.37931,0,0,0,81.40572755,0,0,0,0,0,0
1291.77548,0,0,0,0,0,0,0,0,0,0
1021.4071,0,0,0,0,0,0,0,0,0,0
1182.19125,0,0,0,0,0,0,0,0,235.3838457,0
518.05985,0,0,0,0,0,0,0,0,235.2300867,0
1421.92902,0,99.53895466,0,0,0,0,0,0,0,0
606.46809,0,0,0,0,0,0,0,0,0,0
1759.00503,0,0,112.4787937,0,0,0,0,0,0,0
412.97185,0,0,0,0,0,0,131.2247545,0,0,0
872.44172,0,0,0,0,0,0,0,0,0,0
640.9473,0,0,0,0,0,0,0,0,234.3330645,0
1248.12136,0,0,0,80.8102881,0,0,0,0,0,0
941.65112,0,0,0,0,0,0,0,0,0,0
1057.43619,0,0,112.2052613,0,0,0,0,0,0,0
1458.85233,0,0,0,0,0,0,0,102.1843354,0,0
970.3667,0,0,0,0,0,0,0,102.1414965,0,0
1071.58186,142.7678633,0,0,0,0,0,0,0,0,0
990.47297,142.6939816,0,0,0,0,0,0,0,0,0
1422.89577,0,0,0,0,0,0,0,0,0,0
1563.97276,0,0,0,0,0,0,0,101.9284513,0,0
392.16415,90.30671841,0,0,0,0,0,0,0,0,0
790.08401,0,0,111.7872992,0,0,0,0,0,0,0
655.13726,0,0,0,80.3941699,0,0,0,0,0,0
1112.5803,0,0,0,0,0,0,159.1315943,0,0,0
875.46778,0,0,0,80.35373535,0,0,0,0,0,0
1248.13583,0,98.55898319,0,0,0,0,0,0,0,0
1102.30151,0,0,0,0,178.4466906,0,0,0,0,0
1198.81147,0,0,0,0,0,0,0,0,0,0
725.38891,0,0,0,0,0,0,0,101.5584763,0,0
1068.04718,0,0,0,0,0,0,158.6596922,0,0,0
971.21627,0,0,111.1225722,0,0,0,0,0,0,0
1366.95174,0,0,0,0,0,0,0,0,0,0
1057.45849,0,0,0,0,0,0,0,0,0,0
605.91844,0,0,0,0,0,0,111.9501856,0,0,0
1131.76159,0,0,0,0,0,0,0,100.9716055,0,0
702.91454,0,0,0,0,0,0,0,0,0,0
949.3417,0,0,110.4978638,0,0,0,0,0,0,0
1262.01197,0,97.53930816,0,0,0,0,0,0,0,0
663.87898,0,0,110.2233887,0,0,0,0,0,0,0
1156.02631,0,0,0,0,0,0,0,0,0,0
1074.74073,0,0,0,0,0,0,0,0,0,0
1483.00814,0,0,109.9589369,0,0,0,0,0,0,0
1609.97697,0,0,0,0,0,0,0,62.41853738,0,0
1016.02453,0,0,0,79.15558105,0,0,0,0,0,0
1554.09135,0,0,0,0,0,0,0,100.1660527,0,0
1470.38903,0,0,0,0,0,0,0,0,0,0
1510.86815,0,0,0,0,0,0,0,89.33419449,0,0
889.39531,0,0,0,0,0,0,0,0,0,0
403.01405,0,0,109.7141656,0,0,0,0,0,0,0
982.23509,0,0,0,0,0,0,0,0,0,0
497.93957,0,0,0,0,0,0,156.054001,0,0,0
606.96581,0,0,0,0,0,0,155.775642,0,0,0
1070.28887,0,0,0,0,0,0,0,0,0,0
843.31086,0,0,0,0,0,206.6829255,0,0,0,0
1193.15356,0,0,73.24646674,0,0,0,0,0,0,0
1033.18567,0,0,108.9130927,0,0,0,0,0,0,0
842.10667,0,0,0,0,0,0,0,0,0,0
1134.63003,138.632778,0,0,0,0,0,0,0,0,0
1018.02737,0,0,0,0,0,0,0,99.13528481,0,0
734.75501,0,0,108.7344089,0,0,0,0,0,0,0
964.99468,0,0,0,0,0,205.9103618,0,0,0,0
1690.08154,0,0,0,0,0,0,0,98.96599335,0,0
803.40464,0,0,0,0,121.1609376,0,0,0,0,0
1158.06046,0,0,0,0,0,0,0,0,0,0
1209.61468,0,0,0,0,0,169.0324707,0,0,0,0
768.00221,0,0,0,0,172.3295899,0,0,0,0,0
1424.14952,0,0,97.41267903,0,0,0,0,0,0,0
562.96353,0,0,0,0,172.059375,0,0,0,0,0
803.11891,0,0,0,0,171.9823568,0,0,0,0,0
1248.14221,0,0,107.4544678,0,0,0,0,0,0,0
1091.53173,136.8680517,0,0,0,0,0,0,0,0,0
815.495,0,0,0,0,0,0,0,97.80469987,0,0
551.38105,0,0,0,0,0,202.9930228,0,0,0,0
919.44862,0,0,0,0,0,0,0,0,0,123.1180469
1560.33332,0,0,0,0,170.9757812,0,0,0,0,0
679.89114,0,0,106.7875706,0,0,0,0,0,0,0
1047.38743,135.8915757,0,0,0,0,0,0,0,0,0
1445.39033,0,0,0,0,0,0,0,0,0,0
1417.13949,0,0,0,0,0,0,0,97.15511892,0,0
1261.99495,0,0,0,0,0,0,0,97.10422639,0,0
1472.00734,0,0,0,0,0,0,0,97.08790297,0,0
1077.12749,0,0,0,41.83336426,0,0,0,0,0,0
1088.04925,0,0,0,0,0,0,0,0,0,0
540.21427,0,0,0,0,0,0,0,96.70225348,0,0
1237.30965,0,0,0,0,169.526237,0,0,0,0,0
1065.56234,135.0176473,0,0,0,0,0,0,0,0,0
1418.18078,0,0,105.9175008,0,0,0,0,0,0,0
985.22195,0,0,0,0,169.1568468,0,0,0,0,0
803.28683,0,0,0,0,0,0,0,0,0,0
1316.01411,0,0,0,0,0,0,0,0,0,0
565.17481,0,0,0,0,0,0,0,0,0,0
592.03532,0,0,0,0,0,0,0,0,0,0
876.55056,0,0,105.4376899,0,0,0,0,0,0,0
981.98109,0,0,0,0,0,0,0,96.07523241,0,0
1494.92803,0,0,105.2159967,0,0,0,0,0,0,0
787.38166,0,0,0,0,0,199.1383507,0,0,0,0
1182.07422,0,0,105.0763685,0,0,0,0,0,0,0
1056.10796,0,0,0,0,0,0,101.356629,0,0,0
876.09019,0,0,0,75.4092041,0,0,0,0,0,0
549.13496,0,0,0,54.1989453,0,0,0,0,0,0
474.9621,0,0,0,0,0,0,0,0,0,120.4219218
952.49678,0,0,0,0,0,0,0,0,0,120.3295547
1218.0416,0,0,0,0,0,0,148.8229328,0,0,0
1247.12063,0,0,0,75.114126,0,0,0,0,0,0
1779.39085,0,0,0,0,166.7677626,0,0,0,0,0
745.21067,0,0,0,75.03237795,0,0,0,0,0,0
762.24793,0,0,103.9116075,0,0,0,0,0,0,0
1432.8701,0,0,103.6484443,0,0,0,0,0,0,0
543.8303,0,0,0,0,0,0,0,0,0,0
763.0073,0,0,0,0,0,0,0,0,0,0
1091.58913,0,0,0,0,0,196.25478,0,0,0,0
1053.13048,0,0,0,0,0,0,0,94.37706437,0,0
1475.02492,0,0,0,0,0,0,0,0,0,0
888.00067,0,0,0,0,165.5027561,0,0,0,0,0
569.95636,0,0,0,0,165.3645291,0,0,0,0,0
1278.99832,0,0,0,0,0,0,0,0,0,0
489.34896,0,0,103.2886013,0,0,0,0,0,0,0
732.47667,0,0,0,0,0,0,147.1190052,0,0,0
706.14477,0,91.0417765,0,0,0,0,0,0,0,0
670.36997,0,0,0,0,0,0,0,0,0,0
1280.92113,0,90.9954527,0,0,0,0,0,0,0,0
1511.16524,0,0,0,0,0,0,0,0,0,118.5882344
847.39357,131.1814765,0,0,0,0,0,0,0,0,0
683.43756,0,90.92053896,0,0,0,0,0,0,0,0
492.06866,0,0,102.849094,0,0,0,0,0,0,0
942.03273,0,0,0,0,0,0,0,0,0,0
1626.89352,0,0,0,0,0,0,0,93.69241373,0,0
1675.19425,0,0,102.7314589,0,0,0,0,0,0,0
1063.58232,0,0,0,73.96274415,0,0,0,0,0,0
407.93963,0,0,0,0,0,0,0,0,0,0
617.06152,0,0,0,56.1284375,0,0,0,0,0,0
838.09015,0,0,0,0,0,0,146.1801323,0,0,0
1357.16697,0,0,0,0,0,0,0,61.15218923,0,0
567.42068,0,0,0,0,0,0,0,0,0,0
1284.9396,0,0,0,0,0,0,0,0,0,0
1009.14352,0,0,0,0,0,0,0,0,0,0
1033.1521,0,0,0,0,0,0,0,92.90749854,0,0
1219.13845,0,0,101.9051039,0,0,0,0,0,0,0
1025.26794,0,0,0,0,0,0,0,0,0,0
756.13662,0,0,0,0,0,0,0,92.76421576,0,0
1509.07749,0,0,101.7012668,0,0,0,0,0,0,0
797.91186,0,0,0,0,0,0,0,92.67763551,0,0
384.17618,0,0,0,0,0,0,0,0,0,0
978.99469,0,0,0,0,0,0,0,0,0,0
1196.79529,0,0,0,0,0,0,0,0,0,0
1221.59587,0,0,0,0,0,0,0,0,0,0
1097.66211,0,0,0,0,0,0,0,0,0,0
1290.82124,0,89.48786184,0,0,0,0,0,0,0,0
1495.00831,0,0,101.2861125,0,0,0,0,0,0,0
439.25823,0,0,0,0,0,0,0,0,0,0
1645.10004,0,0,0,0,0,0,0,92.21069025,0,0
1177.59066,0,0,0,72.8354883,0,0,0,0,0,0
1047.36151,0,0,0,0,0,0,0,0,0,0
1043.98822,0,0,0,0,161.6563042,0,0,0,0,0
1423.11982,0,0,0,0,0,0,0,0,0,0
916.0143,128.7498704,0,0,0,0,0,0,0,0,0
1510.09901,0,0,0,0,0,0,143.9322884,0,0,0
426.05135,0,0,0,0,0,0,0,74.10489392,0,0
1245.27353,0,0,100.7942437,0,0,0,0,0,0,0
1129.70769,128.2442789,0,0,0,0,0,0,0,0,0
1136.97378,0,0,0,0,0,0,0,0,0,0
1072.15918,0,88.79594638,0,0,0,0,0,0,0,0
638.04995,0,0,0,0,0,0,0,0,0,0
996.63061,0,0,0,0,0,0,0,0,0,0
1176.02172,0,0,0,0,0,0,0,0,0,0
1122.2438,0,0,100.0774265,0,0,0,0,0,0,0
533.21758,0,0,0,0,0,0,142.3694114,0,0,0
1642.87346,0,0,0,0,0,0,0,90.82839076,0,0
401.22319,126.8283842,0,0,0,0,0,0,0,0,0
1250.09145,0,87.90929951,0,0,0,0,0,0,0,0
1307.02075,0,0,99.47607424,0,0,0,0,0,0,0
1809.08046,0,0,0,0,0,0,0,90.66051475,0,0
949.25577,0,0,0,0,0,0,0,0,0,0
1144.69391,0,0,0,0,0,0,0,0,0,0
1355.15241,0,0,99.32738576,0,0,0,0,0,0,0
947.43354,0,0,0,0,0,0,0,0,0,0
378.0633,0,0,0,71.4627051,0,0,0,0,0,0
1571.1624,0,0,0,0,0,0,0,90.44398361,0,0
1114.12167,0,0,0,0,0,0,0,0,0,0
606.9566,0,0,0,0,0,0,141.3552657,0,0,0
1322.37495,0,0,0,0,0,0,0,0,0,0
422.26278,0,0,0,0,0,0,0,90.0714312,0,0
481.17753,0,0,0,0,157.9975803,0,0,0,0,0
1027.50582,125.8196816,0,0,0,0,0,0,0,0,0
943.30209,0,0,0,0,0,186.940828,0,0,0,0
1086.1083,0,0,0,0,0,0,0,0,0,0
910.01105,0,0,0,0,0,186.8120759,0,0,0,0
1509.17776,0,0,0,0,0,0,0,89.79277095,0,0
790.10137,0,0,0,70.91237305,0,0,0,0,0,0
1509.1466,125.4936826,0,0,0,0,0,0,0,0,0
875.17679,0,0,0,0,0,0,0,0,0,0
1035.64705,0,0,0,0,0,0,0,89.71076443,0,0
1356.85384,0,0,98.4269409,0,0,0,0,0,0,0
403.93125,0,0,98.42110868,0,0,0,0,0,0,0
1509.92619,0,0,0,0,0,0,0,89.69160405,0,0
520.08487,0,0,0,0,0,0,0,89.64249158,0,0
523.21673,0,0,98.28225368,0,0,0,0,0,0,0
787.08217,0,86.76333037,0,0,0,0,0,0,0,0
551.36521,0,0,0,0,0,0,0,89.4951543,0,0
919.1736,0,0,0,0,156.8194336,0,0,0,0,0
857.41088,0,0,0,0,0,0,0,89.28814158,0,0
1057.40993,0,0,0,0,0,0,0,0,0,0
1332.06486,0,0,0,0,0,0,0,88.96883038,0,0
1012.68502,0,0,0,0,0,184.8590666,0,0,0,0
924.48626,0,0,0,70.18192385,0,0,0,0,0,0
1571.09557,0,0,97.44729951,0,0,0,0,0,0,0
752.27327,0,0,0,0,0,0,0,0,0,0
1275.2457,0,0,0,0,155.7669162,0,0,0,0,0
1051.52492,0,0,0,0,0,0,0,88.72446101,0,0
1061.76329,0,0,97.29580347,0,0,0,0,0,0,0
718.10456,0,0,0,0,0,0,0,0,202.6562925,0
373.14871,0,0,0,0,0,0,0,0,0,0
494.04478,0,0,0,69.8009961,0,0,0,0,0,0
1184.76315,123.3116012,0,0,0,0,0,0,0,0,0
1265.59202,0,0,0,69.5089844,0,0,0,0,0,0
1034.73798,0,0,0,69.28632815,0,0,0,0,0,0
521.24607,0,0,0,0,0,182.1636257,0,0,0,0
581.16866,0,0,0,0,0,0,0,0,0,110.6514062
1057.32195,0,0,0,0,0,0,0,0,0,0
1044.22899,0,0,0,69.124209,0,0,0,0,0,0
1298.83231,0,0,96.00144451,0,0,0,0,0,0,0
1637.67241,0,0,0,0,0,0,0,0,199.8643003,0
1303.0916,0,0,0,0,0,0,0,0,0,0
446.98257,0,84.56651411,0,0,0,0,0,0,0,0
1071.12431,0,0,0,0,0,0,0,87.16594146,0,0
758.22154,121.8664183,0,0,0,0,0,0,0,0,0
1085.17694,0,0,0,0,0,0,0,87.03835791,0,0
816.93365,0,84.04957104,0,0,0,0,0,0,0,0
1320.6698,0,0,0,0,0,0,0,86.58578918,0,0
838.97105,0,83.88655098,0,0,0,0,0,0,0,0
1385.13002,0,0,0,0,0,0,0,0,0,109.363211
383.15122,120.9448027,0,0,0,0,0,0,0,0,0
1326.89017,0,0,0,0,0,0,0,86.47548089,0,0
1137.00693,0,83.80442387,0,0,0,0,0,0,0,0
1399.05292,0,0,94.85340035,0,0,0,0,0,0,0
1337.68063,0,83.77071748,0,0,0,0,0,0,0,0
492.03276,0,0,0,0,0,0,0,86.30281475,0,0
1045.18314,0,0,0,0,0,0,0,86.29176968,0,0
446.06752,0,0,0,0,0,0,0,86.24590835,0,0
1095.34071,0,0,0,0,0,0,0,0,0,0
1423.11177,0,0,0,0,0,0,0,86.10219911,0,0
440.21153,0,0,0,0,0,178.7033949,0,0,0,0
901.21902,0,0,0,0,0,0,0,0,196.4331833,0
1275.31675,0,0,0,0,0,0,0,0,196.3514351,0
973.48504,0,0,0,0,0,177.7997533,0,0,0,0
1248.66494,0,82.86201712,0,0,0,0,0,0,0,0
1485.74851,0,0,0,67.5320166,0,0,0,0,0,0
1560.12031,0,0,0,0,0,0,0,0,0,0
1510.05866,0,0,0,0,0,0,0,0,0,0
754.93607,0,0,0,0,0,0,0,0,0,48.97683203
1481.79549,0,0,0,0,0,0,0,0,0,107.7882969
1168.69022,0,0,0,67.3311865,0,0,0,0,0,0
636.93125,0,0,0,0,0,0,0,0,0,0
602.13481,0,82.11214294,0,0,0,0,0,0,0,0
1104.02834,0,0,0,0,0,0,0,0,193.8282241,0
1424.14145,0,0,0,0,0,175.8737921,0,0,0,0
1253.12882,0,0,92.78962535,0,0,0,0,0,0,0
495.21186,0,0,0,0,0,175.717208,0,0,0,0
468.10715,118.1209642,0,0,0,0,0,0,0,0,0
871.94502,0,0,92.56344264,0,0,0,0,0,0,0
1084.59094,0,81.75105448,0,0,0,0,0,0,0,0
1511.87339,0,0,0,0,0,0,0,84.20971373,0,0
760.47671,0,0,92.15419514,0,0,0,0,0,0,0
1059.22625,0,0,0,0,0,0,0,83.9205338,0,0
1345.13245,0,0,0,0,0,0,0,0,0,0
716.47879,0,0,0,0,0,0,0,83.68465684,0,0
1031.51222,0,0,0,0,0,173.7806075,0,0,0,0
859.42189,116.8082827,0,0,0,0,0,0,0,0,0
740.06452,0,0,0,65.99203615,0,0,0,0,0,0
1043.10824,0,0,0,65.96043945,0,0,0,0,0,0
532.03659,0,0,0,0,0,173.5685778,0,0,0,0
1509.13745,0,0,0,0,0,0,0,0,0,0
987.4793,0,0,0,0,0,173.2551526,0,0,0,0
654.1431,0,0,0,0,0,0,0,0,0,0
1234.8455,116.4433681,0,0,0,0,0,0,0,0,0
428.19711,0,0,0,0,0,0,0,0,0,0
924.47128,0,0,0,0,0,0,0,83.16806766,0,0
1645.42745,0,0,0,0,0,0,0,0,190.3951681,0
500.95453,0,0,0,0,0,0,130.0700611,0,0,0
472.89701,0,0,0,0,0,0,0,0,0,0
1609.99476,0,0,91.03846569,0,0,0,0,0,0,0
1041.72132,0,80.34595479,0,0,0,0,0,0,0,0
1047.27108,115.815179,0,0,0,0,0,0,0,0,0
580.27843,0,0,0,0,0,0,0,82.8084269,0,0
1229.62817,0,0,0,0,0,0,0,0,0,0
496.33438,0,0,0,0,0,171.8291658,0,0,0,0
957.27477,0,0,90.67089847,0,0,0,0,0,0,0
1244.01906,0,0,90.65787083,0,0,0,0,0,0,0
976.1528,0,0,0,0,144.8320747,0,0,0,0,0
1197.80436,0,0,0,65.0909668,0,0,0,0,0,0
418.10421,0,0,0,0,0,0,0,82.38437006,0,0
444.98702,0,0,0,0,144.568674,0,0,0,0,0
778.33221,0,79.75266006,0,0,0,0,0,0,0,0
914.2072,0,0,0,0,0,0,0,0,0,0
1321.30654,0,0,0,0,0,0,0,0,0,0
802.38198,0,0,0,0,0,0,0,0,0,0
370.95096,0,0,90.15822347,0,0,0,0,0,0,0
1114.79321,0,0,0,0,0,0,0,0,0,0
1446.40074,0,0,0,0,0,0,0,0,0,0
794.41486,114.6064712,0,0,0,0,0,0,0,0,0
766.1406,0,0,0,0,0,0,0,0,0,0
413.3023,0,0,89.87002222,0,0,0,0,0,0,0
526.18932,0,0,0,0,0,0,0,81.90182456,0,0
920.91025,0,0,0,0,0,170.2351074,0,0,0,0
485.35996,0,0,0,0,0,0,0,0,187.1949445,0
856.91854,0,0,0,0,0,0,0,81.72986924,0,0
1325.93859,0,79.17838141,0,0,0,0,0,0,0,0
1606.9583,0,0,89.62186688,0,0,0,0,0,0,0
1166.01298,114.1910865,0,0,0,0,0,0,0,0,0
656.30565,114.1029452,0,0,0,0,0,0,0,0,0
1266.89983,0,79.05656276,0,0,0,0,0,0,0,0
903.40694,0,0,0,0,0,0,0,81.50814006,0,0
476.96034,0,0,0,0,0,0,0,0,0,0
991.22928,0,0,89.30794271,0,0,0,0,0,0,0
440.16109,0,0,0,64.300791,0,0,0,0,0,0
1486.37205,0,0,0,0,0,0,0,0,186.1840609,0
1559.14762,0,0,0,0,0,0,0,0,0,102.6762266
1542.77646,0,0,89.08079021,0,0,0,0,0,0,0
1408.83376,0,0,0,0,0,0,126.8666267,0,0,0
1497.41212,0,0,0,0,142.35727,0,0,0,0,0
1102.04009,0,0,0,0,0,0,0,0,0,0
1161.10111,0,0,0,0,0,60.58487099,0,0,0,0
1174.015,0,0,0,0,0,0,0,0,0,0
746.50659,0,0,0,63.87760255,0,0,0,0,0,0
948.10942,0,0,0,0,0,0,0,0,0,102.1950703
668.31093,112.8886027,0,0,0,0,0,0,0,0,0
1273.68558,0,0,0,0,0,167.4847347,0,0,0,0
882.0555,0,0,0,0,0,0,0,0,0,0
1474.84767,0,0,88.24123806,0,0,0,0,0,0,0
539.82832,0,0,0,0,0,0,0,0,0,101.5950938
908.5609,0,0,0,0,141.0950412,0,0,0,0,0
1251.02023,0,0,88.17554389,0,0,0,0,0,0,0
1010.0613,0,0,0,0,0,0,118.5372641,0,0,0
943.95864,0,0,0,0,0,0,0,80.33070854,0,0
1559.16879,0,0,88.09473333,0,0,0,0,0,0,0
509.90727,0,0,0,0,0,0,0,0,0,0
502.12888,111.4868294,0,0,0,0,0,0,0,0,0
408.18265,0,33.87014115,0,0,0,0,0,0,0,0
1055.25841,0,0,0,0,0,0,0,0,181.9664572,0
640.01515,0,0,0,0,0,0,0,79.39731259,0,0
1418.36098,0,0,0,0,139.3151259,0,0,0,0,0
444.10294,0,0,0,0,0,0,0,0,0,0
906.48131,110.9145724,0,0,0,0,0,0,0,0,0
969.43981,0,0,0,0,0,0,0,0,0,0
1253.52232,110.6578402,0,0,0,0,0,0,0,0,0
530.06516,0,0,0,0,0,0,123.7318128,0,0,0
1441.96026,0,0,86.66901313,0,0,0,0,0,0,0
1241.70993,0,0,0,0,0,0,0,0,0,0
440.06129,0,0,0,0,0,0,0,0,180.6254104,0
696.1704,0,0,0,0,0,0,123.3626818,0,0,0
1315.03794,0,0,86.34006076,0,0,0,0,0,0,0
1645.171,0,0,0,62.12509275,0,0,0,0,0,0
603.93506,0,0,0,0,0,0,0,0,0,0
1474.39813,0,0,0,0,0,0,0,0,179.976421,0
697.95294,0,0,0,0,0,0,0,0,179.9212806,0
1358.15442,0,0,0,62.0553662,0,0,0,0,0,0
1372.04574,0,0,0,0,0,0,0,0,0,0
744.18039,0,0,0,0,0,0,0,78.41741247,0,0
1662.4321,0,0,0,0,0,0,0,0,179.3000877,0
1522.15527,0,0,0,61.8358252,0,0,0,0,0,0
1032.96706,109.3269324,0,0,0,0,0,0,0,0,0
1019.51267,109.3196125,0,0,0,0,0,0,0,0,0
1111.12254,0,0,0,0,0,0,0,0,0,0
1706.45472,0,0,0,0,136.9003689,0,0,0,0,0
1135.95688,0,0,0,0,0,0,0,77.78864222,0,0
1010.0762,0,0,0,0,0,0,0,0,0,0
951.20509,0,0,0,61.3469287,0,0,0,0,0,0
526.24476,0,0,0,0,0,161.4054662,0,0,0,0
1096.711,0,0,0,0,0,0,0,0,0,0
1085.29541,0,0,0,0,0,0,0,0,0,0
907.19509,0,0,0,0,0,0,0,0,0,0
772.45752,0,0,0,0,0,160.9406482,0,0,0,0
866.92023,0,0,0,0,135.7985026,0,0,0,0,0
1559.32709,0,0,0,0,0,0,0,0,177.1147532,0
1119.47243,0,0,0,0,0,160.7009278,0,0,0,0
876.03606,0,0,0,0,0,160.5650186,0,0,0,0
1345.17629,0,0,0,60.95044435,0,0,0,0,0,0
1057.31395,0,0,0,0,0,0,0,0,0,0
496.83837,0,0,0,0,0,0,0,0,0,97.13875
1247.20083,0,0,84.32067194,0,0,0,0,0,0,0
664.42501,0,0,84.216295,0,0,0,0,0,0,0
512.2,0,0,0,0,0,0,0,0,0,0
1646.17284,0,0,0,60.62754885,0,0,0,0,0,0
1186.08529,0,0,0,0,0,0,0,0,0,0
974.45807,0,0,0,0,0,159.3661082,0,0,0,0
1278.16138,0,0,0,0,134.3983073,0,0,0,0,0
490.06188,0,0,0,0,0,0,119.6412922,0,0,0
1311.97654,0,0,0,0,0,158.9421643,0,0,0,0
1076.02986,0,0,0,0,0,0,0,0,0,0
978.10983,0,0,0,0,0,0,0,0,0,96.3786016
1101.29827,0,0,0,0,0,0,0,0,174.5065529,0
633.73687,0,0,0,0,133.7354058,0,0,0,0,0
1646.19538,0,0,0,0,0,0,0,0,0,96.26271872
1543.87701,0,0,0,0,0,0,0,76.15665177,0,0
1077.14903,0,0,0,0,0,0,0,75.87012956,0,0
1255.82257,0,0,0,0,0,0,0,0,0,0
1085.29876,0,0,0,0,132.8543186,0,0,0,0,0
1247.09855,0,0,0,0,0,0,0,0,0,0
1169.0765,0,0,82.98367646,0,0,0,0,0,0,0
1495.87282,0,0,82.92352292,0,0,0,0,0,0,0
935.37645,0,0,0,0,0,0,0,75.54699861,0,0
684.19669,0,0,0,0,0,0,0,0,172.9859319,0
1044.11988,0,0,0,59.63282225,0,0,0,0,0,0
1307.89751,0,0,0,0,0,0,0,75.43411291,0,0
1526.7941,0,0,82.5688341,0,0,0,0,0,0,0
552.26097,0,72.84299509,0,0,0,0,0,0,0,0
954.13729,0,0,0,0,0,0,0,0,0,0
1112.17001,0,0,0,0,0,0,117.4039005,0,0,0
444.97655,0,0,82.26711021,0,0,0,0,0,0,0
1356.17049,0,0,0,0,0,0,0,74.92297519,0,0
1510.18168,0,0,0,0,0,0,0,74.9024488,0,0
1301.01455,0,72.43025669,0,0,0,0,0,0,0,0
1166.5601,104.4553979,0,0,0,0,0,0,0,0,0
1191.12204,104.3753543,0,0,0,0,0,0,0,0,0
1423.10957,104.2783549,0,0,0,0,0,0,0,0,0
1034.07659,0,0,0,0,130.882487,0,0,0,0,0
710.05618,0,0,0,0,0,0,0,0,0,0
795.88043,0,0,0,0,0,0,0,74.22951076,0,0
454.06031,0,0,0,0,0,0,0,0,169.8243461,0
848.39306,0,0,0,0,0,0,0,0,0,0
1056.1317,0,0,0,0,0,0,0,73.88298557,0,0
875.21584,0,0,0,0,0,0,0,0,0,0
1210.61992,0,0,0,0,0,153.4883968,0,0,0,0
442.1836,0,0,80.77734375,0,0,0,0,0,0,0
1281.33814,0,0,0,0,0,0,0,0,168.5064962,0
943.41882,0,0,0,0,0,0,0,0,0,0
1136.98611,0,71.23569307,0,0,0,0,0,0,0,0
1402.31859,0,0,80.27206083,0,0,0,0,0,0,0
1449.00658,0,0,0,0,0,0,0,0,0,0
1205.6064,0,0,80.15541583,0,0,0,0,0,0,0
602.22911,0,70.72427387,0,0,0,0,0,0,0,0
956.14957,0,0,0,0,0,0,0,72.57976911,0,0
914.13472,0,0,0,0,0,0,0,0,0,0
672.43243,101.4439557,0,0,0,0,0,0,0,0,0
681.31652,0,0,0,0,0,150.8211092,0,0,0,0
1122.22629,0,0,0,0,0,0,0,72.38112513,0,0
1167.68789,0,0,0,57.10458985,0,0,0,0,0,0
818.16053,0,0,0,0,0,0,0,0,0,91.26631248
482.16816,0,0,0,0,0,149.6418457,0,0,0,0
543.44303,0,0,0,0,0,0,0,71.90422886,0,0
1217.979,0,0,0,0,126.2081489,0,0,0,0,0
1384.10836,0,0,78.77792021,0,0,0,0,0,0,0
1619.95081,0,0,78.70822486,0,0,0,0,0,0,0
854.27153,0,0,0,0,0,0,0,0,0,0
1232.74155,0,0,0,0,0,0,112.1448503,0,0,0
420.19488,0,0,78.59232583,0,0,0,0,0,0,0
709.2977,0,58.43367763,0,0,0,0,0,0,0,0
1160.67744,99.99453814,0,0,0,0,0,0,0,0,0
1423.14151,0,69.08490104,0,0,0,0,0,0,0,0
532.03472,99.61115531,0,0,0,0,0,0,0,0,0
1457.92826,0,0,78.09111868,0,0,0,0,0,0,0
1103.90855,0,68.95610264,0,0,0,0,0,0,0,0
1384.15824,0,0,0,0,0,0,0,0,0,0
1250.04009,0,0,0,0,0,0,0,70.67157835,0,0
1079.59256,0,0,0,0,0,0,0,70.66223918,0,0
608.16224,0,0,0,0,0,0,0,0,0,0
883.10284,0,0,0,55.75805175,0,0,0,0,0,0
428.32094,0,0,0,0,0,146.6537058,0,0,0,0
1181.80522,0,0,0,0,0,0,0,0,0,0
1510.18047,0,68.36108847,0,0,0,0,0,0,0,0
1560.16003,0,68.26522362,0,0,0,0,0,0,0,0
857.97713,0,0,0,0,0,0,0,0,0,0
1360.84918,0,0,0,0,0,0,0,70.3517788,0,0
426.21422,0,0,0,25.11906494,0,0,0,0,0,0
1486.39724,0,0,0,0,0,0,0,0,0,0
1019.29027,0,0,0,0,0,0,0,0,0,0
1424.14486,65.38023282,0,0,0,0,0,0,0,0,0
716.0829,0,0,0,55.3311621,0,0,0,0,0,0
636.33417,0,0,0,0,0,0,0,70.0236538,0,0
1143.04951,0,0,0,0,0,0,0,70.00577905,0,0
699.46179,0,0,0,0,0,145.2258043,0,0,0,0
1555.03118,0,0,76.56393771,0,0,0,0,0,0,0
1509.01227,0,0,0,0,0,0,0,69.65951348,0,0
758.38114,0,0,0,0,0,144.5842928,0,0,0,0
758.30921,0,0,0,0,0,144.1000849,0,0,0,0
1101.55474,0,0,0,0,0,0,0,0,0,0
758.10615,0,0,0,54.70569825,0,0,0,0,0,0
678.94433,0,67.03430552,0,0,0,0,0,0,0,0
1519.16161,0,0,75.81863743,0,0,0,0,0,0,0
382.02452,0,66.97660442,0,0,0,0,0,0,0,0
1455.0109,0,0,75.66429306,0,0,0,0,0,0,0
1071.54313,0,0,0,0,0,0,0,0,0,0
464.22328,0,0,0,0,0,0,0,0,0,0
1032.01127,0,0,0,54.3145459,0,0,0,0,0,0
763.3806,0,0,0,0,0,0,0,0,0,0
1044.99515,0,0,0,0,0,0,107.4463181,0,0,0
1278.97531,0,66.51266534,0,0,0,0,0,0,0,0
1427.71596,0,0,0,54.0977344,0,0,0,0,0,0
816.86402,0,66.31676571,0,0,0,0,0,0,0,0
1288.13113,0,0,0,0,0,0,0,0,0,86.0505
1063.02345,0,0,0,53.75490725,0,0,0,0,0,0
1031.11022,0,0,0,53.6963672,0,0,0,0,0,0
1247.54548,0,0,0,53.5925879,0,0,0,0,0,0
656.31806,94.7913008,0,0,0,0,0,0,0,0,0
825.85926,0,0,0,0,0,0,0,0,0,0
788.08678,0,0,0,0,0,0,0,67.75194076,0,0
394.92904,94.60150204,0,0,0,0,0,0,0,0,0
807.87587,0,0,0,0,0,0,0,67.63335025,0,0
640.22323,0,0,0,0,0,0,0,67.61896139,0,0
924.07587,0,0,0,0,0,0,0,67.52574911,0,0
497.83786,0,0,0,0,0,0,0,0,0,85.33485936
924.55664,94.29528487,0,0,0,0,0,0,0,0,0
1167.86857,0,0,73.79254153,0,0,0,0,0,0,0
1193.17167,0,65.18894387,0,0,0,0,0,0,0,0
633.8907,0,0,0,0,0,139.7780247,0,0,0,0
740.06758,0,0,0,0,0,0,0,0,0,0
1437.91185,0,0,0,0,0,0,0,0,0,0
1210.96666,0,0,73.65995278,0,0,0,0,0,0,0
1636.97816,0,0,73.58367243,0,0,0,0,0,0,0
1675.14824,0,0,0,0,0,0,0,0,153.5355949,0
1084.12123,0,0,0,52.84089845,0,0,0,0,0,0
1083.37307,0,0,0,0,116.9553277,0,0,0,0,0
1303.99877,0,0,0,0,0,0,104.1367671,0,0,0
875.97292,0,0,0,0,0,0,0,0,152.2626387,0
1097.3287,0,0,0,52.49788575,0,0,0,0,0,0
864.21466,0,0,0,0,0,0,0,0,152.0790591,0
1559.1321,0,0,0,52.46501955,0,0,0,0,0,0
1246.86325,92.80855053,0,0,0,0,0,0,0,0,0
950.10549,0,0,0,0,0,0,0,0,0,83.80021096
1514.40707,0,0,0,0,0,0,0,0,151.8110281,0
1251.63227,0,0,0,0,0,137.5933003,0,0,0,0
1455.0039,0,0,72.53344049,0,0,0,0,0,0,0
549.93933,0,0,0,0,0,0,103.2496133,0,0,0
1247.38195,0,0,0,0,0,0,0,0,0,0
953.67041,0,0,0,0,0,0,102.8311031,0,0,0
987.08806,0,0,0,0,0,0,0,0,0,83.04804688
1561.34365,0,0,0,0,0,0,0,0,0,0
1417.36817,0,0,0,0,115.1155816,0,0,0,0,0
855.27752,0,63.54422687,0,0,0,0,0,0,0,0
1265.60379,0,0,0,0,115.0133138,0,0,0,0,0
1047.36061,91.56085796,0,0,0,0,0,0,0,0,0
1695.06354,0,0,0,0,0,0,0,65.40454411,0,0
603.51122,0,0,0,0,0,135.9009432,0,0,0,0
840.84147,0,0,0,0,0,0,0,65.27636101,0,0
1018.09059,0,0,0,0,114.5840494,0,0,0,0,0
1202.76228,0,0,0,0,0,0,0,0,0,0
912.432,91.13191372,0,0,0,0,0,0,0,0,0
1283.24506,0,0,0,0,114.3467122,0,0,0,0,0
1560.35106,0,0,0,0,0,0,0,0,0,0
758.55399,0,0,0,0,113.8709852,0,0,0,0,0
919.41966,90.6575377,0,0,0,0,0,0,0,0,0
1031.11165,0,0,0,0,0,0,0,0,0,0
708.37012,0,62.71050012,0,0,0,0,0,0,0,0
869.33471,0,0,0,0,0,134.4226974,0,0,0,0
886.14206,0,0,0,0,0,0,0,0,0,0
493.01876,0,0,0,0,0,0,0,0,0,0
530.07575,90.06304442,0,0,0,0,0,0,0,0,0
1043.28632,0,0,0,0,112.9174262,0,0,0,0,0
864.12844,0,0,0,0,0,0,0,64.31878582,0,0
1332.87219,0,0,0,0,0,0,100.484665,0,0,0
1384.15714,0,0,70.42524549,0,0,0,0,0,0,0
1115.12285,0,0,0,50.514292,0,0,0,0,0,0
1413.09882,0,0,0,0,111.85523,0,0,0,0,0
1360.99191,0,0,69.87253146,0,0,0,0,0,0,0
1809.09117,0,0,69.85951743,0,0,0,0,0,0,0
800.41661,0,0,0,0,0,0,0,0,0,80.45843752
1052.65921,0,0,0,0,0,0,0,0,0,0
1470.83449,0,0,69.44595674,0,0,0,0,0,0,0
524.14871,0,0,0,0,0,131.1016781,0,0,0,0
1129.30968,0,0,0,0,110.6925456,0,0,0,0,0
1329.1377,0,0,0,49.55041992,0,0,0,0,0,0
1511.18476,0,0,0,0,0,0,0,62.53599684,0,0
1425.70685,0,0,0,0,0,0,0,0,0,0
690.32157,0,0,0,0,0,0,0,0,0,0
550.26525,0,0,0,0,0,129.2623741,0,0,0,0
1253.12752,0,60.21892374,0,0,0,0,0,0,0,0
1074.55682,0,0,68.1199273,0,0,0,0,0,0,0
1245.66589,0,60.14643045,0,0,0,0,0,0,0,0
1457.11813,0,59.90296084,0,0,0,0,0,0,0,0
654.31732,0,0,0,0,0,128.3841489,0,0,0,0
713.30748,0,0,0,0,0,128.3024388,0,0,0,0
805.89716,0,0,0,0,0,0,0,61.69944126,0,0
1084.12656,0,0,0,0,0,0,0,0,141.2258548,0
563.18363,0,0,0,0,0,0,0,61.67432877,0,0
1492.90763,0,0,67.64737956,0,0,0,0,0,0,0
736.25412,0,0,67.50258382,0,0,0,0,0,0,0
1328.01397,0,0,67.47287326,0,0,0,0,0,0,0
1486.88538,0,0,67.33651394,0,0,0,0,0,0,0
709.97248,0,0,0,0,107.6356445,0,0,0,0,0
924.11133,0,0,0,48.40770508,0,0,0,0,0,0
933.9631,0,0,0,0,0,0,0,0,0,77.3409375
444.21779,0,0,0,0,0,0,0,61.18295095,0,0
1361.0738,0,0,0,0,0,0,0,61.17971841,0,0
480.26947,0,0,0,48.26761719,0,0,0,0,0,0
1059.1339,0,0,0,48.21011719,0,0,0,0,0,0
924.07858,0,0,0,0,0,0,0,0,0,0
382.11314,0,0,0,0,0,0,95.18842822,0,0,0
1485.95112,0,0,0,0,0,0,0,60.69260532,0,0
632.2496,0,0,66.47981771,0,0,0,0,0,0,0
596.23739,0,0,0,0,0,0,0,60.52589127,0,0
762.03114,0,0,0,0,0,0,0,0,0,0
1000.06446,0,58.28190903,0,0,0,0,0,0,0,0
730.08436,0,0,0,47.49759278,0,0,0,0,0,0
414.92417,0,0,0,0,0,0,0,60.09082031,0,0
1419.1272,0,0,0,47.37208985,0,0,0,0,0,0
1238.13164,0,58.11849358,0,0,0,0,0,0,0,0
840.15688,0,0,0,0,0,0,0,0,137.0587636,0
1181.15832,0,0,65.61336941,0,0,0,0,0,0,0
1167.62744,0,0,0,0,0,0,0,0,136.6330956,0
1281.12873,0,0,0,0,0,0,0,0,0,0
1058.3417,0,0,0,0,0,0,0,0,0,0
1320.911,0,0,0,0,0,0,0,0,0,0
398.12542,0,44.0288026,0,0,0,0,0,0,0,0
1519.15214,0,0,0,0,0,0,0,59.20355765,0,0
527.37817,82.73570589,0,0,0,0,0,0,0,0,0
752.17026,0,0,64.81774224,0,0,0,0,0,0,0
876.02861,0,0,0,46.64750489,0,0,0,0,0,0
648.31742,82.39864491,0,0,0,0,0,0,0,0,0
1494.14718,0,0,0,46.49428223,0,0,0,0,0,0
1425.15627,0,0,0,0,0,0,0,58.46915175,0,0
1087.23498,0,0,0,0,0,0,0,0,0,73.70185938
786.08013,0,0,0,0,102.3391493,0,0,0,0,0
790.10902,0,0,0,0,0,0,0,0,0,0
1190.15394,0,0,63.56976318,0,0,0,0,0,0,0
556.24712,0,0,63.34415012,0,0,0,0,0,0,0
1520.13984,0,0,0,0,0,0,0,0,0,72.93270313
1519.05226,0,55.84623634,0,0,0,0,0,0,0,0
1347.12443,0,0,0,45.44349121,0,0,0,0,0,0
1376.35671,0,0,0,0,0,0,0,57.42248072,0,0
429.02079,0,0,0,0,0,0,0,57.36820115,0,0
582.2184,0,0,0,0,0,0,0,0,0,0
1116.06415,0,0,0,0,0,0,0,0,0,0
1165.55938,79.86389484,0,0,0,0,0,0,0,0,0
931.54865,79.78178581,0,0,0,0,0,0,0,0,0
856.44869,0,0,0,45.00221192,0,0,0,0,0,0
1074.53292,79.42785536,0,0,0,0,0,0,0,0,0
1101.53188,0,0,0,0,0,0,0,0,0,0
1129.50266,0,0,0,0,0,117.3620477,0,0,0,0
616.02096,0,54.6247304,0,0,0,0,0,0,0,0
523.23511,0,0,0,0,0,0,0,56.18762361,0,0
1564.87426,0,0,0,0,0,0,0,0,0,0
1490.03465,0,0,0,0,0,0,0,56.14712718,0,0
1528.83951,0,0,61.48472765,0,0,0,0,0,0,0
882.55036,0,0,0,0,0,0,87.65167659,0,0,0
578.28273,78.30338254,0,0,0,0,0,0,0,0,0
1092.54503,78.25499516,0,0,0,0,0,0,0,0,0
1135.9385,0,54.15424296,0,0,0,0,0,0,0,0
1218.05801,0,0,60.96708171,0,0,0,0,0,0,0
1312.02255,0,53.68373754,0,0,0,0,0,0,0,0
497.34559,77.23913682,0,0,0,0,0,0,0,0,0
383.00882,0,0,0,43.61777344,0,0,0,0,0,0
1189.60006,0,53.43017878,0,0,0,0,0,0,0,0
1486.74669,0,0,0,0,0,0,0,0,0,0
476.13938,0,0,0,0,0,0,0,0,0,0
386.07006,0,0,0,0,0,0,0,0,0,0
1292.01984,0,52.81784413,0,0,0,0,0,0,0,0
983.46783,0,0,0,0,0,113.1684956,0,0,0,0
1161.97181,0,0,0,0,0,0,0,0,0,0
780.38236,0,0,0,42.56097168,0,0,0,0,0,0
386.0991,0,0,0,0,0,0,0,0,0,0
1359.17393,0,0,0,0,0,0,0,0,0,0
372.99612,0,0,0,0,0,0,0,0,0,0
870.56774,74.86062812,0,0,0,0,0,0,0,0,0
378.0558,0,0,0,0,0,0,0,0,0,0
1581.97993,0,0,0,0,0,0,0,0,0,0
910.13347,0,0,0,0,0,0,83.03141438,0,0,0
1502.95809,0,0,58.18364801,0,0,0,0,0,0,0
1339.62354,0,0,0,0,0,0,0,53.00105691,0,0
888.39921,74.05701224,0,0,0,0,0,0,0,0,0
968.1069,0,0,0,0,0,0,0,0,0,66.92686718
965.88806,0,0,0,0,0,0,0,0,121.0931131,0
1032.62753,73.90969821,0,0,0,0,0,0,0,0,0
1619.9875,0,0,0,0,0,0,0,52.81669675,0,0
1094.50449,0,51.18125719,0,0,0,0,0,0,0,0
1433.04354,0,0,0,0,0,0,0,0,0,0
580.08671,0,0,0,0,0,109.5255448,0,0,0,0
1230.06681,0,0,0,0,0,0,0,0,0,0
1028.69115,0,50.55362706,0,0,0,0,0,0,0,0
374.0041,0,0,0,0,0,0,0,0,0,0
960.55513,0,0,0,0,0,0,0,0,0,0
1220.11169,0,0,0,0,0,0,0,0,118.5700931,0
842.57063,0,0,0,0,0,0,0,0,0,0
1053.6568,0,50.07701364,0,0,0,0,0,0,0,0
1378.04932,0,0,0,0,0,0,0,51.64402442,0,0
1068.53036,0,0,0,0,0,0,0,0,0,0
1098.24952,0,0,0,40.7062378,0,0,0,0,0,0
1057.50561,0,0,0,0,0,106.4692704,0,0,0,0
1285.85733,0,0,0,0,0,0,0,0,0,64.67586328
1124.69534,0,0,0,0,0,0,0,51.09905001,0,0
1003.36421,71.06141109,0,0,0,0,0,0,0,0,0
1052.50296,70.82350577,0,0,0,0,0,0,0,0,0
490.2123,70.69743847,0,0,0,0,0,0,0,0,0
1014.83484,0,0,0,0,0,0,78.84927579,0,0,0
738.12163,0,0,0,0,0,0,0,0,0,0
1002.00654,0,0,0,0,0,0,0,0,0,0
839.22438,0,0,54.68732367,0,0,0,0,0,0,0
1525.78286,0,0,54.3559706,0,0,0,0,0,0,0
1014.47063,0,0,0,0,0,0,0,0,0,62.59811718
976.05696,0,47.92749173,0,0,0,0,0,0,0,0
1516.03107,0,0,0,0,0,0,0,49.43316728,0,0
1081.54458,0,0,53.84051853,0,0,0,0,0,0,0
1066.4802,0,0,0,0,0,101.6052567,0,0,0,0
938.41916,0,47.29087783,0,0,0,0,0,0,0,0
1463.14043,0,0,0,0,0,101.3496158,0,0,0,0
400.16452,0,0,0,0,0,0,0,0,111.6222543,0
1520.1104,0,0,0,0,0,101.3003572,0,0,0,0
883.11966,0,0,0,38.48792725,0,0,0,0,0,0
882.46119,0,0,53.40067885,0,0,0,0,0,0,0
1411.80909,67.89245713,0,0,0,0,0,0,0,0,0
1027.50265,0,0,0,38.35886719,0,0,0,0,0,0
1072.6094,0,0,0,0,0,0,75.55506458,0,0,0
844.07587,0,0,0,0,0,0,0,0,0,61.03461328
1272.05057,0,0,0,0,0,0,0,48.27302339,0,0
914.39208,0,0,0,0,0,99.73589124,0,0,0,0
1191.08277,0,0,0,0,0,0,74.79209854,0,0,0
698.34548,0,0,0,0,0,0,74.76685295,0,0,0
708.17832,0,0,0,0,0,0,74.73593653,0,0,0
1407.75768,0,0,0,37.68475098,0,0,0,0,0,0
1512.86039,0,0,52.25776842,0,0,0,0,0,0,0
500.24598,0,0,51.92577786,0,0,0,0,0,0,0
950.59592,0,0,0,0,0,0,0,46.85272758,0,0
1156.98528,0,0,0,0,0,0,0,0,0,0
407.00221,0,44.92922917,0,0,0,0,0,0,0,0
408.04308,0,0,0,0,81.12650824,0,0,0,0,0
1005.84148,0,0,0,0,0,0,0,0,0,0
1425.13801,0,0,0,36.26740723,0,0,0,0,0,0
910.43391,0,0,0,0,0,0,0,0,0,57.85089062
448.17728,0,0,0,0,0,0,0,0,0,0
1357.15563,0,0,0,0,0,0,0,0,0,57.24294531
1256.14912,0,0,0,0,0,0,0,45.27218898,0,0
1385.03606,62.84228948,0,0,0,0,0,0,0,0,0
794.15051,62.83486155,0,0,0,0,0,0,0,0,0
1292.13162,0,0,0,0,78.67900933,0,0,0,0,0
1044.52431,0,0,0,0,0,0,0,0,0,0
810.51187,0,0,0,0,0,0,0,44.71849659,0,0
1012.28357,0,0,0,0,0,0,0,44.66329299,0,0
859.60472,0,0,0,0,0,92.80017089,0,0,0,0
644.31553,0,0,0,0,0,92.68522563,0,0,0,0
1256.17314,0,0,0,0,77.86451823,0,0,0,0,0
470.23488,0,0,0,0,0,91.67310855,0,0,0,0
924.08489,0,0,0,0,77.22750109,0,0,0,0,0
608.37314,61.12708276,0,0,0,0,0,0,0,0,0
846.4279,0,0,0,0,76.49996202,0,0,0,0,0
744.31835,0,0,0,0,0,0,0,0,0,0
1428.04399,0,41.97978875,0,0,0,0,0,0,0,0
1355.10633,0,0,0,0,0,0,67.70463336,0,0,0
1649.02266,0,0,47.47954305,0,0,0,0,0,0,0
1356.16847,0,0,46.85295274,0,0,0,0,0,0,0
928.48396,0,41.37924775,0,0,0,0,0,0,0,0
1306.10049,0,0,0,33.69890625,0,0,0,0,0,0
1182.0147,0,0,0,0,74.66863064,0,0,0,0,0
964.47395,0,0,0,0,0,0,0,0,0,0
1251.64751,0,0,0,0,0,0,0,0,0,0
669.32109,0,0,0,0,0,0,65.34323271,0,0,0
392.21922,0,0,0,0,0,0,0,0,0,0
858.42535,0,0,0,0,0,0,64.51710435,0,0,0
1013.85541,0,0,0,0,0,0,0,0,0,0
414.15862,57.66003094,0,0,0,0,0,0,0,0,0
572.28854,0,39.90790356,0,0,0,0,0,0,0,0
1452.98632,0,0,0,0,0,0,0,0,0,0
432.1982,0,0,0,0,0,85.14683774,0,0,0,0
980.46703,0,0,0,0,0,85.10888029,0,0,0,0
1421.6979,0,0,0,0,0,83.69193308,0,0,0,0
1042.47204,0,38.73839508,0,0,0,0,0,0,0,0
987.66548,0,0,0,0,0,82.67479826,0,0,0,0
991.45387,0,0,0,0,0,0,0,0,0,0
832.43803,0,38.05815939,0,0,0,0,0,0,0,0
786.38542,0,0,0,0,0,0,0,38.9091457,0,0
925.45685,0,0,0,0,0,0,0,0,0,0
800.39551,0,0,0,0,66.93889431,0,0,0,0,0
1082.50554,0,0,0,0,0,0,0,0,0,0
993.38554,0,0,0,0,0,0,0,0,85.26773381,0
991.06665,0,0,0,29.36049561,0,0,0,0,0,0
658.40585,0,35.88909425,0,0,0,0,0,0,0,0
1536.69157,0,0,0,29.09844727,0,0,0,0,0,0
1044.52577,0,0,0,0,0,0,57.12954924,0,0,0
432.21501,0,0,0,0,0,0,54.76232306,0,0,0
1191.83438,0,0,0,0,0,0,0,34.87420886,0,0
516.25948,0,0,0,0,0,0,0,0,0,43.79084766
1313.88402,0,0,0,0,0,0,0,0,0,0
1544.89323,0,33.12709392,0,0,0,0,0,0,0,0
1489.91476,0,0,0,0,0,0,51.34377901,0,0,0
1162.08222,0,0,0,0,0,67.6706543,0,0,0,0
1584.16356,0,0,0,25.63340576,0,0,0,0,0,0
926.4845,0,0,0,0,0,0,0,0,0,0
542.24432,0,0,0,0,0,0,0,0,0,0
474.21866,0,0,0,0,0,0,0,0,0,0
1273.17702,0,0,0,0,0,0,0,0,0,0
1288.61791,0,0,0,0,0,0,0,0,0,0
1195.53243,0,0,0,0,0,0,0,0,0,0